{"type":"FeatureCollection","features":[{"type":"Feature","geometry":{"type":"Polygon","coordinates":[[[2.2834396362304688,50.977453138899335],[2.2837400436401367,50.97564272183311],[2.28090763092041,50.975453569708975],[2.280607223510742,50.97726399414961],[2.2834396362304688,50.977453138899335]]]},"id":1331285268,"properties":{"GEO":"CRS3035RES200mN3124600E3780000","GEO_OBJECT":"C200M","OBS_STATUS":"I","lcog_geo":"59359,59183","ind":1,"men":0.3,"men_pauv":0,"men_1ind":0,"men_5ind":0.1,"men_prop":0.2,"men_fmp":0,"ind_snv":23871.4,"men_surf":39.3,"men_coll":0,"men_mais":0.3,"log_soc":0,"ind_inc":0,"log":0.30000000000000004,"ind_0_17":0.30000000000000004,"ind_65p":0.1}},{"type":"Feature","geometry":{"type":"Polygon","coordinates":[[[2.267904281616211,51.00168431292039],[2.268204689025879,50.99990184830918],[2.2653722763061523,50.99971279501554],[2.2650718688964844,51.001495266889776],[2.267904281616211,51.00168431292039]]]},"id":1331286281,"properties":{"GEO":"CRS3035RES200mN3127400E3779200","GEO_OBJECT":"C200M","OBS_STATUS":"I","lcog_geo":"59183","ind":4,"men":1.4,"men_pauv":0.1,"men_1ind":0.4,"men_5ind":0.2,"men_prop":0.9,"men_fmp":0.1,"ind_snv":87010.4,"men_surf":154.6,"men_coll":0,"men_mais":1.4,"log_soc":0,"ind_inc":0,"log":1.4000000000000001,"ind_0_17":0.8999999999999999,"ind_65p":0.2}},{"type":"Feature","geometry":{"type":"Polygon","coordinates":[[[2.27266788482666,51.007436345235504],[2.272968292236328,51.00565410162244],[2.2701358795166016,51.005465071768185],[2.2698354721069336,51.00724732264399],[2.27266788482666,51.007436345235504]]]},"id":1331286508,"properties":{"GEO":"CRS3035RES200mN3128000E3779600","GEO_OBJECT":"C200M","OBS_STATUS":"I","lcog_geo":"59183,59271","ind":14,"men":5.4,"men_pauv":1.1,"men_1ind":1.6,"men_5ind":0.3,"men_prop":3.5,"men_fmp":0,"ind_snv":347278,"men_surf":512.3,"men_coll":0.5,"men_mais":4.9,"log_soc":0,"ind_inc":0,"log":5.4,"ind_0_17":4,"ind_65p":3.5}},{"type":"Feature","geometry":{"type":"Polygon","coordinates":[[[2.272367477416992,51.00921852037217],[2.27266788482666,51.007436345235504],[2.2698354721069336,51.00724732264399],[2.2695350646972656,51.00902950504323],[2.272367477416992,51.00921852037217]]]},"id":1331286578,"properties":{"GEO":"CRS3035RES200mN3128200E3779600","GEO_OBJECT":"C200M","OBS_STATUS":"I","lcog_geo":"59183","ind":4,"men":1.5,"men_pauv":0.3,"men_1ind":0.5,"men_5ind":0.1,"men_prop":1,"men_fmp":0,"ind_snv":99222.3,"men_surf":146.4,"men_coll":0.1,"men_mais":1.4,"log_soc":0,"ind_inc":0,"log":1.5000000000000002,"ind_0_17":1.2,"ind_65p":1}},{"type":"Feature","geometry":{"type":"Polygon","coordinates":[[[2.2698354721069336,51.00724732264399],[2.2701358795166016,51.005465071768185],[2.267303466796875,51.005276041143645],[2.267003059387207,51.007058299282136],[2.2698354721069336,51.00724732264399]]]},"id":1331286507,"properties":{"GEO":"CRS3035RES200mN3128000E3779400","GEO_OBJECT":"C200M","OBS_STATUS":"I","lcog_geo":"59183,59271","ind":23,"men":8.8,"men_pauv":1.8,"men_1ind":2.7,"men_5ind":0.4,"men_prop":5.8,"men_fmp":0,"ind_snv":570528.1,"men_surf":841.7,"men_coll":0.9,"men_mais":7.9,"log_soc":0,"ind_inc":0,"log":8.8,"ind_0_17":6.699999999999999,"ind_65p":5.7}},{"type":"Feature","geometry":{"type":"Polygon","coordinates":[[[2.267003059387207,51.007058299282136],[2.267303466796875,51.005276041143645],[2.2644710540771484,51.00508700974879],[2.2641706466674805,51.006869275149995],[2.267003059387207,51.007058299282136]]]},"id":1331286506,"properties":{"GEO":"CRS3035RES200mN3128000E3779200","GEO_OBJECT":"C200M","OBS_STATUS":"I","lcog_geo":"59183","ind":2,"men":0.8,"men_pauv":0.2,"men_1ind":0.2,"men_5ind":0,"men_prop":0.5,"men_fmp":0,"ind_snv":49611.1,"men_surf":73.2,"men_coll":0.1,"men_mais":0.7,"log_soc":0,"ind_inc":0,"log":0.8,"ind_0_17":0.5,"ind_65p":0.6}},{"type":"Feature","geometry":{"type":"Polygon","coordinates":[[[2.253270149230957,51.02058502607764],[2.253570556640625,51.018803287716],[2.2507381439208984,51.01861431144937],[2.2504377365112305,51.02039605707304],[2.253270149230957,51.02058502607764]]]},"id":1331287028,"properties":{"GEO":"CRS3035RES200mN3129600E3778400","GEO_OBJECT":"C200M","OBS_STATUS":"I","lcog_geo":"59183","ind":14,"men":6.1,"men_pauv":1.3,"men_1ind":1.3,"men_5ind":0,"men_prop":6.1,"men_fmp":0,"ind_snv":358241,"men_surf":644.4,"men_coll":0,"men_mais":6.1,"log_soc":0,"ind_inc":0,"log":6.1,"ind_0_17":0.9,"ind_65p":4.800000000000001}},{"type":"Feature","geometry":{"type":"Polygon","coordinates":[[[2.252368927001953,51.025929830348076],[2.252669334411621,51.02414829739274],[2.2498369216918945,51.023959342911866],[2.2495365142822266,51.02574088312886],[2.252368927001953,51.025929830348076]]]},"id":1331287188,"properties":{"GEO":"CRS3035RES200mN3130200E3778400","GEO_OBJECT":"C200M","OBS_STATUS":"I","lcog_geo":"59183","ind":2,"men":0.8,"men_pauv":0.2,"men_1ind":0.2,"men_5ind":0,"men_prop":0.5,"men_fmp":0,"ind_snv":49611.1,"men_surf":73.2,"men_coll":0.1,"men_mais":0.7,"log_soc":0,"ind_inc":0,"log":0.8,"ind_0_17":0.5,"ind_65p":0.6}},{"type":"Feature","geometry":{"type":"Polygon","coordinates":[[[2.253570556640625,51.018803287716],[2.253870964050293,51.01699448328392],[2.2510385513305664,51.016805499645216],[2.2507381439208984,51.01861431144937],[2.253570556640625,51.018803287716]]]},"id":1331286981,"properties":{"GEO":"CRS3035RES200mN3129400E3778400","GEO_OBJECT":"C200M","OBS_STATUS":"I","lcog_geo":"59183","ind":15,"men":6.6,"men_pauv":1.4,"men_1ind":1.4,"men_5ind":0,"men_prop":6.6,"men_fmp":0,"ind_snv":383829.6,"men_surf":690.5,"men_coll":0,"men_mais":6.6,"log_soc":0,"ind_inc":0,"log":6.6,"ind_0_17":0.9,"ind_65p":5.2}},{"type":"Feature","geometry":{"type":"Polygon","coordinates":[[[2.2507381439208984,51.01861431144937],[2.2510385513305664,51.016805499645216],[2.2481632232666016,51.01661651523628],[2.2478628158569336,51.0184253344126],[2.2507381439208984,51.01861431144937]]]},"id":1331286980,"properties":{"GEO":"CRS3035RES200mN3129400E3778200","GEO_OBJECT":"C200M","OBS_STATUS":"I","lcog_geo":"59183","ind":3,"men":1.3,"men_pauv":0.3,"men_1ind":0.3,"men_5ind":0,"men_prop":1.3,"men_fmp":0,"ind_snv":76765.9,"men_surf":138.1,"men_coll":0,"men_mais":1.3,"log_soc":0,"ind_inc":0,"log":1.2999999999999998,"ind_0_17":0.2,"ind_65p":1}},{"type":"Feature","geometry":{"type":"Polygon","coordinates":[[[2.2504377365112305,51.02039605707304],[2.2507381439208984,51.01861431144937],[2.2478628158569336,51.0184253344126],[2.247605323791504,51.02020708729822],[2.2504377365112305,51.02039605707304]]]},"id":1331287027,"properties":{"GEO":"CRS3035RES200mN3129600E3778200","GEO_OBJECT":"C200M","OBS_STATUS":"A","lcog_geo":"59183","ind":73,"men":32,"men_pauv":5,"men_1ind":12,"men_5ind":2,"men_prop":21,"men_fmp":1,"ind_snv":1744915.7,"men_surf":2659,"men_coll":0,"men_mais":32,"log_soc":8,"ind_inc":0,"log":32,"ind_0_17":10,"ind_65p":7}},{"type":"Feature","geometry":{"type":"Polygon","coordinates":[[[2.2501373291015625,51.02217773422689],[2.2504377365112305,51.02039605707304],[2.247605323791504,51.02020708729822],[2.247304916381836,51.02198877171398],[2.2501373291015625,51.02217773422689]]]},"id":1331287078,"properties":{"GEO":"CRS3035RES200mN3129800E3778200","GEO_OBJECT":"C200M","OBS_STATUS":"A","lcog_geo":"59183","ind":91,"men":33,"men_pauv":11,"men_1ind":13,"men_5ind":7,"men_prop":8,"men_fmp":4,"ind_snv":1548163,"men_surf":2819,"men_coll":0,"men_mais":33,"log_soc":20,"ind_inc":0,"log":33,"ind_0_17":34,"ind_65p":15}},{"type":"Feature","geometry":{"type":"Polygon","coordinates":[[[2.2415971755981445,51.02161084437759],[2.2418975830078125,51.019829145437996],[2.239065170288086,51.01964017335257],[2.238764762878418,51.02142187955411],[2.2415971755981445,51.02161084437759]]]},"id":1331287077,"properties":{"GEO":"CRS3035RES200mN3129800E3777600","GEO_OBJECT":"C200M","OBS_STATUS":"I","lcog_geo":"59359,59183","ind":2,"men":0.8,"men_pauv":0.2,"men_1ind":0.2,"men_5ind":0,"men_prop":0.5,"men_fmp":0,"ind_snv":49611.1,"men_surf":73.2,"men_coll":0.1,"men_mais":0.7,"log_soc":0,"ind_inc":0,"log":0.8,"ind_0_17":0.5,"ind_65p":0.6}},{"type":"Feature","geometry":{"type":"Polygon","coordinates":[[[2.4333858489990234,51.04152881492524],[2.4336862564086914,51.03974788154369],[2.430853843688965,51.03955899065443],[2.430553436279297,51.04136691471945],[2.4333858489990234,51.04152881492524]]]},"id":1331287324,"properties":{"GEO":"CRS3035RES200mN3130600E3791200","GEO_OBJECT":"C200M","OBS_STATUS":"I","lcog_geo":"59588,59183","ind":11,"men":4.8,"men_pauv":0.4,"men_1ind":0,"men_5ind":0,"men_prop":4,"men_fmp":0.4,"ind_snv":368167.7,"men_surf":831.6,"men_coll":0,"men_mais":4.8,"log_soc":0,"ind_inc":0,"log":4.800000000000001,"ind_0_17":0.4,"ind_65p":3.5}},{"type":"Feature","geometry":{"type":"Polygon","coordinates":[[[2.422356605529785,51.03901929815592],[2.422614097595215,51.0372382683079],[2.4197816848754883,51.03704936718728],[2.4194812774658203,51.03883040429628],[2.422356605529785,51.03901929815592]]]},"id":1331287281,"properties":{"GEO":"CRS3035RES200mN3130400E3790400","GEO_OBJECT":"C200M","OBS_STATUS":"A","lcog_geo":"59588,59183","ind":75,"men":35,"men_pauv":1,"men_1ind":7,"men_5ind":0,"men_prop":35,"men_fmp":0,"ind_snv":2398918.6,"men_surf":4216,"men_coll":0,"men_mais":35,"log_soc":0,"ind_inc":0,"log":35,"ind_0_17":4,"ind_65p":38}},{"type":"Feature","geometry":{"type":"Polygon","coordinates":[[[2.4277210235595703,51.041178030430956],[2.4280214309692383,51.03939708356498],[2.4251890182495117,51.03920819124548],[2.4248886108398438,51.04098914537235],[2.4277210235595703,51.041178030430956]]]},"id":1331287323,"properties":{"GEO":"CRS3035RES200mN3130600E3790800","GEO_OBJECT":"C200M","OBS_STATUS":"I","lcog_geo":"59183,59588","ind":21,"men":8.3,"men_pauv":0.8,"men_1ind":1.5,"men_5ind":0.9,"men_prop":7.3,"men_fmp":0.5,"ind_snv":573137.4,"men_surf":996.6,"men_coll":0,"men_mais":8.3,"log_soc":0,"ind_inc":0,"log":8.3,"ind_0_17":4.2,"ind_65p":6.4}},{"type":"Feature","geometry":{"type":"Polygon","coordinates":[[[2.4248886108398438,51.04098914537235],[2.4251890182495117,51.03920819124548],[2.422356605529785,51.03901929815592],[2.422056198120117,51.04080025954369],[2.4248886108398438,51.04098914537235]]]},"id":1331287322,"properties":{"GEO":"CRS3035RES200mN3130600E3790600","GEO_OBJECT":"C200M","OBS_STATUS":"I","lcog_geo":"59183,59588","ind":8,"men":3.2,"men_pauv":0.3,"men_1ind":0.6,"men_5ind":0.4,"men_prop":2.8,"men_fmp":0.2,"ind_snv":218338.1,"men_surf":379.6,"men_coll":0,"men_mais":3.2,"log_soc":0,"ind_inc":0,"log":3.1999999999999997,"ind_0_17":1.6,"ind_65p":2.4}},{"type":"Feature","geometry":{"type":"Polygon","coordinates":[[[2.4251890182495117,51.03920819124548],[2.4254894256591797,51.03740018294124],[2.422614097595215,51.0372382683079],[2.422356605529785,51.03901929815592],[2.4251890182495117,51.03920819124548]]]},"id":1331287282,"properties":{"GEO":"CRS3035RES200mN3130400E3790600","GEO_OBJECT":"C200M","OBS_STATUS":"A","lcog_geo":"59588","ind":55.5,"men":26,"men_pauv":1,"men_1ind":6,"men_5ind":1,"men_prop":25,"men_fmp":0,"ind_snv":1908863.7,"men_surf":3207,"men_coll":0,"men_mais":26,"log_soc":0,"ind_inc":0,"log":26,"ind_0_17":6.5,"ind_65p":26}},{"type":"Feature","geometry":{"type":"Polygon","coordinates":[[[2.422056198120117,51.04080025954369],[2.422356605529785,51.03901929815592],[2.4194812774658203,51.03883040429628],[2.4192237854003906,51.04061137294494],[2.422056198120117,51.04080025954369]]]},"id":1331287321,"properties":{"GEO":"CRS3035RES200mN3130600E3790400","GEO_OBJECT":"C200M","OBS_STATUS":"I","lcog_geo":"59183,59588","ind":2,"men":0.8,"men_pauv":0.1,"men_1ind":0.1,"men_5ind":0.1,"men_prop":0.7,"men_fmp":0,"ind_snv":54584.5,"men_surf":94.9,"men_coll":0,"men_mais":0.8,"log_soc":0,"ind_inc":0,"log":0.7999999999999999,"ind_0_17":0.5,"ind_65p":0.6000000000000001}},{"type":"Feature","geometry":{"type":"Polygon","coordinates":[[[2.4192237854003906,51.04061137294494],[2.4194812774658203,51.03883040429628],[2.4166488647460938,51.03864150966652],[2.416348457336426,51.04042248557607],[2.4192237854003906,51.04061137294494]]]},"id":1331287320,"properties":{"GEO":"CRS3035RES200mN3130600E3790200","GEO_OBJECT":"C200M","OBS_STATUS":"I","lcog_geo":"59183","ind":10,"men":4,"men_pauv":0.4,"men_1ind":0.7,"men_5ind":0.4,"men_prop":3.5,"men_fmp":0.2,"ind_snv":272922.6,"men_surf":474.6,"men_coll":0,"men_mais":4,"log_soc":0,"ind_inc":0,"log":4,"ind_0_17":2,"ind_65p":3}},{"type":"Feature","geometry":{"type":"Polygon","coordinates":[[[2.4194812774658203,51.03883040429628],[2.4197816848754883,51.03704936718728],[2.4169492721557617,51.03686046529651],[2.4166488647460938,51.03864150966652],[2.4194812774658203,51.03883040429628]]]},"id":1331287280,"properties":{"GEO":"CRS3035RES200mN3130400E3790200","GEO_OBJECT":"C200M","OBS_STATUS":"A","lcog_geo":"59588,59183","ind":36.5,"men":17,"men_pauv":3,"men_1ind":3,"men_5ind":0,"men_prop":16,"men_fmp":2,"ind_snv":1021514,"men_surf":1862,"men_coll":0,"men_mais":17,"log_soc":0,"ind_inc":0,"log":17,"ind_0_17":3.5,"ind_65p":20}},{"type":"Feature","geometry":{"type":"Polygon","coordinates":[[[2.4469900131225586,51.04603481029628],[2.4472904205322266,51.04425405013501],[2.4444580078125,51.04406517761768],[2.444157600402832,51.04584594503959],[2.4469900131225586,51.04603481029628]]]},"id":1331287407,"properties":{"GEO":"CRS3035RES200mN3131000E3792200","GEO_OBJECT":"C200M","OBS_STATUS":"I","lcog_geo":"59183,59588,59340","ind":21,"men":8.2,"men_pauv":1.2,"men_1ind":1.4,"men_5ind":0.5,"men_prop":7.5,"men_fmp":0.5,"ind_snv":528354.5,"men_surf":851.3,"men_coll":0,"men_mais":8.2,"log_soc":0,"ind_inc":0,"log":8.200000000000001,"ind_0_17":3.8,"ind_65p":4.4}},{"type":"Feature","geometry":{"type":"Polygon","coordinates":[[[2.446432113647461,51.04962310386338],[2.446732521057129,51.04784248165174],[2.443857192993164,51.0476536237656],[2.4435997009277344,51.04943425323762],[2.446432113647461,51.04962310386338]]]},"id":1331287493,"properties":{"GEO":"CRS3035RES200mN3131400E3792200","GEO_OBJECT":"C200M","OBS_STATUS":"A","lcog_geo":"59340,59183","ind":29,"men":11,"men_pauv":0,"men_1ind":0,"men_5ind":0,"men_prop":10,"men_fmp":1,"ind_snv":1005320.7,"men_surf":1337,"men_coll":0,"men_mais":11,"log_soc":0,"ind_inc":0,"log":11,"ind_0_17":7,"ind_65p":5}},{"type":"Feature","geometry":{"type":"Polygon","coordinates":[[[2.4435997009277344,51.04943425323762],[2.443857192993164,51.0476536237656],[2.4410247802734375,51.04746476510937],[2.4407243728637695,51.04924540184183],[2.4435997009277344,51.04943425323762]]]},"id":1331287492,"properties":{"GEO":"CRS3035RES200mN3131400E3792000","GEO_OBJECT":"C200M","OBS_STATUS":"A","lcog_geo":"59340,59183","ind":41,"men":19,"men_pauv":0,"men_1ind":3,"men_5ind":1,"men_prop":18,"men_fmp":1,"ind_snv":1424556.2,"men_surf":2220,"men_coll":0,"men_mais":19,"log_soc":0,"ind_inc":0,"log":19,"ind_0_17":5,"ind_65p":16}},{"type":"Feature","geometry":{"type":"Polygon","coordinates":[[[2.446732521057129,51.04784248165174],[2.4469900131225586,51.04603481029628],[2.444157600402832,51.04584594503959],[2.443857192993164,51.0476536237656],[2.446732521057129,51.04784248165174]]]},"id":1331287448,"properties":{"GEO":"CRS3035RES200mN3131200E3792200","GEO_OBJECT":"C200M","OBS_STATUS":"I","lcog_geo":"59340,59183","ind":11,"men":4.3,"men_pauv":0.6,"men_1ind":0.8,"men_5ind":0.3,"men_prop":3.9,"men_fmp":0.3,"ind_snv":276757.1,"men_surf":445.9,"men_coll":0,"men_mais":4.3,"log_soc":0,"ind_inc":0,"log":4.3,"ind_0_17":2.1,"ind_65p":2.3}},{"type":"Feature","geometry":{"type":"Polygon","coordinates":[[[2.444157600402832,51.04584594503959],[2.4444580078125,51.04406517761768],[2.4416255950927734,51.043876304330325],[2.4413251876831055,51.045684059920944],[2.444157600402832,51.04584594503959]]]},"id":1331287406,"properties":{"GEO":"CRS3035RES200mN3131000E3792000","GEO_OBJECT":"C200M","OBS_STATUS":"I","lcog_geo":"59183,59588","ind":2,"men":0.8,"men_pauv":0.1,"men_1ind":0.1,"men_5ind":0,"men_prop":0.7,"men_fmp":0,"ind_snv":50319.5,"men_surf":81.1,"men_coll":0,"men_mais":0.8,"log_soc":0,"ind_inc":0,"log":0.8,"ind_0_17":0.4,"ind_65p":0.4}},{"type":"Feature","geometry":{"type":"Polygon","coordinates":[[[2.44046688079834,51.05102597011924],[2.4407243728637695,51.04924540184183],[2.437891960144043,51.04905654967598],[2.437591552734375,51.05083712521375],[2.44046688079834,51.05102597011924]]]},"id":1331287529,"properties":{"GEO":"CRS3035RES200mN3131600E3791800","GEO_OBJECT":"C200M","OBS_STATUS":"A","lcog_geo":"59340","ind":141,"men":76,"men_pauv":18,"men_1ind":38,"men_5ind":3,"men_prop":19,"men_fmp":3,"ind_snv":2727555.2,"men_surf":5326,"men_coll":20,"men_mais":56,"log_soc":56,"ind_inc":0,"log":76,"ind_0_17":20,"ind_65p":55}},{"type":"Feature","geometry":{"type":"Polygon","coordinates":[[[2.4407243728637695,51.04924540184183],[2.4410247802734375,51.04746476510937],[2.438192367553711,51.04727590568308],[2.437891960144043,51.04905654967598],[2.4407243728637695,51.04924540184183]]]},"id":1331287491,"properties":{"GEO":"CRS3035RES200mN3131400E3791800","GEO_OBJECT":"C200M","OBS_STATUS":"I","lcog_geo":"59183,59340","ind":30,"men":10.6,"men_pauv":0.3,"men_1ind":1.2,"men_5ind":1.2,"men_prop":8.2,"men_fmp":0.3,"ind_snv":862960.3,"men_surf":1224.8,"men_coll":0,"men_mais":10.6,"log_soc":0,"ind_inc":0,"log":10.600000000000001,"ind_0_17":7,"ind_65p":7.9}},{"type":"Feature","geometry":{"type":"Polygon","coordinates":[[[2.4353599548339844,51.04708704548679],[2.4356603622436523,51.04530632577729],[2.432827949523926,51.04511745755036],[2.432527542114258,51.04689818452039],[2.4353599548339844,51.04708704548679]]]},"id":1331287447,"properties":{"GEO":"CRS3035RES200mN3131200E3791400","GEO_OBJECT":"C200M","OBS_STATUS":"I","lcog_geo":"59183","ind":17,"men":6,"men_pauv":0.2,"men_1ind":0.7,"men_5ind":0.7,"men_prop":4.6,"men_fmp":0.2,"ind_snv":489010.8,"men_surf":694.1,"men_coll":0,"men_mais":6,"log_soc":0,"ind_inc":0,"log":6.000000000000001,"ind_0_17":3.9,"ind_65p":4.5}},{"type":"Feature","geometry":{"type":"Polygon","coordinates":[[[2.4330854415893555,51.04333666212315],[2.4333858489990234,51.04152881492524],[2.430553436279297,51.04136691471945],[2.430253028869629,51.04314778586547],[2.4330854415893555,51.04333666212315]]]},"id":1331287367,"properties":{"GEO":"CRS3035RES200mN3130800E3791200","GEO_OBJECT":"C200M","OBS_STATUS":"I","lcog_geo":"59183,59588","ind":2,"men":0.9,"men_pauv":0.1,"men_1ind":0,"men_5ind":0,"men_prop":0.7,"men_fmp":0.1,"ind_snv":66939.6,"men_surf":151.2,"men_coll":0,"men_mais":0.9,"log_soc":0,"ind_inc":0,"log":0.8999999999999999,"ind_0_17":0.1,"ind_65p":0.6}},{"type":"Feature","geometry":{"type":"Polygon","coordinates":[[[2.432827949523926,51.04511745755036],[2.4330854415893555,51.04333666212315],[2.430253028869629,51.04314778586547],[2.429952621459961,51.044928588553375],[2.432827949523926,51.04511745755036]]]},"id":1331287405,"properties":{"GEO":"CRS3035RES200mN3131000E3791200","GEO_OBJECT":"C200M","OBS_STATUS":"I","lcog_geo":"59183","ind":2,"men":0.7,"men_pauv":0,"men_1ind":0.1,"men_5ind":0.1,"men_prop":0.5,"men_fmp":0,"ind_snv":57530.7,"men_surf":81.7,"men_coll":0,"men_mais":0.7,"log_soc":0,"ind_inc":0,"log":0.7,"ind_0_17":0.4,"ind_65p":0.6000000000000001}},{"type":"Feature","geometry":{"type":"Polygon","coordinates":[[[2.430253028869629,51.04314778586547],[2.430553436279297,51.04136691471945],[2.4277210235595703,51.041178030430956],[2.4274206161499023,51.04295890883776],[2.430253028869629,51.04314778586547]]]},"id":1331287366,"properties":{"GEO":"CRS3035RES200mN3130800E3791000","GEO_OBJECT":"C200M","OBS_STATUS":"I","lcog_geo":"59183","ind":10,"men":4.4,"men_pauv":0.4,"men_1ind":0,"men_5ind":0,"men_prop":3.6,"men_fmp":0.4,"ind_snv":334697.9,"men_surf":756,"men_coll":0,"men_mais":4.4,"log_soc":0,"ind_inc":0,"log":4.4,"ind_0_17":0.4,"ind_65p":3.2}},{"type":"Feature","geometry":{"type":"Polygon","coordinates":[[[2.432527542114258,51.04689818452039],[2.432827949523926,51.04511745755036],[2.429952621459961,51.044928588553375],[2.4296951293945312,51.04670932278398],[2.432527542114258,51.04689818452039]]]},"id":1331287446,"properties":{"GEO":"CRS3035RES200mN3131200E3791200","GEO_OBJECT":"C200M","OBS_STATUS":"I","lcog_geo":"59183","ind":26,"men":9.2,"men_pauv":0.3,"men_1ind":1.1,"men_5ind":1.1,"men_prop":7.1,"men_fmp":0.3,"ind_snv":747898.9,"men_surf":1061.5,"men_coll":0,"men_mais":9.2,"log_soc":0,"ind_inc":0,"log":9.200000000000001,"ind_0_17":6,"ind_65p":6.800000000000001}},{"type":"Feature","geometry":{"type":"Polygon","coordinates":[[[2.4296951293945312,51.04670932278398],[2.429952621459961,51.044928588553375],[2.4271202087402344,51.0447397187863],[2.4268198013305664,51.04652046027752],[2.4296951293945312,51.04670932278398]]]},"id":1331287445,"properties":{"GEO":"CRS3035RES200mN3131200E3791000","GEO_OBJECT":"C200M","OBS_STATUS":"I","lcog_geo":"59183","ind":17,"men":6,"men_pauv":0.2,"men_1ind":0.7,"men_5ind":0.7,"men_prop":4.6,"men_fmp":0.2,"ind_snv":489010.8,"men_surf":694.1,"men_coll":0,"men_mais":6,"log_soc":0,"ind_inc":0,"log":6.000000000000001,"ind_0_17":3.9,"ind_65p":4.5}},{"type":"Feature","geometry":{"type":"Polygon","coordinates":[[[2.429952621459961,51.044928588553375],[2.430253028869629,51.04314778586547],[2.4274206161499023,51.04295890883776],[2.4271202087402344,51.0447397187863],[2.429952621459961,51.044928588553375]]]},"id":1331287404,"properties":{"GEO":"CRS3035RES200mN3131000E3791000","GEO_OBJECT":"C200M","OBS_STATUS":"I","lcog_geo":"59183","ind":7,"men":2.5,"men_pauv":0.1,"men_1ind":0.3,"men_5ind":0.3,"men_prop":1.9,"men_fmp":0.1,"ind_snv":201357.4,"men_surf":285.8,"men_coll":0,"men_mais":2.5,"log_soc":0,"ind_inc":0,"log":2.5,"ind_0_17":1.6,"ind_65p":1.9}},{"type":"Feature","geometry":{"type":"Polygon","coordinates":[[[2.437891960144043,51.04905654967598],[2.438192367553711,51.04727590568308],[2.4353599548339844,51.04708704548679],[2.4350595474243164,51.04886769674013],[2.437891960144043,51.04905654967598]]]},"id":1331287490,"properties":{"GEO":"CRS3035RES200mN3131400E3791600","GEO_OBJECT":"C200M","OBS_STATUS":"A","lcog_geo":"59183,59340","ind":73,"men":29,"men_pauv":3,"men_1ind":4,"men_5ind":2,"men_prop":20,"men_fmp":6,"ind_snv":1893779.8,"men_surf":2806,"men_coll":6,"men_mais":23,"log_soc":2,"ind_inc":0,"log":29,"ind_0_17":19,"ind_65p":11}},{"type":"Feature","geometry":{"type":"Polygon","coordinates":[[[2.437591552734375,51.05083712521375],[2.437891960144043,51.04905654967598],[2.4350595474243164,51.04886769674013],[2.4347591400146484,51.05064827953822],[2.437591552734375,51.05083712521375]]]},"id":1331287528,"properties":{"GEO":"CRS3035RES200mN3131600E3791600","GEO_OBJECT":"C200M","OBS_STATUS":"A","lcog_geo":"59340","ind":246,"men":131,"men_pauv":21,"men_1ind":64,"men_5ind":6,"men_prop":84,"men_fmp":12,"ind_snv":5667779,"men_surf":10108,"men_coll":66,"men_mais":65,"log_soc":0,"ind_inc":0,"log":131,"ind_0_17":37,"ind_65p":60}},{"type":"Feature","geometry":{"type":"Polygon","coordinates":[[[2.4350595474243164,51.04886769674013],[2.4353599548339844,51.04708704548679],[2.432527542114258,51.04689818452039],[2.43222713470459,51.048678843034196],[2.4350595474243164,51.04886769674013]]]},"id":1331287489,"properties":{"GEO":"CRS3035RES200mN3131400E3791400","GEO_OBJECT":"C200M","OBS_STATUS":"A","lcog_geo":"59183,59340","ind":109.5,"men":51,"men_pauv":10,"men_1ind":17,"men_5ind":2,"men_prop":30,"men_fmp":6,"ind_snv":2620263.5,"men_surf":4719,"men_coll":15,"men_mais":36,"log_soc":7,"ind_inc":0,"log":51,"ind_0_17":20.5,"ind_65p":16}},{"type":"Feature","geometry":{"type":"Polygon","coordinates":[[[2.4344587326049805,51.0524557708456],[2.4347591400146484,51.05064827953822],[2.431926727294922,51.05048641120348],[2.431626319885254,51.05226693177033],[2.4344587326049805,51.0524557708456]]]},"id":1331287562,"properties":{"GEO":"CRS3035RES200mN3131800E3791400","GEO_OBJECT":"C200M","OBS_STATUS":"A","lcog_geo":"59183,59340","ind":119.5,"men":75,"men_pauv":1,"men_1ind":45,"men_5ind":1,"men_prop":41,"men_fmp":1,"ind_snv":3151708.4,"men_surf":5557,"men_coll":44,"men_mais":31,"log_soc":0,"ind_inc":0,"log":75,"ind_0_17":11.5,"ind_65p":42}},{"type":"Feature","geometry":{"type":"Polygon","coordinates":[[[2.434201240539551,51.05423621569878],[2.4344587326049805,51.0524557708456],[2.431626319885254,51.05226693177033],[2.431325912475586,51.05404738388367],[2.434201240539551,51.05423621569878]]]},"id":1331287593,"properties":{"GEO":"CRS3035RES200mN3132000E3791400","GEO_OBJECT":"C200M","OBS_STATUS":"A","lcog_geo":"59183,59340","ind":166.5,"men":78,"men_pauv":5,"men_1ind":28,"men_5ind":4,"men_prop":55,"men_fmp":6,"ind_snv":4476907.6,"men_surf":7765,"men_coll":19,"men_mais":59,"log_soc":5,"ind_inc":0,"log":78,"ind_0_17":21.5,"ind_65p":59}},{"type":"Feature","geometry":{"type":"Polygon","coordinates":[[[2.43222713470459,51.048678843034196],[2.432527542114258,51.04689818452039],[2.4296951293945312,51.04670932278398],[2.4293947219848633,51.04848998855826],[2.43222713470459,51.048678843034196]]]},"id":1331287488,"properties":{"GEO":"CRS3035RES200mN3131400E3791200","GEO_OBJECT":"C200M","OBS_STATUS":"A","lcog_geo":"59183","ind":72,"men":29,"men_pauv":2,"men_1ind":5,"men_5ind":3,"men_prop":22,"men_fmp":3,"ind_snv":1650661.3,"men_surf":2516,"men_coll":3,"men_mais":26,"log_soc":3,"ind_inc":0,"log":29,"ind_0_17":15,"ind_65p":10}},{"type":"Feature","geometry":{"type":"Polygon","coordinates":[[[2.4347591400146484,51.05064827953822],[2.4350595474243164,51.04886769674013],[2.43222713470459,51.048678843034196],[2.431926727294922,51.05048641120348],[2.4347591400146484,51.05064827953822]]]},"id":1331287527,"properties":{"GEO":"CRS3035RES200mN3131600E3791400","GEO_OBJECT":"C200M","OBS_STATUS":"A","lcog_geo":"59183,59340","ind":291.5,"men":139,"men_pauv":12,"men_1ind":51,"men_5ind":4,"men_prop":95,"men_fmp":12,"ind_snv":7044636.6,"men_surf":12011,"men_coll":45,"men_mais":94,"log_soc":15,"ind_inc":1,"log":139,"ind_0_17":50.5,"ind_65p":78}},{"type":"Feature","geometry":{"type":"Polygon","coordinates":[[[2.431926727294922,51.05048641120348],[2.43222713470459,51.048678843034196],[2.4293947219848633,51.04848998855826],[2.4290943145751953,51.05029756409789],[2.431926727294922,51.05048641120348]]]},"id":1331287526,"properties":{"GEO":"CRS3035RES200mN3131600E3791200","GEO_OBJECT":"C200M","OBS_STATUS":"A","lcog_geo":"59183","ind":409,"men":170,"men_pauv":61,"men_1ind":55,"men_5ind":16,"men_prop":62,"men_fmp":41,"ind_snv":7149042.3,"men_surf":12035,"men_coll":99,"men_mais":71,"log_soc":104,"ind_inc":0,"log":170,"ind_0_17":116,"ind_65p":75}},{"type":"Feature","geometry":{"type":"Polygon","coordinates":[[[2.4290943145751953,51.05029756409789],[2.4293947219848633,51.04848998855826],[2.4265623092651367,51.04832811268025],[2.4262619018554688,51.05010871622227],[2.4290943145751953,51.05029756409789]]]},"id":1331287525,"properties":{"GEO":"CRS3035RES200mN3131600E3791000","GEO_OBJECT":"C200M","OBS_STATUS":"A","lcog_geo":"59183","ind":192.5,"men":81,"men_pauv":13,"men_1ind":24,"men_5ind":7,"men_prop":67,"men_fmp":5,"ind_snv":4374852.7,"men_surf":7152,"men_coll":0,"men_mais":81,"log_soc":4,"ind_inc":0,"log":81,"ind_0_17":43.5,"ind_65p":56}},{"type":"Feature","geometry":{"type":"Polygon","coordinates":[[[2.431626319885254,51.05226693177033],[2.431926727294922,51.05048641120348],[2.4290943145751953,51.05029756409789],[2.4287939071655273,51.05207809192501],[2.431626319885254,51.05226693177033]]]},"id":1331287561,"properties":{"GEO":"CRS3035RES200mN3131800E3791200","GEO_OBJECT":"C200M","OBS_STATUS":"A","lcog_geo":"59183","ind":354.5,"men":184,"men_pauv":19,"men_1ind":82,"men_5ind":5,"men_prop":75,"men_fmp":18,"ind_snv":8776771.1,"men_surf":13756,"men_coll":127,"men_mais":57,"log_soc":31,"ind_inc":0,"log":184,"ind_0_17":59.5,"ind_65p":80}},{"type":"Feature","geometry":{"type":"Polygon","coordinates":[[[2.433900833129883,51.056016592099496],[2.434201240539551,51.05423621569878],[2.431325912475586,51.05404738388367],[2.4310684204101562,51.05582776754446],[2.433900833129883,51.056016592099496]]]},"id":1331287609,"properties":{"GEO":"CRS3035RES200mN3132200E3791400","GEO_OBJECT":"C200M","OBS_STATUS":"A","lcog_geo":"59183,59340","ind":153,"men":61,"men_pauv":1,"men_1ind":12,"men_5ind":5,"men_prop":55,"men_fmp":4,"ind_snv":5185787.2,"men_surf":7322,"men_coll":3,"men_mais":58,"log_soc":0,"ind_inc":0,"log":61,"ind_0_17":20,"ind_65p":44}},{"type":"Feature","geometry":{"type":"Polygon","coordinates":[[[2.4310684204101562,51.05582776754446],[2.431325912475586,51.05404738388367],[2.4284934997558594,51.05385855129853],[2.4281930923461914,51.05563894221939],[2.4310684204101562,51.05582776754446]]]},"id":1331287608,"properties":{"GEO":"CRS3035RES200mN3132200E3791200","GEO_OBJECT":"C200M","OBS_STATUS":"A","lcog_geo":"59183","ind":212.5,"men":103,"men_pauv":12,"men_1ind":38,"men_5ind":1,"men_prop":62,"men_fmp":2,"ind_snv":6176660.7,"men_surf":9447,"men_coll":48,"men_mais":55,"log_soc":7,"ind_inc":0,"log":103,"ind_0_17":29.5,"ind_65p":59}},{"type":"Feature","geometry":{"type":"Polygon","coordinates":[[[2.431325912475586,51.05404738388367],[2.431626319885254,51.05226693177033],[2.4287939071655273,51.05207809192501],[2.4284934997558594,51.05385855129853],[2.431325912475586,51.05404738388367]]]},"id":1331287592,"properties":{"GEO":"CRS3035RES200mN3132000E3791200","GEO_OBJECT":"C200M","OBS_STATUS":"A","lcog_geo":"59183","ind":239.5,"men":105,"men_pauv":5,"men_1ind":26,"men_5ind":1,"men_prop":89,"men_fmp":7,"ind_snv":7863488.7,"men_surf":11505,"men_coll":14,"men_mais":91,"log_soc":11,"ind_inc":0,"log":105,"ind_0_17":36,"ind_65p":69}},{"type":"Feature","geometry":{"type":"Polygon","coordinates":[[[2.4287939071655273,51.05207809192501],[2.4290943145751953,51.05029756409789],[2.4262619018554688,51.05010871622227],[2.425961494445801,51.05188925130969],[2.4287939071655273,51.05207809192501]]]},"id":1331287560,"properties":{"GEO":"CRS3035RES200mN3131800E3791000","GEO_OBJECT":"C200M","OBS_STATUS":"A","lcog_geo":"59183","ind":372,"men":196,"men_pauv":53,"men_1ind":96,"men_5ind":8,"men_prop":31,"men_fmp":42,"ind_snv":7152336.8,"men_surf":14010,"men_coll":163,"men_mais":33,"log_soc":157,"ind_inc":0,"log":196,"ind_0_17":77,"ind_65p":74}},{"type":"Feature","geometry":{"type":"Polygon","coordinates":[[[2.4284934997558594,51.05385855129853],[2.4287939071655273,51.05207809192501],[2.425961494445801,51.05188925130969],[2.425661087036133,51.05366971794339],[2.4284934997558594,51.05385855129853]]]},"id":1331287591,"properties":{"GEO":"CRS3035RES200mN3132000E3791000","GEO_OBJECT":"C200M","OBS_STATUS":"A","lcog_geo":"59183","ind":44,"men":17,"men_pauv":1,"men_1ind":1,"men_5ind":1,"men_prop":14,"men_fmp":1,"ind_snv":1435976.8,"men_surf":2243,"men_coll":0,"men_mais":17,"log_soc":1,"ind_inc":0,"log":17,"ind_0_17":7,"ind_65p":14}},{"type":"Feature","geometry":{"type":"Polygon","coordinates":[[[2.4271202087402344,51.0447397187863],[2.4274206161499023,51.04295890883776],[2.424588203430176,51.042770031039964],[2.424287796020508,51.04455084824917],[2.4271202087402344,51.0447397187863]]]},"id":1331287403,"properties":{"GEO":"CRS3035RES200mN3131000E3790800","GEO_OBJECT":"C200M","OBS_STATUS":"A","lcog_geo":"59183","ind":40,"men":19,"men_pauv":1,"men_1ind":5,"men_5ind":0,"men_prop":19,"men_fmp":1,"ind_snv":1194844,"men_surf":2119,"men_coll":0,"men_mais":19,"log_soc":0,"ind_inc":0,"log":19,"ind_0_17":6,"ind_65p":15}},{"type":"Feature","geometry":{"type":"Polygon","coordinates":[[[2.424588203430176,51.042770031039964],[2.4248886108398438,51.04098914537235],[2.422056198120117,51.04080025954369],[2.421755790710449,51.04258115247205],[2.424588203430176,51.042770031039964]]]},"id":1331287365,"properties":{"GEO":"CRS3035RES200mN3130800E3790600","GEO_OBJECT":"C200M","OBS_STATUS":"I","lcog_geo":"59183","ind":5,"men":2,"men_pauv":0.2,"men_1ind":0.4,"men_5ind":0.2,"men_prop":1.7,"men_fmp":0.1,"ind_snv":136461.3,"men_surf":237.3,"men_coll":0,"men_mais":2,"log_soc":0,"ind_inc":0,"log":2,"ind_0_17":1,"ind_65p":1.5}},{"type":"Feature","geometry":{"type":"Polygon","coordinates":[[[2.424287796020508,51.04455084824917],[2.424588203430176,51.042770031039964],[2.421755790710449,51.04258115247205],[2.4214553833007812,51.044361976941985],[2.424287796020508,51.04455084824917]]]},"id":1331287402,"properties":{"GEO":"CRS3035RES200mN3131000E3790600","GEO_OBJECT":"C200M","OBS_STATUS":"A","lcog_geo":"59183","ind":69,"men":28,"men_pauv":2,"men_1ind":7,"men_5ind":3,"men_prop":24,"men_fmp":0,"ind_snv":1809776.9,"men_surf":3005,"men_coll":1,"men_mais":27,"log_soc":0,"ind_inc":0,"log":28,"ind_0_17":10,"ind_65p":16}},{"type":"Feature","geometry":{"type":"Polygon","coordinates":[[[2.4293947219848633,51.04848998855826],[2.4296951293945312,51.04670932278398],[2.4268198013305664,51.04652046027752],[2.4265623092651367,51.04832811268025],[2.4293947219848633,51.04848998855826]]]},"id":1331287487,"properties":{"GEO":"CRS3035RES200mN3131400E3791000","GEO_OBJECT":"C200M","OBS_STATUS":"A","lcog_geo":"59183","ind":193,"men":84,"men_pauv":12,"men_1ind":26,"men_5ind":7,"men_prop":70,"men_fmp":14,"ind_snv":4481281.7,"men_surf":7139,"men_coll":6,"men_mais":78,"log_soc":1,"ind_inc":0,"log":84,"ind_0_17":39,"ind_65p":54}},{"type":"Feature","geometry":{"type":"Polygon","coordinates":[[[2.4268198013305664,51.04652046027752],[2.4271202087402344,51.0447397187863],[2.424287796020508,51.04455084824917],[2.42398738861084,51.04633159700094],[2.4268198013305664,51.04652046027752]]]},"id":1331287444,"properties":{"GEO":"CRS3035RES200mN3131200E3790800","GEO_OBJECT":"C200M","OBS_STATUS":"A","lcog_geo":"59183","ind":71,"men":43,"men_pauv":11,"men_1ind":24,"men_5ind":1,"men_prop":17,"men_fmp":3,"ind_snv":1611951.5,"men_surf":2570,"men_coll":24,"men_mais":19,"log_soc":22,"ind_inc":0,"log":43,"ind_0_17":4,"ind_65p":14}},{"type":"Feature","geometry":{"type":"Polygon","coordinates":[[[2.423686981201172,51.04813925677419],[2.42398738861084,51.04633159700094],[2.4211549758911133,51.04616971357959],[2.4208545684814453,51.04795040009813],[2.423686981201172,51.04813925677419]]]},"id":1331287485,"properties":{"GEO":"CRS3035RES200mN3131400E3790600","GEO_OBJECT":"C200M","OBS_STATUS":"A","lcog_geo":"59183","ind":174.5,"men":76,"men_pauv":11,"men_1ind":25,"men_5ind":5,"men_prop":61,"men_fmp":9,"ind_snv":4050260.7,"men_surf":6573,"men_coll":7,"men_mais":69,"log_soc":0,"ind_inc":0,"log":76,"ind_0_17":37,"ind_65p":29}},{"type":"Feature","geometry":{"type":"Polygon","coordinates":[[[2.4262619018554688,51.05010871622227],[2.4265623092651367,51.04832811268025],[2.423686981201172,51.04813925677419],[2.423429489135742,51.04991986757662],[2.4262619018554688,51.05010871622227]]]},"id":1331287524,"properties":{"GEO":"CRS3035RES200mN3131600E3790800","GEO_OBJECT":"C200M","OBS_STATUS":"A","lcog_geo":"59183","ind":215,"men":95,"men_pauv":16,"men_1ind":30,"men_5ind":3,"men_prop":61,"men_fmp":11,"ind_snv":5235200.7,"men_surf":8244,"men_coll":29,"men_mais":66,"log_soc":13,"ind_inc":0,"log":95,"ind_0_17":45,"ind_65p":43}},{"type":"Feature","geometry":{"type":"Polygon","coordinates":[[[2.423429489135742,51.04991986757662],[2.423686981201172,51.04813925677419],[2.4208545684814453,51.04795040009813],[2.4205541610717773,51.04973101816091],[2.423429489135742,51.04991986757662]]]},"id":1331287523,"properties":{"GEO":"CRS3035RES200mN3131600E3790600","GEO_OBJECT":"C200M","OBS_STATUS":"A","lcog_geo":"59183","ind":189,"men":90,"men_pauv":10,"men_1ind":34,"men_5ind":3,"men_prop":70,"men_fmp":5,"ind_snv":5288277.9,"men_surf":8723,"men_coll":21,"men_mais":69,"log_soc":10,"ind_inc":0,"log":90,"ind_0_17":32,"ind_65p":55}},{"type":"Feature","geometry":{"type":"Polygon","coordinates":[[[2.4265623092651367,51.04832811268025],[2.4268198013305664,51.04652046027752],[2.42398738861084,51.04633159700094],[2.423686981201172,51.04813925677419],[2.4265623092651367,51.04832811268025]]]},"id":1331287486,"properties":{"GEO":"CRS3035RES200mN3131400E3790800","GEO_OBJECT":"C200M","OBS_STATUS":"A","lcog_geo":"59183","ind":326.5,"men":158,"men_pauv":32,"men_1ind":59,"men_5ind":4,"men_prop":68,"men_fmp":19,"ind_snv":6997286.7,"men_surf":12542,"men_coll":81,"men_mais":77,"log_soc":80,"ind_inc":3,"log":158,"ind_0_17":60,"ind_65p":79}},{"type":"Feature","geometry":{"type":"Polygon","coordinates":[[[2.421755790710449,51.04258115247205],[2.422056198120117,51.04080025954369],[2.4192237854003906,51.04061137294494],[2.4189233779907227,51.04239227313411],[2.421755790710449,51.04258115247205]]]},"id":1331287364,"properties":{"GEO":"CRS3035RES200mN3130800E3790400","GEO_OBJECT":"C200M","OBS_STATUS":"I","lcog_geo":"59183","ind":11,"men":4.4,"men_pauv":0.4,"men_1ind":0.8,"men_5ind":0.5,"men_prop":3.8,"men_fmp":0.2,"ind_snv":300214.8,"men_surf":522,"men_coll":0,"men_mais":4.4,"log_soc":0,"ind_inc":0,"log":4.4,"ind_0_17":2.2,"ind_65p":3.3}},{"type":"Feature","geometry":{"type":"Polygon","coordinates":[[[2.4214553833007812,51.044361976941985],[2.421755790710449,51.04258115247205],[2.4189233779907227,51.04239227313411],[2.4186229705810547,51.04417310486474],[2.4214553833007812,51.044361976941985]]]},"id":1331287401,"properties":{"GEO":"CRS3035RES200mN3131000E3790400","GEO_OBJECT":"C200M","OBS_STATUS":"I","lcog_geo":"59183","ind":21,"men":9.2,"men_pauv":0,"men_1ind":0,"men_5ind":0,"men_prop":9.2,"men_fmp":0.8,"ind_snv":702184.3,"men_surf":1009.7,"men_coll":0.8,"men_mais":8.4,"log_soc":0,"ind_inc":0,"log":9.200000000000001,"ind_0_17":0.8,"ind_65p":11}},{"type":"Feature","geometry":{"type":"Polygon","coordinates":[[[2.4211549758911133,51.04616971357959],[2.4214553833007812,51.044361976941985],[2.4186229705810547,51.04417310486474],[2.4183225631713867,51.04598084887297],[2.4211549758911133,51.04616971357959]]]},"id":1331287442,"properties":{"GEO":"CRS3035RES200mN3131200E3790400","GEO_OBJECT":"C200M","OBS_STATUS":"A","lcog_geo":"59183","ind":171,"men":75,"men_pauv":13,"men_1ind":23,"men_5ind":4,"men_prop":43,"men_fmp":14,"ind_snv":4195141.7,"men_surf":7095,"men_coll":26,"men_mais":49,"log_soc":22,"ind_inc":0,"log":75,"ind_0_17":34,"ind_65p":32}},{"type":"Feature","geometry":{"type":"Polygon","coordinates":[[[2.4183225631713867,51.04598084887297],[2.4186229705810547,51.04417310486474],[2.415790557861328,51.044011213899864],[2.41549015045166,51.04579198339624],[2.4183225631713867,51.04598084887297]]]},"id":1331287441,"properties":{"GEO":"CRS3035RES200mN3131200E3790200","GEO_OBJECT":"C200M","OBS_STATUS":"A","lcog_geo":"59183","ind":176.5,"men":82,"men_pauv":9,"men_1ind":29,"men_5ind":3,"men_prop":46,"men_fmp":8,"ind_snv":4351655.4,"men_surf":7247,"men_coll":34,"men_mais":48,"log_soc":0,"ind_inc":0,"log":82,"ind_0_17":29.5,"ind_65p":36}},{"type":"Feature","geometry":{"type":"Polygon","coordinates":[[[2.42398738861084,51.04633159700094],[2.424287796020508,51.04455084824917],[2.4214553833007812,51.044361976941985],[2.4211549758911133,51.04616971357959],[2.42398738861084,51.04633159700094]]]},"id":1331287443,"properties":{"GEO":"CRS3035RES200mN3131200E3790600","GEO_OBJECT":"C200M","OBS_STATUS":"A","lcog_geo":"59183","ind":47,"men":24,"men_pauv":1,"men_1ind":7,"men_5ind":1,"men_prop":21,"men_fmp":3,"ind_snv":1369245.5,"men_surf":2431,"men_coll":0,"men_mais":24,"log_soc":0,"ind_inc":0,"log":24,"ind_0_17":7,"ind_65p":20}},{"type":"Feature","geometry":{"type":"Polygon","coordinates":[[[2.4208545684814453,51.04795040009813],[2.4211549758911133,51.04616971357959],[2.4183225631713867,51.04598084887297],[2.4180221557617188,51.04776154265198],[2.4208545684814453,51.04795040009813]]]},"id":1331287484,"properties":{"GEO":"CRS3035RES200mN3131400E3790400","GEO_OBJECT":"C200M","OBS_STATUS":"A","lcog_geo":"59183","ind":142,"men":59,"men_pauv":8,"men_1ind":17,"men_5ind":3,"men_prop":49,"men_fmp":6,"ind_snv":3420212.2,"men_surf":5559,"men_coll":2,"men_mais":57,"log_soc":0,"ind_inc":0,"log":59,"ind_0_17":22,"ind_65p":30}},{"type":"Feature","geometry":{"type":"Polygon","coordinates":[[[2.4180221557617188,51.04776154265198],[2.4183225631713867,51.04598084887297],[2.41549015045166,51.04579198339624],[2.415189743041992,51.047572684435806],[2.4180221557617188,51.04776154265198]]]},"id":1331287483,"properties":{"GEO":"CRS3035RES200mN3131400E3790200","GEO_OBJECT":"C200M","OBS_STATUS":"A","lcog_geo":"59183","ind":214,"men":124,"men_pauv":49,"men_1ind":67,"men_5ind":1,"men_prop":40,"men_fmp":13,"ind_snv":4292935.8,"men_surf":7799,"men_coll":75,"men_mais":49,"log_soc":75,"ind_inc":0,"log":124,"ind_0_17":32,"ind_65p":48}},{"type":"Feature","geometry":{"type":"Polygon","coordinates":[[[2.425961494445801,51.05188925130969],[2.4262619018554688,51.05010871622227],[2.423429489135742,51.04991986757662],[2.423129081726074,51.05170040992434],[2.425961494445801,51.05188925130969]]]},"id":1331287559,"properties":{"GEO":"CRS3035RES200mN3131800E3790800","GEO_OBJECT":"C200M","OBS_STATUS":"A","lcog_geo":"59183","ind":45,"men":21,"men_pauv":1,"men_1ind":2,"men_5ind":1,"men_prop":21,"men_fmp":0,"ind_snv":1546910.3,"men_surf":2784,"men_coll":0,"men_mais":21,"log_soc":0,"ind_inc":0,"log":21,"ind_0_17":2,"ind_65p":26}},{"type":"Feature","geometry":{"type":"Polygon","coordinates":[[[2.425661087036133,51.05366971794339],[2.425961494445801,51.05188925130969],[2.423129081726074,51.05170040992434],[2.4228286743164062,51.053480883818224],[2.425661087036133,51.05366971794339]]]},"id":1331287590,"properties":{"GEO":"CRS3035RES200mN3132000E3790800","GEO_OBJECT":"C200M","OBS_STATUS":"I","lcog_geo":"59183","ind":9,"men":5.2,"men_pauv":0.3,"men_1ind":2.7,"men_5ind":0.1,"men_prop":3,"men_fmp":0.4,"ind_snv":243076.4,"men_surf":417.3,"men_coll":2.8,"men_mais":2.4,"log_soc":1.3,"ind_inc":0,"log":5.2,"ind_0_17":0.9,"ind_65p":4.1000000000000005}},{"type":"Feature","geometry":{"type":"Polygon","coordinates":[[[2.425360679626465,51.0554770913279],[2.425661087036133,51.05366971794339],[2.4228286743164062,51.053480883818224],[2.4225282669067383,51.05528826457282],[2.425360679626465,51.0554770913279]]]},"id":1331287606,"properties":{"GEO":"CRS3035RES200mN3132200E3790800","GEO_OBJECT":"C200M","OBS_STATUS":"I","lcog_geo":"59183","ind":1,"men":0.6,"men_pauv":0,"men_1ind":0.3,"men_5ind":0,"men_prop":0.3,"men_fmp":0,"ind_snv":27008.5,"men_surf":46.4,"men_coll":0.3,"men_mais":0.3,"log_soc":0.1,"ind_inc":0,"log":0.6000000000000001,"ind_0_17":0.1,"ind_65p":0.5}},{"type":"Feature","geometry":{"type":"Polygon","coordinates":[[[2.423129081726074,51.05170040992434],[2.423429489135742,51.04991986757662],[2.4205541610717773,51.04973101816091],[2.4202966690063477,51.05151156776893],[2.423129081726074,51.05170040992434]]]},"id":1331287558,"properties":{"GEO":"CRS3035RES200mN3131800E3790600","GEO_OBJECT":"C200M","OBS_STATUS":"A","lcog_geo":"59183","ind":116.5,"men":50,"men_pauv":1,"men_1ind":13,"men_5ind":4,"men_prop":49,"men_fmp":2,"ind_snv":4328087.7,"men_surf":6582,"men_coll":0,"men_mais":50,"log_soc":0,"ind_inc":0,"log":50,"ind_0_17":14.5,"ind_65p":43}},{"type":"Feature","geometry":{"type":"Polygon","coordinates":[[[2.4202966690063477,51.05151156776893],[2.4205541610717773,51.04973101816091],[2.417721748352051,51.049542167975204],[2.417421340942383,51.051322724843516],[2.4202966690063477,51.05151156776893]]]},"id":1331287557,"properties":{"GEO":"CRS3035RES200mN3131800E3790400","GEO_OBJECT":"C200M","OBS_STATUS":"A","lcog_geo":"59183","ind":166,"men":79,"men_pauv":16,"men_1ind":31,"men_5ind":3,"men_prop":36,"men_fmp":9,"ind_snv":4741253,"men_surf":7224,"men_coll":43,"men_mais":36,"log_soc":43,"ind_inc":0,"log":79,"ind_0_17":30,"ind_65p":41}},{"type":"Feature","geometry":{"type":"Polygon","coordinates":[[[2.4205541610717773,51.04973101816091],[2.4208545684814453,51.04795040009813],[2.4180221557617188,51.04776154265198],[2.417721748352051,51.049542167975204],[2.4205541610717773,51.04973101816091]]]},"id":1331287522,"properties":{"GEO":"CRS3035RES200mN3131600E3790400","GEO_OBJECT":"C200M","OBS_STATUS":"A","lcog_geo":"59183","ind":176,"men":79,"men_pauv":6,"men_1ind":25,"men_5ind":4,"men_prop":56,"men_fmp":6,"ind_snv":5028673.9,"men_surf":6841,"men_coll":33,"men_mais":46,"log_soc":0,"ind_inc":0,"log":79,"ind_0_17":28,"ind_65p":53}},{"type":"Feature","geometry":{"type":"Polygon","coordinates":[[[2.417721748352051,51.049542167975204],[2.4180221557617188,51.04776154265198],[2.415189743041992,51.047572684435806],[2.414889335632324,51.04935331701941],[2.417721748352051,51.049542167975204]]]},"id":1331287521,"properties":{"GEO":"CRS3035RES200mN3131600E3790200","GEO_OBJECT":"C200M","OBS_STATUS":"A","lcog_geo":"59183","ind":302.5,"men":145,"men_pauv":33,"men_1ind":58,"men_5ind":7,"men_prop":84,"men_fmp":25,"ind_snv":6383036.4,"men_surf":12588,"men_coll":81,"men_mais":64,"log_soc":40,"ind_inc":0,"log":145,"ind_0_17":59.5,"ind_65p":93}},{"type":"Feature","geometry":{"type":"Polygon","coordinates":[[[2.417421340942383,51.051322724843516],[2.417721748352051,51.049542167975204],[2.414889335632324,51.04935331701941],[2.4145889282226562,51.051133881148075],[2.417421340942383,51.051322724843516]]]},"id":1331287556,"properties":{"GEO":"CRS3035RES200mN3131800E3790200","GEO_OBJECT":"C200M","OBS_STATUS":"A","lcog_geo":"59183","ind":213,"men":98,"men_pauv":33,"men_1ind":37,"men_5ind":5,"men_prop":41,"men_fmp":25,"ind_snv":3734929.5,"men_surf":7327,"men_coll":54,"men_mais":44,"log_soc":51,"ind_inc":0,"log":98,"ind_0_17":59,"ind_65p":36}},{"type":"Feature","geometry":{"type":"Polygon","coordinates":[[[2.4307680130004883,51.05763505669998],[2.4310684204101562,51.05582776754446],[2.4281930923461914,51.05563894221939],[2.4279356002807617,51.05744623874489],[2.4307680130004883,51.05763505669998]]]},"id":1331287621,"properties":{"GEO":"CRS3035RES200mN3132400E3791200","GEO_OBJECT":"C200M","OBS_STATUS":"I","lcog_geo":"59183","ind":22,"men":10.2,"men_pauv":1.6,"men_1ind":6.3,"men_5ind":0.8,"men_prop":0.8,"men_fmp":1.6,"ind_snv":420090.8,"men_surf":748.8,"men_coll":8.6,"men_mais":1.6,"log_soc":3.9,"ind_inc":0,"log":10.2,"ind_0_17":8.3,"ind_65p":3.9}},{"type":"Feature","geometry":{"type":"Polygon","coordinates":[[[2.433600425720215,51.0577969000486],[2.433900833129883,51.056016592099496],[2.4310684204101562,51.05582776754446],[2.4307680130004883,51.05763505669998],[2.433600425720215,51.0577969000486]]]},"id":1331287622,"properties":{"GEO":"CRS3035RES200mN3132400E3791400","GEO_OBJECT":"C200M","OBS_STATUS":"A","lcog_geo":"59340,59183","ind":138,"men":69,"men_pauv":1,"men_1ind":30,"men_5ind":1,"men_prop":47,"men_fmp":5,"ind_snv":4294361.7,"men_surf":5801,"men_coll":39,"men_mais":30,"log_soc":0,"ind_inc":0,"log":69,"ind_0_17":21.5,"ind_65p":35}},{"type":"Feature","geometry":{"type":"Polygon","coordinates":[[[2.4279356002807617,51.05744623874489],[2.4281930923461914,51.05563894221939],[2.425360679626465,51.0554770913279],[2.425060272216797,51.05725742001982],[2.4279356002807617,51.05744623874489]]]},"id":1331287620,"properties":{"GEO":"CRS3035RES200mN3132400E3791000","GEO_OBJECT":"C200M","OBS_STATUS":"I","lcog_geo":"59183","ind":5,"men":2.3,"men_pauv":0.4,"men_1ind":1.4,"men_5ind":0.2,"men_prop":0.2,"men_fmp":0.4,"ind_snv":95475.2,"men_surf":170.2,"men_coll":2,"men_mais":0.3,"log_soc":0.9,"ind_inc":0,"log":2.3,"ind_0_17":1.9,"ind_65p":0.9}},{"type":"Feature","geometry":{"type":"Polygon","coordinates":[[[2.4281930923461914,51.05563894221939],[2.4284934997558594,51.05385855129853],[2.425661087036133,51.05366971794339],[2.425360679626465,51.0554770913279],[2.4281930923461914,51.05563894221939]]]},"id":1331287607,"properties":{"GEO":"CRS3035RES200mN3132200E3791000","GEO_OBJECT":"C200M","OBS_STATUS":"A","lcog_geo":"59183","ind":42,"men":22,"men_pauv":0,"men_1ind":8,"men_5ind":0,"men_prop":16,"men_fmp":2,"ind_snv":1346457.2,"men_surf":2139,"men_coll":5,"men_mais":17,"log_soc":0,"ind_inc":0,"log":22,"ind_0_17":2,"ind_65p":15}},{"type":"Feature","geometry":{"type":"Polygon","coordinates":[[[2.414116859436035,51.036671562635604],[2.414417266845703,51.03489044254309],[2.4115848541259766,51.034701531851],[2.4112844467163086,51.03648265920464],[2.414116859436035,51.036671562635604]]]},"id":1331287228,"properties":{"GEO":"CRS3035RES200mN3130200E3789800","GEO_OBJECT":"C200M","OBS_STATUS":"A","lcog_geo":"59588,59183","ind":232,"men":94,"men_pauv":22,"men_1ind":26,"men_5ind":7,"men_prop":6,"men_fmp":18,"ind_snv":4172681.6,"men_surf":7242,"men_coll":59,"men_mais":35,"log_soc":88,"ind_inc":0,"log":94,"ind_0_17":63,"ind_65p":26}},{"type":"Feature","geometry":{"type":"Polygon","coordinates":[[[2.4166488647460938,51.03864150966652],[2.4169492721557617,51.03686046529651],[2.414116859436035,51.036671562635604],[2.413816452026367,51.038452614266646],[2.4166488647460938,51.03864150966652]]]},"id":1331287279,"properties":{"GEO":"CRS3035RES200mN3130400E3790000","GEO_OBJECT":"C200M","OBS_STATUS":"I","lcog_geo":"59183,59588","ind":19,"men":7.5,"men_pauv":0.7,"men_1ind":1.4,"men_5ind":0.8,"men_prop":6.6,"men_fmp":0.4,"ind_snv":518552.9,"men_surf":901.7,"men_coll":0,"men_mais":7.5,"log_soc":0,"ind_inc":0,"log":7.499999999999999,"ind_0_17":3.6999999999999997,"ind_65p":5.7}},{"type":"Feature","geometry":{"type":"Polygon","coordinates":[[[2.4189233779907227,51.04239227313411],[2.4192237854003906,51.04061137294494],[2.416348457336426,51.04042248557607],[2.416090965270996,51.04220339302606],[2.4189233779907227,51.04239227313411]]]},"id":1331287363,"properties":{"GEO":"CRS3035RES200mN3130800E3790200","GEO_OBJECT":"C200M","OBS_STATUS":"I","lcog_geo":"59183","ind":7,"men":2.8,"men_pauv":0.3,"men_1ind":0.5,"men_5ind":0.3,"men_prop":2.4,"men_fmp":0.2,"ind_snv":191045.8,"men_surf":332.2,"men_coll":0,"men_mais":2.8,"log_soc":0,"ind_inc":0,"log":2.8,"ind_0_17":1.4,"ind_65p":2.1}},{"type":"Feature","geometry":{"type":"Polygon","coordinates":[[[2.416090965270996,51.04220339302606],[2.416348457336426,51.04042248557607],[2.413516044616699,51.04023359743712],[2.4132156372070312,51.042014512147944],[2.416090965270996,51.04220339302606]]]},"id":1331287362,"properties":{"GEO":"CRS3035RES200mN3130800E3790000","GEO_OBJECT":"C200M","OBS_STATUS":"I","lcog_geo":"59183","ind":1,"men":0.4,"men_pauv":0,"men_1ind":0.1,"men_5ind":0,"men_prop":0.3,"men_fmp":0,"ind_snv":27292.3,"men_surf":47.5,"men_coll":0,"men_mais":0.4,"log_soc":0,"ind_inc":0,"log":0.4,"ind_0_17":0.1,"ind_65p":0.30000000000000004}},{"type":"Feature","geometry":{"type":"Polygon","coordinates":[[[2.416348457336426,51.04042248557607],[2.4166488647460938,51.03864150966652],[2.413816452026367,51.038452614266646],[2.413516044616699,51.04023359743712],[2.416348457336426,51.04042248557607]]]},"id":1331287319,"properties":{"GEO":"CRS3035RES200mN3130600E3790000","GEO_OBJECT":"C200M","OBS_STATUS":"I","lcog_geo":"59183","ind":12,"men":4.8,"men_pauv":0.4,"men_1ind":0.9,"men_5ind":0.5,"men_prop":4.1,"men_fmp":0.3,"ind_snv":327507.1,"men_surf":569.5,"men_coll":0,"men_mais":4.8,"log_soc":0,"ind_inc":0,"log":4.8,"ind_0_17":2.3,"ind_65p":3.7}},{"type":"Feature","geometry":{"type":"Polygon","coordinates":[[[2.413816452026367,51.038452614266646],[2.414116859436035,51.036671562635604],[2.4112844467163086,51.03648265920464],[2.4109840393066406,51.03826371809669],[2.413816452026367,51.038452614266646]]]},"id":1331287278,"properties":{"GEO":"CRS3035RES200mN3130400E3789800","GEO_OBJECT":"C200M","OBS_STATUS":"A","lcog_geo":"59183,59588","ind":198,"men":113,"men_pauv":31,"men_1ind":70,"men_5ind":6,"men_prop":4,"men_fmp":10,"ind_snv":3406035.5,"men_surf":7919,"men_coll":42,"men_mais":71,"log_soc":109,"ind_inc":0,"log":113,"ind_0_17":39,"ind_65p":78}},{"type":"Feature","geometry":{"type":"Polygon","coordinates":[[[2.413516044616699,51.04023359743712],[2.413816452026367,51.038452614266646],[2.4109840393066406,51.03826371809669],[2.4106836318969727,51.040044708528086],[2.413516044616699,51.04023359743712]]]},"id":1331287318,"properties":{"GEO":"CRS3035RES200mN3130600E3789800","GEO_OBJECT":"C200M","OBS_STATUS":"A","lcog_geo":"59183","ind":163,"men":75,"men_pauv":9,"men_1ind":23,"men_5ind":1,"men_prop":51,"men_fmp":6,"ind_snv":4010396.5,"men_surf":7074,"men_coll":10,"men_mais":65,"log_soc":2,"ind_inc":0,"log":75,"ind_0_17":29,"ind_65p":45}},{"type":"Feature","geometry":{"type":"Polygon","coordinates":[[[2.4112844467163086,51.03648265920464],[2.4115848541259766,51.034701531851],[2.40875244140625,51.03451262038874],[2.408452033996582,51.03629375500353],[2.4112844467163086,51.03648265920464]]]},"id":1331287227,"properties":{"GEO":"CRS3035RES200mN3130200E3789600","GEO_OBJECT":"C200M","OBS_STATUS":"A","lcog_geo":"59588,59183","ind":44.5,"men":18,"men_pauv":2,"men_1ind":4,"men_5ind":0,"men_prop":16,"men_fmp":0,"ind_snv":1129349.6,"men_surf":1955,"men_coll":1,"men_mais":17,"log_soc":0,"ind_inc":0,"log":18,"ind_0_17":11.5,"ind_65p":7}},{"type":"Feature","geometry":{"type":"Polygon","coordinates":[[[2.4109840393066406,51.03826371809669],[2.4112844467163086,51.03648265920464],[2.408452033996582,51.03629375500353],[2.408151626586914,51.03807482115661],[2.4109840393066406,51.03826371809669]]]},"id":1331287277,"properties":{"GEO":"CRS3035RES200mN3130400E3789600","GEO_OBJECT":"C200M","OBS_STATUS":"I","lcog_geo":"59183","ind":4,"men":1.7,"men_pauv":0,"men_1ind":0.3,"men_5ind":0.1,"men_prop":1.3,"men_fmp":0.1,"ind_snv":117552.8,"men_surf":180.1,"men_coll":0,"men_mais":1.7,"log_soc":0,"ind_inc":0,"log":1.7000000000000002,"ind_0_17":0.9,"ind_65p":0.8999999999999999}},{"type":"Feature","geometry":{"type":"Polygon","coordinates":[[[2.4106836318969727,51.040044708528086],[2.4109840393066406,51.03826371809669],[2.408151626586914,51.03807482115661],[2.407851219177246,51.03985581884896],[2.4106836318969727,51.040044708528086]]]},"id":1331287317,"properties":{"GEO":"CRS3035RES200mN3130600E3789600","GEO_OBJECT":"C200M","OBS_STATUS":"A","lcog_geo":"59183","ind":86,"men":36,"men_pauv":5,"men_1ind":15,"men_5ind":5,"men_prop":22,"men_fmp":3,"ind_snv":2214525.4,"men_surf":3901,"men_coll":8,"men_mais":28,"log_soc":1,"ind_inc":0,"log":36,"ind_0_17":23.5,"ind_65p":8}},{"type":"Feature","geometry":{"type":"Polygon","coordinates":[[[2.408151626586914,51.03807482115661],[2.408452033996582,51.03629375500353],[2.4056196212768555,51.0361048500323],[2.4053192138671875,51.03788592344645],[2.408151626586914,51.03807482115661]]]},"id":1331287276,"properties":{"GEO":"CRS3035RES200mN3130400E3789400","GEO_OBJECT":"C200M","OBS_STATUS":"A","lcog_geo":"59183","ind":30,"men":12,"men_pauv":0,"men_1ind":0,"men_5ind":1,"men_prop":12,"men_fmp":2,"ind_snv":865953.9,"men_surf":1586,"men_coll":0,"men_mais":12,"log_soc":0,"ind_inc":0,"log":12,"ind_0_17":3,"ind_65p":15}},{"type":"Feature","geometry":{"type":"Polygon","coordinates":[[[2.4103832244873047,51.04185261363949],[2.4106836318969727,51.040044708528086],[2.407851219177246,51.03985581884896],[2.407550811767578,51.04166373133123],[2.4103832244873047,51.04185261363949]]]},"id":1331287360,"properties":{"GEO":"CRS3035RES200mN3130800E3789600","GEO_OBJECT":"C200M","OBS_STATUS":"A","lcog_geo":"59183","ind":272,"men":141,"men_pauv":42,"men_1ind":61,"men_5ind":7,"men_prop":66,"men_fmp":18,"ind_snv":5449485.7,"men_surf":10817,"men_coll":72,"men_mais":69,"log_soc":42,"ind_inc":0,"log":141,"ind_0_17":48,"ind_65p":58}},{"type":"Feature","geometry":{"type":"Polygon","coordinates":[[[2.407550811767578,51.04166373133123],[2.407851219177246,51.03985581884896],[2.4050188064575195,51.039693912796764],[2.4047183990478516,51.04147484825285],[2.407550811767578,51.04166373133123]]]},"id":1331287359,"properties":{"GEO":"CRS3035RES200mN3130800E3789400","GEO_OBJECT":"C200M","OBS_STATUS":"A","lcog_geo":"59183","ind":136,"men":71,"men_pauv":11,"men_1ind":30,"men_5ind":1,"men_prop":25,"men_fmp":7,"ind_snv":2930251.9,"men_surf":5419,"men_coll":37,"men_mais":34,"log_soc":12,"ind_inc":0,"log":71,"ind_0_17":23,"ind_65p":28}},{"type":"Feature","geometry":{"type":"Polygon","coordinates":[[[2.408452033996582,51.03629375500353],[2.40875244140625,51.03451262038874],[2.405877113342285,51.03432370815639],[2.4056196212768555,51.0361048500323],[2.408452033996582,51.03629375500353]]]},"id":1331287226,"properties":{"GEO":"CRS3035RES200mN3130200E3789400","GEO_OBJECT":"C200M","OBS_STATUS":"A","lcog_geo":"59588,59183,59155","ind":49,"men":23,"men_pauv":2,"men_1ind":6,"men_5ind":1,"men_prop":15,"men_fmp":4,"ind_snv":1490331.9,"men_surf":2399,"men_coll":2,"men_mais":21,"log_soc":0,"ind_inc":0,"log":23,"ind_0_17":8,"ind_65p":11}},{"type":"Feature","geometry":{"type":"Polygon","coordinates":[[[2.4056196212768555,51.0361048500323],[2.405877113342285,51.03432370815639],[2.4030447006225586,51.03413479515393],[2.4027442932128906,51.03591594429096],[2.4056196212768555,51.0361048500323]]]},"id":1331287225,"properties":{"GEO":"CRS3035RES200mN3130200E3789200","GEO_OBJECT":"C200M","OBS_STATUS":"A","lcog_geo":"59183,59155,59588","ind":137,"men":55,"men_pauv":4,"men_1ind":17,"men_5ind":7,"men_prop":41,"men_fmp":5,"ind_snv":3680048.1,"men_surf":5184,"men_coll":8,"men_mais":47,"log_soc":0,"ind_inc":0,"log":55,"ind_0_17":31,"ind_65p":16}},{"type":"Feature","geometry":{"type":"Polygon","coordinates":[[[2.405877113342285,51.03432370815639],[2.406177520751953,51.032542497817815],[2.4033451080322266,51.03235357755406],[2.4030447006225586,51.03413479515393],[2.405877113342285,51.03432370815639]]]},"id":1331287169,"properties":{"GEO":"CRS3035RES200mN3130000E3789200","GEO_OBJECT":"C200M","OBS_STATUS":"A","lcog_geo":"59155","ind":49,"men":19,"men_pauv":0,"men_1ind":5,"men_5ind":1,"men_prop":16,"men_fmp":2,"ind_snv":1291970.5,"men_surf":1883,"men_coll":1,"men_mais":18,"log_soc":0,"ind_inc":0,"log":19,"ind_0_17":15,"ind_65p":8}},{"type":"Feature","geometry":{"type":"Polygon","coordinates":[[[2.4030447006225586,51.03413479515393],[2.4033451080322266,51.03235357755406],[2.4005126953125,51.03216465652022],[2.400212287902832,51.0339458813813],[2.4030447006225586,51.03413479515393]]]},"id":1331287168,"properties":{"GEO":"CRS3035RES200mN3130000E3789000","GEO_OBJECT":"C200M","OBS_STATUS":"A","lcog_geo":"59155,59183","ind":105.5,"men":46,"men_pauv":3,"men_1ind":11,"men_5ind":1,"men_prop":41,"men_fmp":4,"ind_snv":2722023.9,"men_surf":4633,"men_coll":0,"men_mais":46,"log_soc":0,"ind_inc":0,"log":46,"ind_0_17":12.5,"ind_65p":43}},{"type":"Feature","geometry":{"type":"Polygon","coordinates":[[[2.400212287902832,51.0339458813813],[2.4005126953125,51.03216465652022],[2.3976802825927734,51.03197573471621],[2.3973798751831055,51.03375696683858],[2.400212287902832,51.0339458813813]]]},"id":1331287167,"properties":{"GEO":"CRS3035RES200mN3130000E3788800","GEO_OBJECT":"C200M","OBS_STATUS":"A","lcog_geo":"59155,59183","ind":78.5,"men":40,"men_pauv":7,"men_1ind":18,"men_5ind":2,"men_prop":29,"men_fmp":6,"ind_snv":1643391.8,"men_surf":3405,"men_coll":10,"men_mais":30,"log_soc":0,"ind_inc":0,"log":40,"ind_0_17":17.5,"ind_65p":19}},{"type":"Feature","geometry":{"type":"Polygon","coordinates":[[[2.3973798751831055,51.03375696683858],[2.3976802825927734,51.03197573471621],[2.394847869873047,51.03178681214203],[2.394547462463379,51.03356805152569],[2.3973798751831055,51.03375696683858]]]},"id":1331287166,"properties":{"GEO":"CRS3035RES200mN3130000E3788600","GEO_OBJECT":"C200M","OBS_STATUS":"A","lcog_geo":"59183,59155","ind":122.5,"men":59,"men_pauv":4,"men_1ind":18,"men_5ind":2,"men_prop":46,"men_fmp":6,"ind_snv":3250271.5,"men_surf":5136,"men_coll":29,"men_mais":30,"log_soc":1,"ind_inc":0,"log":59,"ind_0_17":19.5,"ind_65p":47}},{"type":"Feature","geometry":{"type":"Polygon","coordinates":[[[2.4053192138671875,51.03788592344645],[2.4056196212768555,51.0361048500323],[2.4027442932128906,51.03591594429096],[2.402486801147461,51.03769702496618],[2.4053192138671875,51.03788592344645]]]},"id":1331287275,"properties":{"GEO":"CRS3035RES200mN3130400E3789200","GEO_OBJECT":"C200M","OBS_STATUS":"A","lcog_geo":"59183","ind":245,"men":118,"men_pauv":9,"men_1ind":40,"men_5ind":2,"men_prop":96,"men_fmp":7,"ind_snv":6917567.2,"men_surf":12086,"men_coll":10,"men_mais":108,"log_soc":0,"ind_inc":0,"log":118,"ind_0_17":37,"ind_65p":89}},{"type":"Feature","geometry":{"type":"Polygon","coordinates":[[[2.402486801147461,51.03769702496618],[2.4027442932128906,51.03591594429096],[2.399911880493164,51.03572703777954],[2.399611473083496,51.03750812571576],[2.402486801147461,51.03769702496618]]]},"id":1331287274,"properties":{"GEO":"CRS3035RES200mN3130400E3789000","GEO_OBJECT":"C200M","OBS_STATUS":"A","lcog_geo":"59183","ind":157.5,"men":65,"men_pauv":10,"men_1ind":20,"men_5ind":4,"men_prop":56,"men_fmp":6,"ind_snv":4145278.2,"men_surf":6599,"men_coll":6,"men_mais":59,"log_soc":1,"ind_inc":0,"log":65,"ind_0_17":30.5,"ind_65p":24}},{"type":"Feature","geometry":{"type":"Polygon","coordinates":[[[2.4027442932128906,51.03591594429096],[2.4030447006225586,51.03413479515393],[2.400212287902832,51.0339458813813],[2.399911880493164,51.03572703777954],[2.4027442932128906,51.03591594429096]]]},"id":1331287224,"properties":{"GEO":"CRS3035RES200mN3130200E3789000","GEO_OBJECT":"C200M","OBS_STATUS":"A","lcog_geo":"59183,59155","ind":258.5,"men":107,"men_pauv":10,"men_1ind":28,"men_5ind":8,"men_prop":82,"men_fmp":9,"ind_snv":7181510.5,"men_surf":10285,"men_coll":20,"men_mais":87,"log_soc":3,"ind_inc":0,"log":107,"ind_0_17":57.5,"ind_65p":50}},{"type":"Feature","geometry":{"type":"Polygon","coordinates":[[[2.4050188064575195,51.039693912796764],[2.4053192138671875,51.03788592344645],[2.402486801147461,51.03769702496618],[2.402186393737793,51.03950502168746],[2.4050188064575195,51.039693912796764]]]},"id":1331287315,"properties":{"GEO":"CRS3035RES200mN3130600E3789200","GEO_OBJECT":"C200M","OBS_STATUS":"A","lcog_geo":"59183","ind":171,"men":88,"men_pauv":16,"men_1ind":36,"men_5ind":2,"men_prop":32,"men_fmp":6,"ind_snv":4316728,"men_surf":7650,"men_coll":47,"men_mais":41,"log_soc":39,"ind_inc":0,"log":88,"ind_0_17":23,"ind_65p":47}},{"type":"Feature","geometry":{"type":"Polygon","coordinates":[[[2.402186393737793,51.03950502168746],[2.402486801147461,51.03769702496618],[2.399611473083496,51.03750812571576],[2.3993539810180664,51.03931612980804],[2.402186393737793,51.03950502168746]]]},"id":1331287314,"properties":{"GEO":"CRS3035RES200mN3130600E3789000","GEO_OBJECT":"C200M","OBS_STATUS":"A","lcog_geo":"59183","ind":187,"men":98,"men_pauv":14,"men_1ind":42,"men_5ind":1,"men_prop":68,"men_fmp":8,"ind_snv":5129233.5,"men_surf":9591,"men_coll":29,"men_mais":69,"log_soc":1,"ind_inc":0,"log":98,"ind_0_17":23,"ind_65p":40}},{"type":"Feature","geometry":{"type":"Polygon","coordinates":[[[2.407851219177246,51.03985581884896],[2.408151626586914,51.03807482115661],[2.4053192138671875,51.03788592344645],[2.4050188064575195,51.039693912796764],[2.407851219177246,51.03985581884896]]]},"id":1331287316,"properties":{"GEO":"CRS3035RES200mN3130600E3789400","GEO_OBJECT":"C200M","OBS_STATUS":"A","lcog_geo":"59183","ind":263,"men":164,"men_pauv":33,"men_1ind":103,"men_5ind":5,"men_prop":65,"men_fmp":18,"ind_snv":5014478.7,"men_surf":10080,"men_coll":156,"men_mais":8,"log_soc":2,"ind_inc":0,"log":164,"ind_0_17":46.5,"ind_65p":47}},{"type":"Feature","geometry":{"type":"Polygon","coordinates":[[[2.401885986328125,51.04128596440438],[2.402186393737793,51.03950502168746],[2.3993539810180664,51.03931612980804],[2.3990535736083984,51.04109707978583],[2.401885986328125,51.04128596440438]]]},"id":1331287357,"properties":{"GEO":"CRS3035RES200mN3130800E3789000","GEO_OBJECT":"C200M","OBS_STATUS":"A","lcog_geo":"59183","ind":314.5,"men":140,"men_pauv":14,"men_1ind":54,"men_5ind":7,"men_prop":90,"men_fmp":18,"ind_snv":9642251.7,"men_surf":14804,"men_coll":46,"men_mais":94,"log_soc":3,"ind_inc":7,"log":140,"ind_0_17":63,"ind_65p":42}},{"type":"Feature","geometry":{"type":"Polygon","coordinates":[[[2.399911880493164,51.03572703777954],[2.400212287902832,51.0339458813813],[2.3973798751831055,51.03375696683858],[2.3970794677734375,51.03553813049794],[2.399911880493164,51.03572703777954]]]},"id":1331287223,"properties":{"GEO":"CRS3035RES200mN3130200E3788800","GEO_OBJECT":"C200M","OBS_STATUS":"A","lcog_geo":"59183","ind":257,"men":144,"men_pauv":12,"men_1ind":74,"men_5ind":4,"men_prop":68,"men_fmp":13,"ind_snv":8065325.3,"men_surf":12009,"men_coll":63,"men_mais":81,"log_soc":65,"ind_inc":1,"log":144,"ind_0_17":34.5,"ind_65p":121}},{"type":"Feature","geometry":{"type":"Polygon","coordinates":[[[2.3970794677734375,51.03553813049794],[2.3973798751831055,51.03375696683858],[2.394547462463379,51.03356805152569],[2.394247055053711,51.035349222446285],[2.3970794677734375,51.03553813049794]]]},"id":1331287222,"properties":{"GEO":"CRS3035RES200mN3130200E3788600","GEO_OBJECT":"C200M","OBS_STATUS":"A","lcog_geo":"59183","ind":48,"men":20,"men_pauv":0,"men_1ind":4,"men_5ind":1,"men_prop":20,"men_fmp":0,"ind_snv":1698208.1,"men_surf":2997,"men_coll":0,"men_mais":20,"log_soc":0,"ind_inc":0,"log":20,"ind_0_17":6,"ind_65p":19}},{"type":"Feature","geometry":{"type":"Polygon","coordinates":[[[2.399611473083496,51.03750812571576],[2.399911880493164,51.03572703777954],[2.3970794677734375,51.03553813049794],[2.3967790603637695,51.03734621145966],[2.399611473083496,51.03750812571576]]]},"id":1331287273,"properties":{"GEO":"CRS3035RES200mN3130400E3788800","GEO_OBJECT":"C200M","OBS_STATUS":"A","lcog_geo":"59183","ind":62.5,"men":34,"men_pauv":0,"men_1ind":13,"men_5ind":0,"men_prop":15,"men_fmp":3,"ind_snv":1908554.4,"men_surf":2901,"men_coll":24,"men_mais":10,"log_soc":1,"ind_inc":0,"log":34,"ind_0_17":4.5,"ind_65p":15}},{"type":"Feature","geometry":{"type":"Polygon","coordinates":[[[2.3990535736083984,51.04109707978583],[2.3993539810180664,51.03931612980804],[2.3964786529541016,51.03912723715857],[2.396221160888672,51.04090819439725],[2.3990535736083984,51.04109707978583]]]},"id":1331287356,"properties":{"GEO":"CRS3035RES200mN3130800E3788800","GEO_OBJECT":"C200M","OBS_STATUS":"A","lcog_geo":"59183","ind":272.5,"men":122,"men_pauv":8,"men_1ind":53,"men_5ind":8,"men_prop":82,"men_fmp":9,"ind_snv":6411124.1,"men_surf":9782,"men_coll":24,"men_mais":98,"log_soc":4,"ind_inc":0,"log":122,"ind_0_17":62,"ind_65p":47}},{"type":"Feature","geometry":{"type":"Polygon","coordinates":[[[2.396221160888672,51.04090819439725],[2.3964786529541016,51.03912723715857],[2.393646240234375,51.03893834373895],[2.393345832824707,51.04071930823852],[2.396221160888672,51.04090819439725]]]},"id":1331287355,"properties":{"GEO":"CRS3035RES200mN3130800E3788600","GEO_OBJECT":"C200M","OBS_STATUS":"A","lcog_geo":"59183","ind":275,"men":138,"men_pauv":25,"men_1ind":70,"men_5ind":5,"men_prop":80,"men_fmp":10,"ind_snv":6653266.6,"men_surf":11824,"men_coll":53,"men_mais":85,"log_soc":6,"ind_inc":0,"log":138,"ind_0_17":65.5,"ind_65p":46}},{"type":"Feature","geometry":{"type":"Polygon","coordinates":[[[2.3964786529541016,51.03912723715857],[2.3967790603637695,51.03734621145966],[2.393946647644043,51.037157310779094],[2.393646240234375,51.03893834373895],[2.3964786529541016,51.03912723715857]]]},"id":1331287313,"properties":{"GEO":"CRS3035RES200mN3130600E3788600","GEO_OBJECT":"C200M","OBS_STATUS":"A","lcog_geo":"59183","ind":189,"men":125,"men_pauv":38,"men_1ind":78,"men_5ind":1,"men_prop":36,"men_fmp":18,"ind_snv":3661631,"men_surf":8376,"men_coll":112,"men_mais":13,"log_soc":78,"ind_inc":0,"log":125,"ind_0_17":28,"ind_65p":72}},{"type":"Feature","geometry":{"type":"Polygon","coordinates":[[[2.3840761184692383,51.0274683718923],[2.3843765258789062,51.02568689806762],[2.3815441131591797,51.02549794985822],[2.3812437057495117,51.027279430944475],[2.3840761184692383,51.0274683718923]]]},"id":1331287009,"properties":{"GEO":"CRS3035RES200mN3129400E3787600","GEO_OBJECT":"C200M","OBS_STATUS":"A","lcog_geo":"59155,59183","ind":78,"men":35,"men_pauv":2,"men_1ind":14,"men_5ind":3,"men_prop":29,"men_fmp":0,"ind_snv":1721918.3,"men_surf":2869,"men_coll":3,"men_mais":32,"log_soc":1,"ind_inc":0,"log":35,"ind_0_17":16,"ind_65p":22}},{"type":"Feature","geometry":{"type":"Polygon","coordinates":[[[2.3815441131591797,51.02549794985822],[2.3818445205688477,51.02371640030469],[2.378969192504883,51.023527444063376],[2.378711700439453,51.02530900087859],[2.3815441131591797,51.02549794985822]]]},"id":1331286954,"properties":{"GEO":"CRS3035RES200mN3129200E3787400","GEO_OBJECT":"C200M","OBS_STATUS":"A","lcog_geo":"59155,59183","ind":251,"men":112,"men_pauv":12,"men_1ind":37,"men_5ind":5,"men_prop":94,"men_fmp":12,"ind_snv":6017634.6,"men_surf":9610,"men_coll":9,"men_mais":103,"log_soc":0,"ind_inc":0,"log":112,"ind_0_17":59,"ind_65p":43}},{"type":"Feature","geometry":{"type":"Polygon","coordinates":[[[2.378711700439453,51.02530900087859],[2.378969192504883,51.023527444063376],[2.3761367797851562,51.02333848705186],[2.3758363723754883,51.02512005112882],[2.378711700439453,51.02530900087859]]]},"id":1331286953,"properties":{"GEO":"CRS3035RES200mN3129200E3787200","GEO_OBJECT":"C200M","OBS_STATUS":"A","lcog_geo":"59155,59183","ind":121,"men":69,"men_pauv":6,"men_1ind":37,"men_5ind":2,"men_prop":38,"men_fmp":4,"ind_snv":2885125.9,"men_surf":5521,"men_coll":49,"men_mais":20,"log_soc":4,"ind_inc":0,"log":69,"ind_0_17":12.5,"ind_65p":43}},{"type":"Feature","geometry":{"type":"Polygon","coordinates":[[[2.3812437057495117,51.027279430944475],[2.3815441131591797,51.02549794985822],[2.378711700439453,51.02530900087859],[2.378411293029785,51.02709048922654],[2.3812437057495117,51.027279430944475]]]},"id":1331287008,"properties":{"GEO":"CRS3035RES200mN3129400E3787400","GEO_OBJECT":"C200M","OBS_STATUS":"A","lcog_geo":"59183,59155","ind":369.5,"men":187,"men_pauv":77,"men_1ind":97,"men_5ind":15,"men_prop":7,"men_fmp":28,"ind_snv":5699247.1,"men_surf":11924,"men_coll":180,"men_mais":7,"log_soc":167,"ind_inc":0,"log":187,"ind_0_17":87.5,"ind_65p":62}},{"type":"Feature","geometry":{"type":"Polygon","coordinates":[[[2.378411293029785,51.02709048922654],[2.378711700439453,51.02530900087859],[2.3758363723754883,51.02512005112882],[2.3755788803100586,51.02690154673837],[2.378411293029785,51.02709048922654]]]},"id":1331287007,"properties":{"GEO":"CRS3035RES200mN3129400E3787200","GEO_OBJECT":"C200M","OBS_STATUS":"A","lcog_geo":"59183","ind":107,"men":55,"men_pauv":12,"men_1ind":29,"men_5ind":3,"men_prop":13,"men_fmp":10,"ind_snv":2049833.4,"men_surf":3946,"men_coll":48,"men_mais":7,"log_soc":7,"ind_inc":0,"log":55,"ind_0_17":17,"ind_65p":18}},{"type":"Feature","geometry":{"type":"Polygon","coordinates":[[[2.3755788803100586,51.02690154673837],[2.3758363723754883,51.02512005112882],[2.3730039596557617,51.02493110060885],[2.3727035522460938,51.026712603480064],[2.3755788803100586,51.02690154673837]]]},"id":1331287006,"properties":{"GEO":"CRS3035RES200mN3129400E3787000","GEO_OBJECT":"C200M","OBS_STATUS":"A","lcog_geo":"59183","ind":204.5,"men":99,"men_pauv":42,"men_1ind":38,"men_5ind":5,"men_prop":0,"men_fmp":28,"ind_snv":3115890.2,"men_surf":6578,"men_coll":99,"men_mais":0,"log_soc":99,"ind_inc":0,"log":99,"ind_0_17":59.5,"ind_65p":36}},{"type":"Feature","geometry":{"type":"Polygon","coordinates":[[[2.3758363723754883,51.02512005112882],[2.3761367797851562,51.02333848705186],[2.3733043670654297,51.02314952927014],[2.3730039596557617,51.02493110060885],[2.3758363723754883,51.02512005112882]]]},"id":1331286952,"properties":{"GEO":"CRS3035RES200mN3129200E3787000","GEO_OBJECT":"C200M","OBS_STATUS":"I","lcog_geo":"59183,59155","ind":1,"men":0.4,"men_pauv":0.1,"men_1ind":0.1,"men_5ind":0.1,"men_prop":0.2,"men_fmp":0.1,"ind_snv":19992.2,"men_surf":35.1,"men_coll":0.2,"men_mais":0.2,"log_soc":0,"ind_inc":0,"log":0.4,"ind_0_17":0.4,"ind_65p":0.1}},{"type":"Feature","geometry":{"type":"Polygon","coordinates":[[[2.394847869873047,51.03178681214203],[2.395148277282715,51.03000550429442],[2.39227294921875,51.02981657368875],[2.3920154571533203,51.031597888797734],[2.394847869873047,51.03178681214203]]]},"id":1331287115,"properties":{"GEO":"CRS3035RES200mN3129800E3788400","GEO_OBJECT":"C200M","OBS_STATUS":"A","lcog_geo":"59155,59183","ind":206,"men":93,"men_pauv":3,"men_1ind":30,"men_5ind":5,"men_prop":82,"men_fmp":9,"ind_snv":5069198.8,"men_surf":7652,"men_coll":4,"men_mais":89,"log_soc":3,"ind_inc":0,"log":93,"ind_0_17":41,"ind_65p":60}},{"type":"Feature","geometry":{"type":"Polygon","coordinates":[[[2.3920154571533203,51.031597888797734],[2.39227294921875,51.02981657368875],[2.3894405364990234,51.02962764231293],[2.3891401290893555,51.031408964683294],[2.3920154571533203,51.031597888797734]]]},"id":1331287114,"properties":{"GEO":"CRS3035RES200mN3129800E3788200","GEO_OBJECT":"C200M","OBS_STATUS":"A","lcog_geo":"59155,59183","ind":93.5,"men":36,"men_pauv":4,"men_1ind":7,"men_5ind":3,"men_prop":22,"men_fmp":6,"ind_snv":2000035.2,"men_surf":3526,"men_coll":1,"men_mais":35,"log_soc":11,"ind_inc":0,"log":36,"ind_0_17":23,"ind_65p":18}},{"type":"Feature","geometry":{"type":"Polygon","coordinates":[[[2.39227294921875,51.02981657368875],[2.392573356628418,51.028035190114764],[2.3897409439086914,51.02784625147743],[2.3894405364990234,51.02962764231293],[2.39227294921875,51.02981657368875]]]},"id":1331287062,"properties":{"GEO":"CRS3035RES200mN3129600E3788200","GEO_OBJECT":"C200M","OBS_STATUS":"A","lcog_geo":"59155,59183","ind":156,"men":64,"men_pauv":9,"men_1ind":19,"men_5ind":6,"men_prop":44,"men_fmp":3,"ind_snv":3482007,"men_surf":5828,"men_coll":7,"men_mais":57,"log_soc":2,"ind_inc":0,"log":64,"ind_0_17":41,"ind_65p":29}},{"type":"Feature","geometry":{"type":"Polygon","coordinates":[[[2.3897409439086914,51.02784625147743],[2.3900413513183594,51.02606479217596],[2.387208938598633,51.025875845506874],[2.386908531188965,51.02765731206995],[2.3897409439086914,51.02784625147743]]]},"id":1331287011,"properties":{"GEO":"CRS3035RES200mN3129400E3788000","GEO_OBJECT":"C200M","OBS_STATUS":"A","lcog_geo":"59183,59155","ind":114,"men":47,"men_pauv":2,"men_1ind":12,"men_5ind":2,"men_prop":42,"men_fmp":2,"ind_snv":2702667.1,"men_surf":4010,"men_coll":2,"men_mais":45,"log_soc":0,"ind_inc":0,"log":47,"ind_0_17":22,"ind_65p":26}},{"type":"Feature","geometry":{"type":"Polygon","coordinates":[[[2.394547462463379,51.03356805152569],[2.394847869873047,51.03178681214203],[2.3920154571533203,51.031597888797734],[2.3917150497436523,51.033379135442715],[2.394547462463379,51.03356805152569]]]},"id":1331287165,"properties":{"GEO":"CRS3035RES200mN3130000E3788400","GEO_OBJECT":"C200M","OBS_STATUS":"A","lcog_geo":"59183,59155","ind":44,"men":20,"men_pauv":3,"men_1ind":5,"men_5ind":0,"men_prop":14,"men_fmp":2,"ind_snv":1315508.2,"men_surf":2367,"men_coll":7,"men_mais":13,"log_soc":0,"ind_inc":0,"log":20,"ind_0_17":5,"ind_65p":11}},{"type":"Feature","geometry":{"type":"Polygon","coordinates":[[[2.386908531188965,51.02765731206995],[2.387208938598633,51.025875845506874],[2.3843765258789062,51.02568689806762],[2.3840761184692383,51.0274683718923],[2.386908531188965,51.02765731206995]]]},"id":1331287010,"properties":{"GEO":"CRS3035RES200mN3129400E3787800","GEO_OBJECT":"C200M","OBS_STATUS":"A","lcog_geo":"59155,59183","ind":203.5,"men":92,"men_pauv":17,"men_1ind":27,"men_5ind":3,"men_prop":33,"men_fmp":13,"ind_snv":4100617.3,"men_surf":7021,"men_coll":23,"men_mais":69,"log_soc":35,"ind_inc":0,"log":92,"ind_0_17":37.5,"ind_65p":44}},{"type":"Feature","geometry":{"type":"Polygon","coordinates":[[[2.386608123779297,51.02943871016694],[2.386908531188965,51.02765731206995],[2.3840761184692383,51.0274683718923],[2.3837757110595703,51.02924977725081],[2.386608123779297,51.02943871016694]]]},"id":1331287061,"properties":{"GEO":"CRS3035RES200mN3129600E3787800","GEO_OBJECT":"C200M","OBS_STATUS":"I","lcog_geo":"59183,59155","ind":2,"men":0.8,"men_pauv":0.1,"men_1ind":0.3,"men_5ind":0.1,"men_prop":0.4,"men_fmp":0.2,"ind_snv":39984.4,"men_surf":70.1,"men_coll":0.3,"men_mais":0.5,"log_soc":0,"ind_inc":0,"log":0.7999999999999999,"ind_0_17":0.8,"ind_65p":0.2}},{"type":"Feature","geometry":{"type":"Polygon","coordinates":[[[2.3917150497436523,51.033379135442715],[2.3920154571533203,51.031597888797734],[2.3891401290893555,51.031408964683294],[2.388882637023926,51.03319021858957],[2.3917150497436523,51.033379135442715]]]},"id":1331287164,"properties":{"GEO":"CRS3035RES200mN3130000E3788200","GEO_OBJECT":"C200M","OBS_STATUS":"A","lcog_geo":"59183","ind":183,"men":69,"men_pauv":3,"men_1ind":13,"men_5ind":8,"men_prop":56,"men_fmp":3,"ind_snv":6079181.6,"men_surf":8723,"men_coll":3,"men_mais":66,"log_soc":0,"ind_inc":0,"log":69,"ind_0_17":37,"ind_65p":38}},{"type":"Feature","geometry":{"type":"Polygon","coordinates":[[[2.388882637023926,51.03319021858957],[2.3891401290893555,51.031408964683294],[2.386307716369629,51.03122003979877],[2.386007308959961,51.033001300966276],[2.388882637023926,51.03319021858957]]]},"id":1331287163,"properties":{"GEO":"CRS3035RES200mN3130000E3788000","GEO_OBJECT":"C200M","OBS_STATUS":"A","lcog_geo":"59183","ind":170,"men":72,"men_pauv":4,"men_1ind":15,"men_5ind":4,"men_prop":67,"men_fmp":5,"ind_snv":5630496.2,"men_surf":8661,"men_coll":2,"men_mais":70,"log_soc":0,"ind_inc":0,"log":72,"ind_0_17":33.5,"ind_65p":49}},{"type":"Feature","geometry":{"type":"Polygon","coordinates":[[[2.3891401290893555,51.031408964683294],[2.3894405364990234,51.02962764231293],[2.386608123779297,51.02943871016694],[2.386307716369629,51.03122003979877],[2.3891401290893555,51.031408964683294]]]},"id":1331287113,"properties":{"GEO":"CRS3035RES200mN3129800E3788000","GEO_OBJECT":"C200M","OBS_STATUS":"A","lcog_geo":"59183","ind":98,"men":34,"men_pauv":2,"men_1ind":5,"men_5ind":1,"men_prop":31,"men_fmp":5,"ind_snv":2763430.8,"men_surf":3776,"men_coll":0,"men_mais":34,"log_soc":0,"ind_inc":0,"log":34,"ind_0_17":27,"ind_65p":13}},{"type":"Feature","geometry":{"type":"Polygon","coordinates":[[[2.3914146423339844,51.03518730064616],[2.3917150497436523,51.033379135442715],[2.388882637023926,51.03319021858957],[2.388582229614258,51.03499839116424],[2.3914146423339844,51.03518730064616]]]},"id":1331287220,"properties":{"GEO":"CRS3035RES200mN3130200E3788200","GEO_OBJECT":"C200M","OBS_STATUS":"A","lcog_geo":"59183","ind":122,"men":70,"men_pauv":3,"men_1ind":39,"men_5ind":2,"men_prop":37,"men_fmp":1,"ind_snv":3578292.7,"men_surf":6096,"men_coll":49,"men_mais":21,"log_soc":11,"ind_inc":0,"log":70,"ind_0_17":12,"ind_65p":38}},{"type":"Feature","geometry":{"type":"Polygon","coordinates":[[[2.388582229614258,51.03499839116424],[2.388882637023926,51.03319021858957],[2.386007308959961,51.033001300966276],[2.3857498168945312,51.03480948091223],[2.388582229614258,51.03499839116424]]]},"id":1331287219,"properties":{"GEO":"CRS3035RES200mN3130200E3788000","GEO_OBJECT":"C200M","OBS_STATUS":"I","lcog_geo":"59183","ind":41,"men":18.3,"men_pauv":1.5,"men_1ind":7.3,"men_5ind":1.5,"men_prop":13.9,"men_fmp":1.5,"ind_snv":1345424.8,"men_surf":2108.6,"men_coll":3.7,"men_mais":14.6,"log_soc":0.7,"ind_inc":0,"log":18.3,"ind_0_17":8.100000000000001,"ind_65p":10.2}},{"type":"Feature","geometry":{"type":"Polygon","coordinates":[[[2.386307716369629,51.03122003979877],[2.386608123779297,51.02943871016694],[2.3837757110595703,51.02924977725081],[2.3834753036499023,51.03103111414404],[2.386307716369629,51.03122003979877]]]},"id":1331287112,"properties":{"GEO":"CRS3035RES200mN3129800E3787800","GEO_OBJECT":"C200M","OBS_STATUS":"A","lcog_geo":"59183","ind":168,"men":63,"men_pauv":29,"men_1ind":21,"men_5ind":10,"men_prop":9,"men_fmp":16,"ind_snv":2764195.5,"men_surf":4576,"men_coll":49,"men_mais":14,"log_soc":53,"ind_inc":0,"log":63,"ind_0_17":61,"ind_65p":14}},{"type":"Feature","geometry":{"type":"Polygon","coordinates":[[[2.3967790603637695,51.03734621145966],[2.3970794677734375,51.03553813049794],[2.394247055053711,51.035349222446285],[2.393946647644043,51.037157310779094],[2.3967790603637695,51.03734621145966]]]},"id":1331287272,"properties":{"GEO":"CRS3035RES200mN3130400E3788600","GEO_OBJECT":"C200M","OBS_STATUS":"A","lcog_geo":"59183","ind":207.5,"men":105,"men_pauv":23,"men_1ind":50,"men_5ind":4,"men_prop":47,"men_fmp":9,"ind_snv":5667297.3,"men_surf":9227,"men_coll":54,"men_mais":51,"log_soc":44,"ind_inc":0,"log":105,"ind_0_17":34.5,"ind_65p":49}},{"type":"Feature","geometry":{"type":"Polygon","coordinates":[[[2.393946647644043,51.037157310779094],[2.394247055053711,51.035349222446285],[2.3914146423339844,51.03518730064616],[2.3911142349243164,51.03696840932835],[2.393946647644043,51.037157310779094]]]},"id":1331287271,"properties":{"GEO":"CRS3035RES200mN3130400E3788400","GEO_OBJECT":"C200M","OBS_STATUS":"A","lcog_geo":"59183","ind":185,"men":92,"men_pauv":7,"men_1ind":36,"men_5ind":2,"men_prop":63,"men_fmp":7,"ind_snv":5281254.2,"men_surf":9037,"men_coll":52,"men_mais":40,"log_soc":0,"ind_inc":0,"log":92,"ind_0_17":27,"ind_65p":59}},{"type":"Feature","geometry":{"type":"Polygon","coordinates":[[[2.394247055053711,51.035349222446285],[2.394547462463379,51.03356805152569],[2.3917150497436523,51.033379135442715],[2.3914146423339844,51.03518730064616],[2.394247055053711,51.035349222446285]]]},"id":1331287221,"properties":{"GEO":"CRS3035RES200mN3130200E3788400","GEO_OBJECT":"C200M","OBS_STATUS":"A","lcog_geo":"59183","ind":129,"men":49,"men_pauv":1,"men_1ind":9,"men_5ind":2,"men_prop":43,"men_fmp":4,"ind_snv":3969860.6,"men_surf":5607,"men_coll":0,"men_mais":49,"log_soc":0,"ind_inc":0,"log":49,"ind_0_17":29,"ind_65p":27}},{"type":"Feature","geometry":{"type":"Polygon","coordinates":[[[2.3911142349243164,51.03696840932835],[2.3914146423339844,51.03518730064616],[2.388582229614258,51.03499839116424],[2.38828182220459,51.03677950710755],[2.3911142349243164,51.03696840932835]]]},"id":1331287270,"properties":{"GEO":"CRS3035RES200mN3130400E3788200","GEO_OBJECT":"C200M","OBS_STATUS":"I","lcog_geo":"59183","ind":13,"men":5.8,"men_pauv":0.5,"men_1ind":2.3,"men_5ind":0.5,"men_prop":4.4,"men_fmp":0.5,"ind_snv":426598.1,"men_surf":668.6,"men_coll":1.2,"men_mais":4.6,"log_soc":0.2,"ind_inc":0,"log":5.8,"ind_0_17":2.5999999999999996,"ind_65p":3.2}},{"type":"Feature","geometry":{"type":"Polygon","coordinates":[[[2.393646240234375,51.03893834373895],[2.393946647644043,51.037157310779094],[2.3911142349243164,51.03696840932835],[2.3908138275146484,51.03874944954927],[2.393646240234375,51.03893834373895]]]},"id":1331287312,"properties":{"GEO":"CRS3035RES200mN3130600E3788400","GEO_OBJECT":"C200M","OBS_STATUS":"A","lcog_geo":"59183","ind":256,"men":116,"men_pauv":8,"men_1ind":33,"men_5ind":7,"men_prop":90,"men_fmp":11,"ind_snv":6857944.4,"men_surf":11865,"men_coll":21,"men_mais":95,"log_soc":5,"ind_inc":0,"log":116,"ind_0_17":37.5,"ind_65p":66}},{"type":"Feature","geometry":{"type":"Polygon","coordinates":[[[2.395920753479004,51.04268908317658],[2.396221160888672,51.04090819439725],[2.393345832824707,51.04071930823852],[2.3930883407592773,51.04250020427867],[2.395920753479004,51.04268908317658]]]},"id":1331287392,"properties":{"GEO":"CRS3035RES200mN3131000E3788600","GEO_OBJECT":"C200M","OBS_STATUS":"A","lcog_geo":"59183","ind":227,"men":116,"men_pauv":7,"men_1ind":56,"men_5ind":5,"men_prop":70,"men_fmp":10,"ind_snv":6527108.6,"men_surf":11665,"men_coll":68,"men_mais":48,"log_soc":13,"ind_inc":0,"log":116,"ind_0_17":45.5,"ind_65p":50}},{"type":"Feature","geometry":{"type":"Polygon","coordinates":[[[2.3930883407592773,51.04250020427867],[2.393345832824707,51.04071930823852],[2.3905134201049805,51.04053042130971],[2.3902130126953125,51.042311324610665],[2.3930883407592773,51.04250020427867]]]},"id":1331287391,"properties":{"GEO":"CRS3035RES200mN3131000E3788400","GEO_OBJECT":"C200M","OBS_STATUS":"A","lcog_geo":"59183","ind":175,"men":94,"men_pauv":9,"men_1ind":54,"men_5ind":7,"men_prop":55,"men_fmp":5,"ind_snv":4863743.8,"men_surf":8466,"men_coll":53,"men_mais":41,"log_soc":10,"ind_inc":0,"log":94,"ind_0_17":26,"ind_65p":45}},{"type":"Feature","geometry":{"type":"Polygon","coordinates":[[[2.393345832824707,51.04071930823852],[2.393646240234375,51.03893834373895],[2.3908138275146484,51.03874944954927],[2.3905134201049805,51.04053042130971],[2.393345832824707,51.04071930823852]]]},"id":1331287354,"properties":{"GEO":"CRS3035RES200mN3130800E3788400","GEO_OBJECT":"C200M","OBS_STATUS":"A","lcog_geo":"59183","ind":354,"men":176,"men_pauv":29,"men_1ind":74,"men_5ind":6,"men_prop":95,"men_fmp":27,"ind_snv":8400222,"men_surf":15278,"men_coll":64,"men_mais":112,"log_soc":58,"ind_inc":0,"log":176,"ind_0_17":59.5,"ind_65p":85}},{"type":"Feature","geometry":{"type":"Polygon","coordinates":[[[2.3908138275146484,51.03874944954927],[2.3911142349243164,51.03696840932835],[2.38828182220459,51.03677950710755],[2.387981414794922,51.03856055458945],[2.3908138275146484,51.03874944954927]]]},"id":1331287311,"properties":{"GEO":"CRS3035RES200mN3130600E3788200","GEO_OBJECT":"C200M","OBS_STATUS":"A","lcog_geo":"59183","ind":536.5,"men":270,"men_pauv":51,"men_1ind":124,"men_5ind":12,"men_prop":90,"men_fmp":37,"ind_snv":11646003.5,"men_surf":20522,"men_coll":196,"men_mais":74,"log_soc":156,"ind_inc":4,"log":270,"ind_0_17":99.5,"ind_65p":146}},{"type":"Feature","geometry":{"type":"Polygon","coordinates":[[[2.3905134201049805,51.04053042130971],[2.3908138275146484,51.03874944954927],[2.387981414794922,51.03856055458945],[2.387681007385254,51.040341533610814],[2.3905134201049805,51.04053042130971]]]},"id":1331287353,"properties":{"GEO":"CRS3035RES200mN3130800E3788200","GEO_OBJECT":"C200M","OBS_STATUS":"A","lcog_geo":"59183","ind":421.5,"men":233,"men_pauv":74,"men_1ind":127,"men_5ind":8,"men_prop":37,"men_fmp":47,"ind_snv":7382577.2,"men_surf":14802,"men_coll":214,"men_mais":19,"log_soc":180,"ind_inc":0,"log":233,"ind_0_17":96.5,"ind_65p":122}},{"type":"Feature","geometry":{"type":"Polygon","coordinates":[[[2.38828182220459,51.03677950710755],[2.388582229614258,51.03499839116424],[2.3857498168945312,51.03480948091223],[2.3854494094848633,51.03659060411661],[2.38828182220459,51.03677950710755]]]},"id":1331287269,"properties":{"GEO":"CRS3035RES200mN3130400E3788000","GEO_OBJECT":"C200M","OBS_STATUS":"I","lcog_geo":"59183","ind":2,"men":0.9,"men_pauv":0.1,"men_1ind":0.4,"men_5ind":0.1,"men_prop":0.7,"men_fmp":0.1,"ind_snv":65630.5,"men_surf":102.9,"men_coll":0.2,"men_mais":0.7,"log_soc":0,"ind_inc":0,"log":0.8999999999999999,"ind_0_17":0.4,"ind_65p":0.5}},{"type":"Feature","geometry":{"type":"Polygon","coordinates":[[[2.3851490020751953,51.038371658859546],[2.3854494094848633,51.03659060411661],[2.3826169967651367,51.03640170035561],[2.3823165893554688,51.038182762359526],[2.3851490020751953,51.038371658859546]]]},"id":1331287310,"properties":{"GEO":"CRS3035RES200mN3130600E3787800","GEO_OBJECT":"C200M","OBS_STATUS":"A","lcog_geo":"59183","ind":313,"men":192,"men_pauv":33,"men_1ind":114,"men_5ind":5,"men_prop":44,"men_fmp":26,"ind_snv":6742052.1,"men_surf":12981,"men_coll":187,"men_mais":5,"log_soc":53,"ind_inc":0,"log":192,"ind_0_17":46,"ind_65p":70}},{"type":"Feature","geometry":{"type":"Polygon","coordinates":[[[2.3848485946655273,51.04015264514186],[2.3851490020751953,51.038371658859546],[2.3823165893554688,51.038182762359526],[2.382016181945801,51.03996375590276],[2.3848485946655273,51.04015264514186]]]},"id":1331287352,"properties":{"GEO":"CRS3035RES200mN3130800E3787800","GEO_OBJECT":"C200M","OBS_STATUS":"A","lcog_geo":"59183","ind":42,"men":28,"men_pauv":17,"men_1ind":20,"men_5ind":1,"men_prop":0,"men_fmp":2,"ind_snv":637524.4,"men_surf":1211,"men_coll":25,"men_mais":3,"log_soc":24,"ind_inc":0,"log":28,"ind_0_17":3,"ind_65p":0}},{"type":"Feature","geometry":{"type":"Polygon","coordinates":[[[2.3837757110595703,51.02924977725081],[2.3840761184692383,51.0274683718923],[2.3812437057495117,51.027279430944475],[2.3809432983398438,51.02906084356454],[2.3837757110595703,51.02924977725081]]]},"id":1331287060,"properties":{"GEO":"CRS3035RES200mN3129600E3787600","GEO_OBJECT":"C200M","OBS_STATUS":"A","lcog_geo":"59183,59155","ind":204,"men":122,"men_pauv":48,"men_1ind":73,"men_5ind":3,"men_prop":0,"men_fmp":10,"ind_snv":3430648.9,"men_surf":7182,"men_coll":122,"men_mais":0,"log_soc":122,"ind_inc":0,"log":122,"ind_0_17":32,"ind_65p":58}},{"type":"Feature","geometry":{"type":"Polygon","coordinates":[[[2.3834753036499023,51.03103111414404],[2.3837757110595703,51.02924977725081],[2.3809432983398438,51.02906084356454],[2.380642890930176,51.0308421877192],[2.3834753036499023,51.03103111414404]]]},"id":1331287111,"properties":{"GEO":"CRS3035RES200mN3129800E3787600","GEO_OBJECT":"C200M","OBS_STATUS":"A","lcog_geo":"59183","ind":46,"men":20,"men_pauv":4,"men_1ind":9,"men_5ind":2,"men_prop":6,"men_fmp":3,"ind_snv":937650.9,"men_surf":1770,"men_coll":12,"men_mais":8,"log_soc":2,"ind_inc":0,"log":20,"ind_0_17":13,"ind_65p":7}},{"type":"Feature","geometry":{"type":"Polygon","coordinates":[[[2.3809432983398438,51.02906084356454],[2.3812437057495117,51.027279430944475],[2.378411293029785,51.02709048922654],[2.378110885620117,51.02887190910806],[2.3809432983398438,51.02906084356454]]]},"id":1331287059,"properties":{"GEO":"CRS3035RES200mN3129600E3787400","GEO_OBJECT":"C200M","OBS_STATUS":"A","lcog_geo":"59183","ind":338,"men":162,"men_pauv":60,"men_1ind":66,"men_5ind":8,"men_prop":12,"men_fmp":28,"ind_snv":5545690.8,"men_surf":11530,"men_coll":151,"men_mais":11,"log_soc":98,"ind_inc":1,"log":162,"ind_0_17":73.5,"ind_65p":42}},{"type":"Feature","geometry":{"type":"Polygon","coordinates":[[[2.3831748962402344,51.032839370961966],[2.3834753036499023,51.03103111414404],[2.380642890930176,51.0308421877192],[2.380342483520508,51.03265045190844],[2.3831748962402344,51.032839370961966]]]},"id":1331287161,"properties":{"GEO":"CRS3035RES200mN3130000E3787600","GEO_OBJECT":"C200M","OBS_STATUS":"A","lcog_geo":"59183","ind":151.5,"men":86,"men_pauv":21,"men_1ind":49,"men_5ind":4,"men_prop":31,"men_fmp":11,"ind_snv":3472174.1,"men_surf":6790,"men_coll":68,"men_mais":18,"log_soc":13,"ind_inc":0,"log":86,"ind_0_17":23.5,"ind_65p":26}},{"type":"Feature","geometry":{"type":"Polygon","coordinates":[[[2.380642890930176,51.0308421877192],[2.3809432983398438,51.02906084356454],[2.378110885620117,51.02887190910806],[2.377810478210449,51.03065326052416],[2.380642890930176,51.0308421877192]]]},"id":1331287110,"properties":{"GEO":"CRS3035RES200mN3129800E3787400","GEO_OBJECT":"C200M","OBS_STATUS":"A","lcog_geo":"59183","ind":170.5,"men":96,"men_pauv":33,"men_1ind":64,"men_5ind":7,"men_prop":22,"men_fmp":10,"ind_snv":3478225.6,"men_surf":7217,"men_coll":79,"men_mais":17,"log_soc":26,"ind_inc":0,"log":96,"ind_0_17":35.5,"ind_65p":17}},{"type":"Feature","geometry":{"type":"Polygon","coordinates":[[[2.3857498168945312,51.03480948091223],[2.386007308959961,51.033001300966276],[2.3831748962402344,51.032839370961966],[2.3828744888305664,51.03462056989002],[2.3857498168945312,51.03480948091223]]]},"id":1331287218,"properties":{"GEO":"CRS3035RES200mN3130200E3787800","GEO_OBJECT":"C200M","OBS_STATUS":"A","lcog_geo":"59183","ind":117,"men":71,"men_pauv":22,"men_1ind":38,"men_5ind":1,"men_prop":8,"men_fmp":18,"ind_snv":1982067,"men_surf":4562,"men_coll":71,"men_mais":0,"log_soc":59,"ind_inc":0,"log":71,"ind_0_17":22,"ind_65p":32}},{"type":"Feature","geometry":{"type":"Polygon","coordinates":[[[2.386007308959961,51.033001300966276],[2.386307716369629,51.03122003979877],[2.3834753036499023,51.03103111414404],[2.3831748962402344,51.032839370961966],[2.386007308959961,51.033001300966276]]]},"id":1331287162,"properties":{"GEO":"CRS3035RES200mN3130000E3787800","GEO_OBJECT":"C200M","OBS_STATUS":"A","lcog_geo":"59183","ind":118.5,"men":50,"men_pauv":9,"men_1ind":13,"men_5ind":2,"men_prop":30,"men_fmp":5,"ind_snv":2936483.7,"men_surf":4804,"men_coll":17,"men_mais":33,"log_soc":15,"ind_inc":0,"log":50,"ind_0_17":22.5,"ind_65p":27}},{"type":"Feature","geometry":{"type":"Polygon","coordinates":[[[2.38004207611084,51.03443165809776],[2.380342483520508,51.03265045190844],[2.3775100708007812,51.03246153208477],[2.3772096633911133,51.03424274553535],[2.38004207611084,51.03443165809776]]]},"id":1331287216,"properties":{"GEO":"CRS3035RES200mN3130200E3787400","GEO_OBJECT":"C200M","OBS_STATUS":"A","lcog_geo":"59183","ind":426.5,"men":270,"men_pauv":60,"men_1ind":163,"men_5ind":5,"men_prop":81,"men_fmp":27,"ind_snv":9518222.8,"men_surf":19039,"men_coll":257,"men_mais":13,"log_soc":34,"ind_inc":0,"log":270,"ind_0_17":49.5,"ind_65p":104}},{"type":"Feature","geometry":{"type":"Polygon","coordinates":[[[2.378110885620117,51.02887190910806],[2.378411293029785,51.02709048922654],[2.3755788803100586,51.02690154673837],[2.3752784729003906,51.02868297388147],[2.378110885620117,51.02887190910806]]]},"id":1331287058,"properties":{"GEO":"CRS3035RES200mN3129600E3787200","GEO_OBJECT":"C200M","OBS_STATUS":"A","lcog_geo":"59183","ind":473.5,"men":252,"men_pauv":101,"men_1ind":138,"men_5ind":13,"men_prop":30,"men_fmp":36,"ind_snv":7889210.5,"men_surf":16916,"men_coll":223,"men_mais":29,"log_soc":101,"ind_inc":1,"log":252,"ind_0_17":103.5,"ind_65p":78}},{"type":"Feature","geometry":{"type":"Polygon","coordinates":[[[2.380342483520508,51.03265045190844],[2.380642890930176,51.0308421877192],[2.377810478210449,51.03065326052416],[2.3775100708007812,51.03246153208477],[2.380342483520508,51.03265045190844]]]},"id":1331287160,"properties":{"GEO":"CRS3035RES200mN3130000E3787400","GEO_OBJECT":"C200M","OBS_STATUS":"A","lcog_geo":"59183","ind":526.5,"men":311,"men_pauv":122,"men_1ind":211,"men_5ind":16,"men_prop":40,"men_fmp":40,"ind_snv":9210134.3,"men_surf":19946,"men_coll":292,"men_mais":19,"log_soc":127,"ind_inc":14,"log":311,"ind_0_17":102.5,"ind_65p":62}},{"type":"Feature","geometry":{"type":"Polygon","coordinates":[[[2.3775100708007812,51.03246153208477],[2.377810478210449,51.03065326052416],[2.3749780654907227,51.03049132231547],[2.3746776580810547,51.03227261149101],[2.3775100708007812,51.03246153208477]]]},"id":1331287159,"properties":{"GEO":"CRS3035RES200mN3130000E3787200","GEO_OBJECT":"C200M","OBS_STATUS":"A","lcog_geo":"59183","ind":369.5,"men":226,"men_pauv":51,"men_1ind":139,"men_5ind":8,"men_prop":65,"men_fmp":19,"ind_snv":7897259.4,"men_surf":15803,"men_coll":217,"men_mais":9,"log_soc":29,"ind_inc":0,"log":226,"ind_0_17":56,"ind_65p":90}},{"type":"Feature","geometry":{"type":"Polygon","coordinates":[[[2.377810478210449,51.03065326052416],[2.378110885620117,51.02887190910806],[2.3752784729003906,51.02868297388147],[2.3749780654907227,51.03049132231547],[2.377810478210449,51.03065326052416]]]},"id":1331287109,"properties":{"GEO":"CRS3035RES200mN3129800E3787200","GEO_OBJECT":"C200M","OBS_STATUS":"A","lcog_geo":"59183","ind":265,"men":155,"men_pauv":50,"men_1ind":90,"men_5ind":3,"men_prop":14,"men_fmp":26,"ind_snv":4831990.7,"men_surf":10323,"men_coll":149,"men_mais":6,"log_soc":73,"ind_inc":0,"log":155,"ind_0_17":59.5,"ind_65p":33}},{"type":"Feature","geometry":{"type":"Polygon","coordinates":[[[2.3772096633911133,51.03424274553535],[2.3775100708007812,51.03246153208477],[2.3746776580810547,51.03227261149101],[2.3743772506713867,51.03405383220283],[2.3772096633911133,51.03424274553535]]]},"id":1331287215,"properties":{"GEO":"CRS3035RES200mN3130200E3787200","GEO_OBJECT":"C200M","OBS_STATUS":"A","lcog_geo":"59183","ind":277.5,"men":180,"men_pauv":38,"men_1ind":111,"men_5ind":1,"men_prop":66,"men_fmp":15,"ind_snv":6352484.1,"men_surf":12156,"men_coll":178,"men_mais":2,"log_soc":0,"ind_inc":0,"log":180,"ind_0_17":23.5,"ind_65p":84}},{"type":"Feature","geometry":{"type":"Polygon","coordinates":[[[2.3746776580810547,51.03227261149101],[2.3749780654907227,51.03049132231547],[2.372145652770996,51.03030239369019],[2.371845245361328,51.03208369012708],[2.3746776580810547,51.03227261149101]]]},"id":1331287158,"properties":{"GEO":"CRS3035RES200mN3130000E3787000","GEO_OBJECT":"C200M","OBS_STATUS":"A","lcog_geo":"59183","ind":298.5,"men":195,"men_pauv":74,"men_1ind":136,"men_5ind":6,"men_prop":41,"men_fmp":18,"ind_snv":5437779.3,"men_surf":11125,"men_coll":190,"men_mais":5,"log_soc":39,"ind_inc":0,"log":195,"ind_0_17":41.5,"ind_65p":31}},{"type":"Feature","geometry":{"type":"Polygon","coordinates":[[[2.3743772506713867,51.03405383220283],[2.3746776580810547,51.03227261149101],[2.371845245361328,51.03208369012708],[2.37154483795166,51.033864918100164],[2.3743772506713867,51.03405383220283]]]},"id":1331287214,"properties":{"GEO":"CRS3035RES200mN3130200E3787000","GEO_OBJECT":"C200M","OBS_STATUS":"A","lcog_geo":"59183","ind":51,"men":29,"men_pauv":8,"men_1ind":19,"men_5ind":0,"men_prop":5,"men_fmp":1,"ind_snv":1083262.1,"men_surf":2181,"men_coll":29,"men_mais":0,"log_soc":0,"ind_inc":0,"log":29,"ind_0_17":12,"ind_65p":2}},{"type":"Feature","geometry":{"type":"Polygon","coordinates":[[[2.3854494094848633,51.03659060411661],[2.3857498168945312,51.03480948091223],[2.3828744888305664,51.03462056989002],[2.3826169967651367,51.03640170035561],[2.3854494094848633,51.03659060411661]]]},"id":1331287268,"properties":{"GEO":"CRS3035RES200mN3130400E3787800","GEO_OBJECT":"C200M","OBS_STATUS":"A","lcog_geo":"59183","ind":349,"men":242,"men_pauv":43,"men_1ind":157,"men_5ind":0,"men_prop":91,"men_fmp":24,"ind_snv":7974314.5,"men_surf":16117,"men_coll":237,"men_mais":5,"log_soc":35,"ind_inc":0,"log":242,"ind_0_17":22,"ind_65p":107}},{"type":"Feature","geometry":{"type":"Polygon","coordinates":[[[2.3826169967651367,51.03640170035561],[2.3828744888305664,51.03462056989002],[2.38004207611084,51.03443165809776],[2.379741668701172,51.03621279582447],[2.3826169967651367,51.03640170035561]]]},"id":1331287267,"properties":{"GEO":"CRS3035RES200mN3130400E3787600","GEO_OBJECT":"C200M","OBS_STATUS":"A","lcog_geo":"59183","ind":233.5,"men":146,"men_pauv":21,"men_1ind":84,"men_5ind":1,"men_prop":51,"men_fmp":13,"ind_snv":5343096.4,"men_surf":10522,"men_coll":146,"men_mais":0,"log_soc":66,"ind_inc":0,"log":146,"ind_0_17":22.5,"ind_65p":80}},{"type":"Feature","geometry":{"type":"Polygon","coordinates":[[[2.3828744888305664,51.03462056989002],[2.3831748962402344,51.032839370961966],[2.380342483520508,51.03265045190844],[2.38004207611084,51.03443165809776],[2.3828744888305664,51.03462056989002]]]},"id":1331287217,"properties":{"GEO":"CRS3035RES200mN3130200E3787600","GEO_OBJECT":"C200M","OBS_STATUS":"A","lcog_geo":"59183","ind":271,"men":168,"men_pauv":30,"men_1ind":98,"men_5ind":1,"men_prop":77,"men_fmp":26,"ind_snv":6334838.1,"men_surf":11607,"men_coll":167,"men_mais":1,"log_soc":3,"ind_inc":0,"log":168,"ind_0_17":34,"ind_65p":44}},{"type":"Feature","geometry":{"type":"Polygon","coordinates":[[[2.3823165893554688,51.038182762359526],[2.3826169967651367,51.03640170035561],[2.379741668701172,51.03621279582447],[2.379484176635742,51.03799386508942],[2.3823165893554688,51.038182762359526]]]},"id":1331287309,"properties":{"GEO":"CRS3035RES200mN3130600E3787600","GEO_OBJECT":"C200M","OBS_STATUS":"A","lcog_geo":"59183","ind":247,"men":182,"men_pauv":18,"men_1ind":124,"men_5ind":0,"men_prop":61,"men_fmp":12,"ind_snv":6379039.5,"men_surf":11327,"men_coll":181,"men_mais":1,"log_soc":0,"ind_inc":0,"log":182,"ind_0_17":9,"ind_65p":145}},{"type":"Feature","geometry":{"type":"Polygon","coordinates":[[[2.379484176635742,51.03799386508942],[2.379741668701172,51.03621279582447],[2.3769092559814453,51.03602389052318],[2.3766088485717773,51.0378049670492],[2.379484176635742,51.03799386508942]]]},"id":1331287308,"properties":{"GEO":"CRS3035RES200mN3130600E3787400","GEO_OBJECT":"C200M","OBS_STATUS":"A","lcog_geo":"59183","ind":288.5,"men":197,"men_pauv":22,"men_1ind":122,"men_5ind":0,"men_prop":86,"men_fmp":22,"ind_snv":7098173.7,"men_surf":13952,"men_coll":193,"men_mais":4,"log_soc":0,"ind_inc":0,"log":197,"ind_0_17":22.5,"ind_65p":96}},{"type":"Feature","geometry":{"type":"Polygon","coordinates":[[[2.379741668701172,51.03621279582447],[2.38004207611084,51.03443165809776],[2.3772096633911133,51.03424274553535],[2.3769092559814453,51.03602389052318],[2.379741668701172,51.03621279582447]]]},"id":1331287266,"properties":{"GEO":"CRS3035RES200mN3130400E3787400","GEO_OBJECT":"C200M","OBS_STATUS":"A","lcog_geo":"59183","ind":212,"men":142,"men_pauv":33,"men_1ind":91,"men_5ind":1,"men_prop":42,"men_fmp":12,"ind_snv":4707316.2,"men_surf":9660,"men_coll":139,"men_mais":3,"log_soc":0,"ind_inc":0,"log":142,"ind_0_17":17,"ind_65p":49}},{"type":"Feature","geometry":{"type":"Polygon","coordinates":[[[2.382016181945801,51.03996375590276],[2.3823165893554688,51.038182762359526],[2.379484176635742,51.03799386508942],[2.379183769226074,51.039774865893605],[2.382016181945801,51.03996375590276]]]},"id":1331287351,"properties":{"GEO":"CRS3035RES200mN3130800E3787600","GEO_OBJECT":"C200M","OBS_STATUS":"A","lcog_geo":"59183","ind":457.5,"men":274,"men_pauv":55,"men_1ind":161,"men_5ind":7,"men_prop":95,"men_fmp":31,"ind_snv":9883355.1,"men_surf":18744,"men_coll":270,"men_mais":4,"log_soc":47,"ind_inc":1,"log":274,"ind_0_17":65,"ind_65p":93}},{"type":"Feature","geometry":{"type":"Polygon","coordinates":[[[2.381715774536133,51.04177166417307],[2.382016181945801,51.03996375590276],[2.379183769226074,51.039774865893605],[2.3788833618164062,51.04158278153477],[2.381715774536133,51.04177166417307]]]},"id":1331287387,"properties":{"GEO":"CRS3035RES200mN3131000E3787600","GEO_OBJECT":"C200M","OBS_STATUS":"A","lcog_geo":"59183","ind":250.5,"men":161,"men_pauv":33,"men_1ind":102,"men_5ind":2,"men_prop":29,"men_fmp":13,"ind_snv":5635381.9,"men_surf":10585,"men_coll":150,"men_mais":11,"log_soc":30,"ind_inc":0,"log":161,"ind_0_17":31,"ind_65p":52}},{"type":"Feature","geometry":{"type":"Polygon","coordinates":[[[2.3769092559814453,51.03602389052318],[2.3772096633911133,51.03424274553535],[2.3743772506713867,51.03405383220283],[2.3740768432617188,51.03583498445178],[2.3769092559814453,51.03602389052318]]]},"id":1331287265,"properties":{"GEO":"CRS3035RES200mN3130400E3787200","GEO_OBJECT":"C200M","OBS_STATUS":"A","lcog_geo":"59183","ind":314,"men":202,"men_pauv":30,"men_1ind":121,"men_5ind":1,"men_prop":55,"men_fmp":30,"ind_snv":7202669.1,"men_surf":14271,"men_coll":202,"men_mais":0,"log_soc":25,"ind_inc":0,"log":202,"ind_0_17":43,"ind_65p":81}},{"type":"Feature","geometry":{"type":"Polygon","coordinates":[[[2.379183769226074,51.039774865893605],[2.379484176635742,51.03799386508942],[2.3766088485717773,51.0378049670492],[2.3763513565063477,51.039585975114306],[2.379183769226074,51.039774865893605]]]},"id":1331287350,"properties":{"GEO":"CRS3035RES200mN3130800E3787400","GEO_OBJECT":"C200M","OBS_STATUS":"A","lcog_geo":"59183","ind":373,"men":226,"men_pauv":61,"men_1ind":144,"men_5ind":9,"men_prop":108,"men_fmp":14,"ind_snv":8075104.5,"men_surf":16933,"men_coll":221,"men_mais":5,"log_soc":0,"ind_inc":6,"log":226,"ind_0_17":51,"ind_65p":100}},{"type":"Feature","geometry":{"type":"Polygon","coordinates":[[[2.3766088485717773,51.0378049670492],[2.3769092559814453,51.03602389052318],[2.3740768432617188,51.03583498445178],[2.373776435852051,51.03761606823886],[2.3766088485717773,51.0378049670492]]]},"id":1331287307,"properties":{"GEO":"CRS3035RES200mN3130600E3787200","GEO_OBJECT":"C200M","OBS_STATUS":"A","lcog_geo":"59183","ind":457.5,"men":296,"men_pauv":87,"men_1ind":193,"men_5ind":2,"men_prop":37,"men_fmp":49,"ind_snv":8725606.6,"men_surf":18245,"men_coll":276,"men_mais":20,"log_soc":145,"ind_inc":0,"log":296,"ind_0_17":71.5,"ind_65p":70}},{"type":"Feature","geometry":{"type":"Polygon","coordinates":[[[2.3740768432617188,51.03583498445178],[2.3743772506713867,51.03405383220283],[2.37154483795166,51.033864918100164],[2.371244430541992,51.035646077610295],[2.3740768432617188,51.03583498445178]]]},"id":1331287264,"properties":{"GEO":"CRS3035RES200mN3130400E3787000","GEO_OBJECT":"C200M","OBS_STATUS":"A","lcog_geo":"59183","ind":46.5,"men":31,"men_pauv":6,"men_1ind":20,"men_5ind":0,"men_prop":15,"men_fmp":5,"ind_snv":1030848,"men_surf":2273,"men_coll":23,"men_mais":8,"log_soc":0,"ind_inc":0,"log":31,"ind_0_17":2.5,"ind_65p":13}},{"type":"Feature","geometry":{"type":"Polygon","coordinates":[[[2.373776435852051,51.03761606823886],[2.3740768432617188,51.03583498445178],[2.371244430541992,51.035646077610295],[2.370944023132324,51.03742716865847],[2.373776435852051,51.03761606823886]]]},"id":1331287306,"properties":{"GEO":"CRS3035RES200mN3130600E3787000","GEO_OBJECT":"C200M","OBS_STATUS":"I","lcog_geo":"59183","ind":31,"men":16.3,"men_pauv":4.1,"men_1ind":9,"men_5ind":0,"men_prop":4.9,"men_fmp":0.8,"ind_snv":607764.8,"men_surf":981.4,"men_coll":15.5,"men_mais":0.8,"log_soc":0,"ind_inc":0,"log":16.299999999999997,"ind_0_17":5.699999999999999,"ind_65p":4.1}},{"type":"Feature","geometry":{"type":"Polygon","coordinates":[[[2.3788833618164062,51.04158278153477],[2.379183769226074,51.039774865893605],[2.3763513565063477,51.039585975114306],[2.3760509490966797,51.04139389812636],[2.3788833618164062,51.04158278153477]]]},"id":1331287386,"properties":{"GEO":"CRS3035RES200mN3131000E3787400","GEO_OBJECT":"C200M","OBS_STATUS":"I","lcog_geo":"59183","ind":47.5,"men":25.3,"men_pauv":7,"men_1ind":13.4,"men_5ind":0,"men_prop":3.5,"men_fmp":4.2,"ind_snv":910583.3,"men_surf":1570.7,"men_coll":20.4,"men_mais":4.9,"log_soc":1.4,"ind_inc":0,"log":25.299999999999997,"ind_0_17":7,"ind_65p":4.2}},{"type":"Feature","geometry":{"type":"Polygon","coordinates":[[[2.3763513565063477,51.039585975114306],[2.3766088485717773,51.0378049670492],[2.373776435852051,51.03761606823886],[2.373476028442383,51.03942406811916],[2.3763513565063477,51.039585975114306]]]},"id":1331287349,"properties":{"GEO":"CRS3035RES200mN3130800E3787200","GEO_OBJECT":"C200M","OBS_STATUS":"I","lcog_geo":"59183","ind":7,"men":3.7,"men_pauv":0.9,"men_1ind":2,"men_5ind":0,"men_prop":1.1,"men_fmp":0.2,"ind_snv":137237.2,"men_surf":221.6,"men_coll":3.5,"men_mais":0.2,"log_soc":0,"ind_inc":0,"log":3.7,"ind_0_17":1.2999999999999998,"ind_65p":0.8999999999999999}},{"type":"Feature","geometry":{"type":"Polygon","coordinates":[[[2.373218536376953,51.04120501394789],[2.373476028442383,51.03942406811916],[2.3706436157226562,51.03923517590971],[2.3703432083129883,51.0410161289993],[2.373218536376953,51.04120501394789]]]},"id":1331287384,"properties":{"GEO":"CRS3035RES200mN3131000E3787000","GEO_OBJECT":"C200M","OBS_STATUS":"I","lcog_geo":"59183","ind":3,"men":1.6,"men_pauv":0.4,"men_1ind":0.8,"men_5ind":0,"men_prop":0.2,"men_fmp":0.3,"ind_snv":57510.5,"men_surf":99.2,"men_coll":1.3,"men_mais":0.3,"log_soc":0.1,"ind_inc":0,"log":1.6,"ind_0_17":0.4,"ind_65p":0.2}},{"type":"Feature","geometry":{"type":"Polygon","coordinates":[[[2.3760509490966797,51.04139389812636],[2.3763513565063477,51.039585975114306],[2.373476028442383,51.03942406811916],[2.373218536376953,51.04120501394789],[2.3760509490966797,51.04139389812636]]]},"id":1331287385,"properties":{"GEO":"CRS3035RES200mN3131000E3787200","GEO_OBJECT":"C200M","OBS_STATUS":"A","lcog_geo":"59183","ind":99.5,"men":65,"men_pauv":11,"men_1ind":41,"men_5ind":1,"men_prop":16,"men_fmp":3,"ind_snv":2413500.3,"men_surf":4263,"men_coll":64,"men_mais":1,"log_soc":3,"ind_inc":0,"log":65,"ind_0_17":6.5,"ind_65p":26}},{"type":"Feature","geometry":{"type":"Polygon","coordinates":[[[2.415790557861328,51.044011213899864],[2.416090965270996,51.04220339302606],[2.4132156372070312,51.042014512147944],[2.4129581451416016,51.043822340392495],[2.415790557861328,51.044011213899864]]]},"id":1331287399,"properties":{"GEO":"CRS3035RES200mN3131000E3790000","GEO_OBJECT":"C200M","OBS_STATUS":"A","lcog_geo":"59183","ind":30,"men":15,"men_pauv":4,"men_1ind":7,"men_5ind":1,"men_prop":9,"men_fmp":0,"ind_snv":686763.7,"men_surf":1513,"men_coll":3,"men_mais":12,"log_soc":0,"ind_inc":0,"log":15,"ind_0_17":2,"ind_65p":3}},{"type":"Feature","geometry":{"type":"Polygon","coordinates":[[[2.4186229705810547,51.04417310486474],[2.4189233779907227,51.04239227313411],[2.416090965270996,51.04220339302606],[2.415790557861328,51.044011213899864],[2.4186229705810547,51.04417310486474]]]},"id":1331287400,"properties":{"GEO":"CRS3035RES200mN3131000E3790200","GEO_OBJECT":"C200M","OBS_STATUS":"I","lcog_geo":"59183","ind":4,"men":1.8,"men_pauv":0,"men_1ind":0,"men_5ind":0,"men_prop":1.8,"men_fmp":0.2,"ind_snv":133749.4,"men_surf":192.3,"men_coll":0.2,"men_mais":1.6,"log_soc":0,"ind_inc":0,"log":1.8,"ind_0_17":0.2,"ind_65p":2}},{"type":"Feature","geometry":{"type":"Polygon","coordinates":[[[2.41549015045166,51.04579198339624],[2.415790557861328,51.044011213899864],[2.4129581451416016,51.043822340392495],[2.4126577377319336,51.04560311714948],[2.41549015045166,51.04579198339624]]]},"id":1331287440,"properties":{"GEO":"CRS3035RES200mN3131200E3790000","GEO_OBJECT":"C200M","OBS_STATUS":"A","lcog_geo":"59183","ind":100,"men":44,"men_pauv":5,"men_1ind":9,"men_5ind":1,"men_prop":39,"men_fmp":9,"ind_snv":2707779.8,"men_surf":4202,"men_coll":4,"men_mais":40,"log_soc":0,"ind_inc":0,"log":44,"ind_0_17":21.5,"ind_65p":18}},{"type":"Feature","geometry":{"type":"Polygon","coordinates":[[[2.415189743041992,51.047572684435806],[2.41549015045166,51.04579198339624],[2.4126577377319336,51.04560311714948],[2.4123573303222656,51.04738382544954],[2.415189743041992,51.047572684435806]]]},"id":1331287482,"properties":{"GEO":"CRS3035RES200mN3131400E3790000","GEO_OBJECT":"C200M","OBS_STATUS":"A","lcog_geo":"59183","ind":189.5,"men":88,"men_pauv":10,"men_1ind":33,"men_5ind":5,"men_prop":73,"men_fmp":10,"ind_snv":4410902.7,"men_surf":7369,"men_coll":6,"men_mais":82,"log_soc":1,"ind_inc":3,"log":88,"ind_0_17":42.5,"ind_65p":45}},{"type":"Feature","geometry":{"type":"Polygon","coordinates":[[[2.4123573303222656,51.04738382544954],[2.4126577377319336,51.04560311714948],[2.409825325012207,51.04541425013264],[2.409524917602539,51.04719496569328],[2.4123573303222656,51.04738382544954]]]},"id":1331287481,"properties":{"GEO":"CRS3035RES200mN3131400E3789800","GEO_OBJECT":"C200M","OBS_STATUS":"A","lcog_geo":"59183","ind":408,"men":224,"men_pauv":33,"men_1ind":101,"men_5ind":5,"men_prop":122,"men_fmp":29,"ind_snv":9198451.6,"men_surf":18160,"men_coll":179,"men_mais":45,"log_soc":71,"ind_inc":0,"log":224,"ind_0_17":56,"ind_65p":161}},{"type":"Feature","geometry":{"type":"Polygon","coordinates":[[[2.4129581451416016,51.043822340392495],[2.4132156372070312,51.042014512147944],[2.4103832244873047,51.04185261363949],[2.4100828170776367,51.04363346611504],[2.4129581451416016,51.043822340392495]]]},"id":1331287398,"properties":{"GEO":"CRS3035RES200mN3131000E3789800","GEO_OBJECT":"C200M","OBS_STATUS":"A","lcog_geo":"59183","ind":122,"men":57,"men_pauv":6,"men_1ind":23,"men_5ind":2,"men_prop":35,"men_fmp":5,"ind_snv":3177178.3,"men_surf":4994,"men_coll":23,"men_mais":34,"log_soc":2,"ind_inc":0,"log":57,"ind_0_17":22,"ind_65p":25}},{"type":"Feature","geometry":{"type":"Polygon","coordinates":[[[2.4132156372070312,51.042014512147944],[2.413516044616699,51.04023359743712],[2.4106836318969727,51.040044708528086],[2.4103832244873047,51.04185261363949],[2.4132156372070312,51.042014512147944]]]},"id":1331287361,"properties":{"GEO":"CRS3035RES200mN3130800E3789800","GEO_OBJECT":"C200M","OBS_STATUS":"I","lcog_geo":"59183","ind":17,"men":7,"men_pauv":0,"men_1ind":1.2,"men_5ind":0.4,"men_prop":5.4,"men_fmp":0.4,"ind_snv":499599.5,"men_surf":765.4,"men_coll":0,"men_mais":7,"log_soc":0,"ind_inc":0,"log":7,"ind_0_17":3.7,"ind_65p":3.7}},{"type":"Feature","geometry":{"type":"Polygon","coordinates":[[[2.4126577377319336,51.04560311714948],[2.4129581451416016,51.043822340392495],[2.4100828170776367,51.04363346611504],[2.409825325012207,51.04541425013264],[2.4126577377319336,51.04560311714948]]]},"id":1331287439,"properties":{"GEO":"CRS3035RES200mN3131200E3789800","GEO_OBJECT":"C200M","OBS_STATUS":"A","lcog_geo":"59183","ind":342,"men":171,"men_pauv":43,"men_1ind":71,"men_5ind":7,"men_prop":43,"men_fmp":33,"ind_snv":6448122.1,"men_surf":12162,"men_coll":127,"men_mais":44,"log_soc":119,"ind_inc":0,"log":171,"ind_0_17":73,"ind_65p":65}},{"type":"Feature","geometry":{"type":"Polygon","coordinates":[[[2.409825325012207,51.04541425013264],[2.4100828170776367,51.04363346611504],[2.40725040435791,51.0434445910675],[2.406949996948242,51.04522538234576],[2.409825325012207,51.04541425013264]]]},"id":1331287438,"properties":{"GEO":"CRS3035RES200mN3131200E3789600","GEO_OBJECT":"C200M","OBS_STATUS":"A","lcog_geo":"59183","ind":365.5,"men":176,"men_pauv":25,"men_1ind":68,"men_5ind":5,"men_prop":131,"men_fmp":14,"ind_snv":8409610.3,"men_surf":14466,"men_coll":36,"men_mais":140,"log_soc":11,"ind_inc":0,"log":176,"ind_0_17":64,"ind_65p":80}},{"type":"Feature","geometry":{"type":"Polygon","coordinates":[[[2.4100828170776367,51.04363346611504],[2.4103832244873047,51.04185261363949],[2.407550811767578,51.04166373133123],[2.40725040435791,51.0434445910675],[2.4100828170776367,51.04363346611504]]]},"id":1331287397,"properties":{"GEO":"CRS3035RES200mN3131000E3789600","GEO_OBJECT":"C200M","OBS_STATUS":"A","lcog_geo":"59183","ind":304,"men":129,"men_pauv":16,"men_1ind":40,"men_5ind":10,"men_prop":95,"men_fmp":13,"ind_snv":7800106.8,"men_surf":12299,"men_coll":16,"men_mais":113,"log_soc":4,"ind_inc":0,"log":129,"ind_0_17":65,"ind_65p":60}},{"type":"Feature","geometry":{"type":"Polygon","coordinates":[[[2.40725040435791,51.0434445910675],[2.407550811767578,51.04166373133123],[2.4047183990478516,51.04147484825285],[2.4044179916381836,51.04325571524987],[2.40725040435791,51.0434445910675]]]},"id":1331287396,"properties":{"GEO":"CRS3035RES200mN3131000E3789400","GEO_OBJECT":"C200M","OBS_STATUS":"A","lcog_geo":"59183","ind":267,"men":137,"men_pauv":16,"men_1ind":63,"men_5ind":6,"men_prop":60,"men_fmp":21,"ind_snv":5775893.5,"men_surf":10294,"men_coll":56,"men_mais":81,"log_soc":12,"ind_inc":0,"log":137,"ind_0_17":46.5,"ind_65p":42}},{"type":"Feature","geometry":{"type":"Polygon","coordinates":[[[2.409524917602539,51.04719496569328],[2.409825325012207,51.04541425013264],[2.406949996948242,51.04522538234576],[2.4066925048828125,51.04700610516693],[2.409524917602539,51.04719496569328]]]},"id":1331287480,"properties":{"GEO":"CRS3035RES200mN3131400E3789600","GEO_OBJECT":"C200M","OBS_STATUS":"A","lcog_geo":"59183","ind":218,"men":93,"men_pauv":7,"men_1ind":32,"men_5ind":5,"men_prop":81,"men_fmp":9,"ind_snv":5980867.7,"men_surf":9744,"men_coll":11,"men_mais":82,"log_soc":3,"ind_inc":0,"log":93,"ind_0_17":30.5,"ind_65p":47}},{"type":"Feature","geometry":{"type":"Polygon","coordinates":[[[2.4066925048828125,51.04700610516693],[2.406949996948242,51.04522538234576],[2.4041175842285156,51.04503651378877],[2.4038171768188477,51.04681724387052],[2.4066925048828125,51.04700610516693]]]},"id":1331287479,"properties":{"GEO":"CRS3035RES200mN3131400E3789400","GEO_OBJECT":"C200M","OBS_STATUS":"A","lcog_geo":"59183","ind":396,"men":167,"men_pauv":29,"men_1ind":49,"men_5ind":12,"men_prop":91,"men_fmp":26,"ind_snv":9368034.2,"men_surf":14258,"men_coll":52,"men_mais":115,"log_soc":56,"ind_inc":0,"log":167,"ind_0_17":103.5,"ind_65p":72}},{"type":"Feature","geometry":{"type":"Polygon","coordinates":[[[2.406949996948242,51.04522538234576],[2.40725040435791,51.0434445910675],[2.4044179916381836,51.04325571524987],[2.4041175842285156,51.04503651378877],[2.406949996948242,51.04522538234576]]]},"id":1331287437,"properties":{"GEO":"CRS3035RES200mN3131200E3789400","GEO_OBJECT":"C200M","OBS_STATUS":"A","lcog_geo":"59183","ind":396,"men":192,"men_pauv":24,"men_1ind":74,"men_5ind":6,"men_prop":120,"men_fmp":26,"ind_snv":8951744.5,"men_surf":16002,"men_coll":52,"men_mais":140,"log_soc":41,"ind_inc":0,"log":192,"ind_0_17":78,"ind_65p":70}},{"type":"Feature","geometry":{"type":"Polygon","coordinates":[[[2.4063920974731445,51.048813738617014],[2.4066925048828125,51.04700610516693],[2.4038171768188477,51.04681724387052],[2.403559684753418,51.048624884691094],[2.4063920974731445,51.048813738617014]]]},"id":1331287517,"properties":{"GEO":"CRS3035RES200mN3131600E3789400","GEO_OBJECT":"C200M","OBS_STATUS":"A","lcog_geo":"59183","ind":259,"men":117,"men_pauv":8,"men_1ind":36,"men_5ind":3,"men_prop":103,"men_fmp":13,"ind_snv":8196018.5,"men_surf":11931,"men_coll":19,"men_mais":98,"log_soc":0,"ind_inc":0,"log":117,"ind_0_17":51,"ind_65p":74}},{"type":"Feature","geometry":{"type":"Polygon","coordinates":[[[2.414889335632324,51.04935331701941],[2.415189743041992,51.047572684435806],[2.4123573303222656,51.04738382544954],[2.4120569229125977,51.049164465293615],[2.414889335632324,51.04935331701941]]]},"id":1331287520,"properties":{"GEO":"CRS3035RES200mN3131600E3790000","GEO_OBJECT":"C200M","OBS_STATUS":"A","lcog_geo":"59183","ind":375.5,"men":203,"men_pauv":45,"men_1ind":95,"men_5ind":3,"men_prop":32,"men_fmp":45,"ind_snv":7618054.3,"men_surf":13722,"men_coll":174,"men_mais":29,"log_soc":149,"ind_inc":0,"log":203,"ind_0_17":74.5,"ind_65p":76}},{"type":"Feature","geometry":{"type":"Polygon","coordinates":[[[2.4142885208129883,51.0529413535034],[2.4145889282226562,51.051133881148075],[2.4117565155029297,51.050972014510535],[2.4114561080932617,51.05275251640816],[2.4142885208129883,51.0529413535034]]]},"id":1331287589,"properties":{"GEO":"CRS3035RES200mN3132000E3790000","GEO_OBJECT":"C200M","OBS_STATUS":"I","lcog_geo":"59183","ind":125,"men":72.2,"men_pauv":4.6,"men_1ind":37,"men_5ind":0.9,"men_prop":41.7,"men_fmp":5.6,"ind_snv":3376061.2,"men_surf":5795.4,"men_coll":38.9,"men_mais":33.3,"log_soc":17.6,"ind_inc":0,"log":72.19999999999999,"ind_0_17":12.1,"ind_65p":56.4}},{"type":"Feature","geometry":{"type":"Polygon","coordinates":[[[2.4120569229125977,51.049164465293615],[2.4123573303222656,51.04738382544954],[2.409524917602539,51.04719496569328],[2.409224510192871,51.04897561279776],[2.4120569229125977,51.049164465293615]]]},"id":1331287519,"properties":{"GEO":"CRS3035RES200mN3131600E3789800","GEO_OBJECT":"C200M","OBS_STATUS":"A","lcog_geo":"59183","ind":112,"men":65,"men_pauv":17,"men_1ind":35,"men_5ind":1,"men_prop":28,"men_fmp":9,"ind_snv":2738329.8,"men_surf":5301,"men_coll":43,"men_mais":22,"log_soc":27,"ind_inc":0,"log":65,"ind_0_17":14.5,"ind_65p":46}},{"type":"Feature","geometry":{"type":"Polygon","coordinates":[[[2.4145889282226562,51.051133881148075],[2.414889335632324,51.04935331701941],[2.4120569229125977,51.049164465293615],[2.4117565155029297,51.050972014510535],[2.4145889282226562,51.051133881148075]]]},"id":1331287555,"properties":{"GEO":"CRS3035RES200mN3131800E3790000","GEO_OBJECT":"C200M","OBS_STATUS":"A","lcog_geo":"59183","ind":201,"men":137,"men_pauv":7,"men_1ind":83,"men_5ind":0,"men_prop":76,"men_fmp":5,"ind_snv":5770262.4,"men_surf":11155,"men_coll":98,"men_mais":39,"log_soc":0,"ind_inc":0,"log":137,"ind_0_17":9,"ind_65p":119}},{"type":"Feature","geometry":{"type":"Polygon","coordinates":[[[2.4140310287475586,51.05472177968761],[2.4142885208129883,51.0529413535034],[2.4114561080932617,51.05275251640816],[2.4111557006835938,51.05453294985253],[2.4140310287475586,51.05472177968761]]]},"id":1331287605,"properties":{"GEO":"CRS3035RES200mN3132200E3790000","GEO_OBJECT":"C200M","OBS_STATUS":"A","lcog_geo":"59183","ind":269.5,"men":199,"men_pauv":28,"men_1ind":134,"men_5ind":1,"men_prop":127,"men_fmp":14,"ind_snv":6709680.7,"men_surf":13506,"men_coll":199,"men_mais":0,"log_soc":0,"ind_inc":0,"log":199,"ind_0_17":5.5,"ind_65p":159}},{"type":"Feature","geometry":{"type":"Polygon","coordinates":[[[2.4117565155029297,51.050972014510535],[2.4120569229125977,51.049164465293615],[2.409224510192871,51.04897561279776],[2.408924102783203,51.05078316938503],[2.4117565155029297,51.050972014510535]]]},"id":1331287554,"properties":{"GEO":"CRS3035RES200mN3131800E3789800","GEO_OBJECT":"C200M","OBS_STATUS":"A","lcog_geo":"59183","ind":382,"men":269,"men_pauv":50,"men_1ind":184,"men_5ind":0,"men_prop":52,"men_fmp":20,"ind_snv":7458211,"men_surf":15548,"men_coll":269,"men_mais":0,"log_soc":105,"ind_inc":0,"log":269,"ind_0_17":31,"ind_65p":132}},{"type":"Feature","geometry":{"type":"Polygon","coordinates":[[[2.408924102783203,51.05078316938503],[2.409224510192871,51.04897561279776],[2.4063920974731445,51.048813738617014],[2.4060916900634766,51.05059432348949],[2.408924102783203,51.05078316938503]]]},"id":1331287553,"properties":{"GEO":"CRS3035RES200mN3131800E3789600","GEO_OBJECT":"C200M","OBS_STATUS":"A","lcog_geo":"59183","ind":338.5,"men":245,"men_pauv":22,"men_1ind":166,"men_5ind":1,"men_prop":95,"men_fmp":8,"ind_snv":8133878,"men_surf":16251,"men_coll":238,"men_mais":7,"log_soc":0,"ind_inc":0,"log":245,"ind_0_17":15.5,"ind_65p":160}},{"type":"Feature","geometry":{"type":"Polygon","coordinates":[[[2.409224510192871,51.04897561279776],[2.409524917602539,51.04719496569328],[2.4066925048828125,51.04700610516693],[2.4063920974731445,51.048813738617014],[2.409224510192871,51.04897561279776]]]},"id":1331287518,"properties":{"GEO":"CRS3035RES200mN3131600E3789600","GEO_OBJECT":"C200M","OBS_STATUS":"A","lcog_geo":"59183","ind":140,"men":61,"men_pauv":0,"men_1ind":13,"men_5ind":2,"men_prop":57,"men_fmp":5,"ind_snv":5042164.1,"men_surf":7834,"men_coll":0,"men_mais":61,"log_soc":0,"ind_inc":0,"log":61,"ind_0_17":23,"ind_65p":48}},{"type":"Feature","geometry":{"type":"Polygon","coordinates":[[[2.4060916900634766,51.05059432348949],[2.4063920974731445,51.048813738617014],[2.403559684753418,51.048624884691094],[2.40325927734375,51.050405476823954],[2.4060916900634766,51.05059432348949]]]},"id":1331287552,"properties":{"GEO":"CRS3035RES200mN3131800E3789400","GEO_OBJECT":"C200M","OBS_STATUS":"A","lcog_geo":"59183","ind":127,"men":55,"men_pauv":1,"men_1ind":18,"men_5ind":4,"men_prop":44,"men_fmp":1,"ind_snv":4852675,"men_surf":7411,"men_coll":10,"men_mais":45,"log_soc":0,"ind_inc":0,"log":55,"ind_0_17":24,"ind_65p":36}},{"type":"Feature","geometry":{"type":"Polygon","coordinates":[[[2.4114561080932617,51.05275251640816],[2.4117565155029297,51.050972014510535],[2.408924102783203,51.05078316938503],[2.408623695373535,51.052563678542896],[2.4114561080932617,51.05275251640816]]]},"id":1331287588,"properties":{"GEO":"CRS3035RES200mN3132000E3789800","GEO_OBJECT":"C200M","OBS_STATUS":"A","lcog_geo":"59183","ind":648,"men":439,"men_pauv":53,"men_1ind":277,"men_5ind":4,"men_prop":224,"men_fmp":31,"ind_snv":15261145.6,"men_surf":31390,"men_coll":439,"men_mais":0,"log_soc":105,"ind_inc":0,"log":439,"ind_0_17":49.5,"ind_65p":346}},{"type":"Feature","geometry":{"type":"Polygon","coordinates":[[[2.408623695373535,51.052563678542896],[2.408924102783203,51.05078316938503],[2.4060916900634766,51.05059432348949],[2.4057912826538086,51.05237483990763],[2.408623695373535,51.052563678542896]]]},"id":1331287587,"properties":{"GEO":"CRS3035RES200mN3132000E3789600","GEO_OBJECT":"C200M","OBS_STATUS":"A","lcog_geo":"59183","ind":311,"men":224,"men_pauv":17,"men_1ind":142,"men_5ind":0,"men_prop":143,"men_fmp":12,"ind_snv":8574459.4,"men_surf":18397,"men_coll":217,"men_mais":7,"log_soc":0,"ind_inc":0,"log":224,"ind_0_17":7,"ind_65p":203}},{"type":"Feature","geometry":{"type":"Polygon","coordinates":[[[2.4047183990478516,51.04147484825285],[2.4050188064575195,51.039693912796764],[2.402186393737793,51.03950502168746],[2.401885986328125,51.04128596440438],[2.4047183990478516,51.04147484825285]]]},"id":1331287358,"properties":{"GEO":"CRS3035RES200mN3130800E3789200","GEO_OBJECT":"C200M","OBS_STATUS":"A","lcog_geo":"59183","ind":288.5,"men":138,"men_pauv":21,"men_1ind":58,"men_5ind":7,"men_prop":70,"men_fmp":13,"ind_snv":8271168.7,"men_surf":13696,"men_coll":81,"men_mais":57,"log_soc":29,"ind_inc":0,"log":138,"ind_0_17":56,"ind_65p":54}},{"type":"Feature","geometry":{"type":"Polygon","coordinates":[[[2.4044179916381836,51.04325571524987],[2.4047183990478516,51.04147484825285],[2.401885986328125,51.04128596440438],[2.401585578918457,51.043066838662185],[2.4044179916381836,51.04325571524987]]]},"id":1331287395,"properties":{"GEO":"CRS3035RES200mN3131000E3789200","GEO_OBJECT":"C200M","OBS_STATUS":"A","lcog_geo":"59183","ind":320.5,"men":150,"men_pauv":17,"men_1ind":57,"men_5ind":6,"men_prop":107,"men_fmp":15,"ind_snv":8184393,"men_surf":13135,"men_coll":39,"men_mais":111,"log_soc":1,"ind_inc":0,"log":150,"ind_0_17":65,"ind_65p":67}},{"type":"Feature","geometry":{"type":"Polygon","coordinates":[[[2.401585578918457,51.043066838662185],[2.401885986328125,51.04128596440438],[2.3990535736083984,51.04109707978583],[2.3987531661987305,51.04287796130441],[2.401585578918457,51.043066838662185]]]},"id":1331287394,"properties":{"GEO":"CRS3035RES200mN3131000E3789000","GEO_OBJECT":"C200M","OBS_STATUS":"A","lcog_geo":"59183","ind":465,"men":221,"men_pauv":27,"men_1ind":90,"men_5ind":9,"men_prop":160,"men_fmp":14,"ind_snv":11993356.1,"men_surf":19490,"men_coll":36,"men_mais":185,"log_soc":10,"ind_inc":0,"log":221,"ind_0_17":95,"ind_65p":86}},{"type":"Feature","geometry":{"type":"Polygon","coordinates":[[[2.401285171508789,51.04484764446178],[2.401585578918457,51.043066838662185],[2.3987531661987305,51.04287796130441],[2.3984527587890625,51.04465877436468],[2.401285171508789,51.04484764446178]]]},"id":1331287435,"properties":{"GEO":"CRS3035RES200mN3131200E3789000","GEO_OBJECT":"C200M","OBS_STATUS":"A","lcog_geo":"59183","ind":405,"men":213,"men_pauv":27,"men_1ind":112,"men_5ind":11,"men_prop":123,"men_fmp":11,"ind_snv":10642019.1,"men_surf":17126,"men_coll":110,"men_mais":103,"log_soc":4,"ind_inc":0,"log":213,"ind_0_17":67,"ind_65p":91}},{"type":"Feature","geometry":{"type":"Polygon","coordinates":[[[2.4041175842285156,51.04503651378877],[2.4044179916381836,51.04325571524987],[2.401585578918457,51.043066838662185],[2.401285171508789,51.04484764446178],[2.4041175842285156,51.04503651378877]]]},"id":1331287436,"properties":{"GEO":"CRS3035RES200mN3131200E3789200","GEO_OBJECT":"C200M","OBS_STATUS":"A","lcog_geo":"59183","ind":275,"men":147,"men_pauv":24,"men_1ind":78,"men_5ind":6,"men_prop":80,"men_fmp":14,"ind_snv":6901711.2,"men_surf":12132,"men_coll":56,"men_mais":91,"log_soc":4,"ind_inc":0,"log":147,"ind_0_17":48,"ind_65p":42}},{"type":"Feature","geometry":{"type":"Polygon","coordinates":[[[2.4038171768188477,51.04681724387052],[2.4041175842285156,51.04503651378877],[2.401285171508789,51.04484764446178],[2.400984764099121,51.046628381804055],[2.4038171768188477,51.04681724387052]]]},"id":1331287478,"properties":{"GEO":"CRS3035RES200mN3131400E3789200","GEO_OBJECT":"C200M","OBS_STATUS":"A","lcog_geo":"59183","ind":258,"men":130,"men_pauv":13,"men_1ind":52,"men_5ind":6,"men_prop":59,"men_fmp":18,"ind_snv":6040096.7,"men_surf":10754,"men_coll":104,"men_mais":26,"log_soc":27,"ind_inc":0,"log":130,"ind_0_17":50.5,"ind_65p":74}},{"type":"Feature","geometry":{"type":"Polygon","coordinates":[[[2.400684356689453,51.048436029995116],[2.400984764099121,51.046628381804055],[2.3981523513793945,51.04646649941992],[2.3978519439697266,51.04824717452908],[2.400684356689453,51.048436029995116]]]},"id":1331287515,"properties":{"GEO":"CRS3035RES200mN3131600E3789000","GEO_OBJECT":"C200M","OBS_STATUS":"A","lcog_geo":"59183","ind":316.5,"men":166,"men_pauv":21,"men_1ind":82,"men_5ind":4,"men_prop":104,"men_fmp":12,"ind_snv":8892850.7,"men_surf":14689,"men_coll":72,"men_mais":94,"log_soc":1,"ind_inc":0,"log":166,"ind_0_17":48.5,"ind_65p":77}},{"type":"Feature","geometry":{"type":"Polygon","coordinates":[[[2.3987531661987305,51.04287796130441],[2.3990535736083984,51.04109707978583],[2.396221160888672,51.04090819439725],[2.395920753479004,51.04268908317658],[2.3987531661987305,51.04287796130441]]]},"id":1331287393,"properties":{"GEO":"CRS3035RES200mN3131000E3788800","GEO_OBJECT":"C200M","OBS_STATUS":"A","lcog_geo":"59183","ind":389,"men":184,"men_pauv":27,"men_1ind":74,"men_5ind":9,"men_prop":121,"men_fmp":18,"ind_snv":9874143.1,"men_surf":16042,"men_coll":40,"men_mais":144,"log_soc":9,"ind_inc":0,"log":184,"ind_0_17":84,"ind_65p":47}},{"type":"Feature","geometry":{"type":"Polygon","coordinates":[[[2.3984527587890625,51.04465877436468],[2.3987531661987305,51.04287796130441],[2.395920753479004,51.04268908317658],[2.395620346069336,51.04446990349754],[2.3984527587890625,51.04465877436468]]]},"id":1331287434,"properties":{"GEO":"CRS3035RES200mN3131200E3788800","GEO_OBJECT":"C200M","OBS_STATUS":"A","lcog_geo":"59183","ind":351.5,"men":168,"men_pauv":17,"men_1ind":70,"men_5ind":5,"men_prop":104,"men_fmp":9,"ind_snv":9888645.8,"men_surf":15679,"men_coll":79,"men_mais":89,"log_soc":7,"ind_inc":0,"log":168,"ind_0_17":58.5,"ind_65p":67}},{"type":"Feature","geometry":{"type":"Polygon","coordinates":[[[2.3981523513793945,51.04646649941992],[2.3984527587890625,51.04465877436468],[2.395620346069336,51.04446990349754],[2.395319938659668,51.04627763592336],[2.3981523513793945,51.04646649941992]]]},"id":1331287476,"properties":{"GEO":"CRS3035RES200mN3131400E3788800","GEO_OBJECT":"C200M","OBS_STATUS":"A","lcog_geo":"59183","ind":383,"men":232,"men_pauv":53,"men_1ind":139,"men_5ind":8,"men_prop":97,"men_fmp":17,"ind_snv":10066933.1,"men_surf":18813,"men_coll":141,"men_mais":91,"log_soc":12,"ind_inc":0,"log":232,"ind_0_17":58,"ind_65p":107}},{"type":"Feature","geometry":{"type":"Polygon","coordinates":[[[2.395620346069336,51.04446990349754],[2.395920753479004,51.04268908317658],[2.3930883407592773,51.04250020427867],[2.3927879333496094,51.04428103186032],[2.395620346069336,51.04446990349754]]]},"id":1331287433,"properties":{"GEO":"CRS3035RES200mN3131200E3788600","GEO_OBJECT":"C200M","OBS_STATUS":"A","lcog_geo":"59183","ind":479.5,"men":268,"men_pauv":26,"men_1ind":140,"men_5ind":8,"men_prop":157,"men_fmp":21,"ind_snv":13272831.2,"men_surf":23183,"men_coll":177,"men_mais":91,"log_soc":1,"ind_inc":0,"log":268,"ind_0_17":59.5,"ind_65p":147}},{"type":"Feature","geometry":{"type":"Polygon","coordinates":[[[2.400984764099121,51.046628381804055],[2.401285171508789,51.04484764446178],[2.3984527587890625,51.04465877436468],[2.3981523513793945,51.04646649941992],[2.400984764099121,51.046628381804055]]]},"id":1331287477,"properties":{"GEO":"CRS3035RES200mN3131400E3789000","GEO_OBJECT":"C200M","OBS_STATUS":"A","lcog_geo":"59183","ind":367,"men":184,"men_pauv":22,"men_1ind":86,"men_5ind":10,"men_prop":120,"men_fmp":13,"ind_snv":10471706.2,"men_surf":16153,"men_coll":87,"men_mais":97,"log_soc":1,"ind_inc":0,"log":184,"ind_0_17":69,"ind_65p":76}},{"type":"Feature","geometry":{"type":"Polygon","coordinates":[[[2.3978519439697266,51.04824717452908],[2.3981523513793945,51.04646649941992],[2.395319938659668,51.04627763592336],[2.39501953125,51.048058318293016],[2.3978519439697266,51.04824717452908]]]},"id":1331287514,"properties":{"GEO":"CRS3035RES200mN3131600E3788800","GEO_OBJECT":"C200M","OBS_STATUS":"A","lcog_geo":"59183","ind":450,"men":213,"men_pauv":23,"men_1ind":88,"men_5ind":12,"men_prop":120,"men_fmp":19,"ind_snv":12621808.4,"men_surf":20179,"men_coll":87,"men_mais":126,"log_soc":3,"ind_inc":0,"log":213,"ind_0_17":95,"ind_65p":74}},{"type":"Feature","geometry":{"type":"Polygon","coordinates":[[[2.39501953125,51.048058318293016],[2.395319938659668,51.04627763592336],[2.3924875259399414,51.04608877165674],[2.3921871185302734,51.04786946128692],[2.39501953125,51.048058318293016]]]},"id":1331287513,"properties":{"GEO":"CRS3035RES200mN3131600E3788600","GEO_OBJECT":"C200M","OBS_STATUS":"A","lcog_geo":"59183","ind":326,"men":191,"men_pauv":30,"men_1ind":116,"men_5ind":6,"men_prop":75,"men_fmp":7,"ind_snv":8679707.3,"men_surf":16989,"men_coll":133,"men_mais":58,"log_soc":12,"ind_inc":0,"log":191,"ind_0_17":44,"ind_65p":82}},{"type":"Feature","geometry":{"type":"Polygon","coordinates":[[[2.40325927734375,51.050405476823954],[2.403559684753418,51.048624884691094],[2.400684356689453,51.048436029995116],[2.4004268646240234,51.05021662938833],[2.40325927734375,51.050405476823954]]]},"id":1331287551,"properties":{"GEO":"CRS3035RES200mN3131800E3789200","GEO_OBJECT":"C200M","OBS_STATUS":"A","lcog_geo":"59183","ind":258.5,"men":134,"men_pauv":7,"men_1ind":58,"men_5ind":3,"men_prop":84,"men_fmp":8,"ind_snv":8240288.7,"men_surf":13953,"men_coll":58,"men_mais":76,"log_soc":0,"ind_inc":0,"log":134,"ind_0_17":33.5,"ind_65p":80}},{"type":"Feature","geometry":{"type":"Polygon","coordinates":[[[2.4004268646240234,51.05021662938833],[2.400684356689453,51.048436029995116],[2.3978519439697266,51.04824717452908],[2.3975515365600586,51.050027781182706],[2.4004268646240234,51.05021662938833]]]},"id":1331287550,"properties":{"GEO":"CRS3035RES200mN3131800E3789000","GEO_OBJECT":"C200M","OBS_STATUS":"A","lcog_geo":"59183","ind":451,"men":204,"men_pauv":19,"men_1ind":80,"men_5ind":14,"men_prop":127,"men_fmp":17,"ind_snv":13465994.9,"men_surf":18858,"men_coll":96,"men_mais":108,"log_soc":4,"ind_inc":0,"log":204,"ind_0_17":86,"ind_65p":91}},{"type":"Feature","geometry":{"type":"Polygon","coordinates":[[[2.403559684753418,51.048624884691094],[2.4038171768188477,51.04681724387052],[2.400984764099121,51.046628381804055],[2.400684356689453,51.048436029995116],[2.403559684753418,51.048624884691094]]]},"id":1331287516,"properties":{"GEO":"CRS3035RES200mN3131600E3789200","GEO_OBJECT":"C200M","OBS_STATUS":"A","lcog_geo":"59183","ind":387.5,"men":199,"men_pauv":23,"men_1ind":101,"men_5ind":8,"men_prop":124,"men_fmp":15,"ind_snv":10611426.1,"men_surf":17737,"men_coll":97,"men_mais":102,"log_soc":7,"ind_inc":0,"log":199,"ind_0_17":74,"ind_65p":96}},{"type":"Feature","geometry":{"type":"Polygon","coordinates":[[[2.4057912826538086,51.05237483990763],[2.4060916900634766,51.05059432348949],[2.40325927734375,51.050405476823954],[2.402958869934082,51.05218600050236],[2.4057912826538086,51.05237483990763]]]},"id":1331287586,"properties":{"GEO":"CRS3035RES200mN3132000E3789400","GEO_OBJECT":"C200M","OBS_STATUS":"A","lcog_geo":"59183","ind":146,"men":87,"men_pauv":5,"men_1ind":44,"men_5ind":0,"men_prop":62,"men_fmp":3,"ind_snv":4833399.1,"men_surf":8298,"men_coll":62,"men_mais":25,"log_soc":0,"ind_inc":0,"log":87,"ind_0_17":14,"ind_65p":76}},{"type":"Feature","geometry":{"type":"Polygon","coordinates":[[[2.402958869934082,51.05218600050236],[2.40325927734375,51.050405476823954],[2.4004268646240234,51.05021662938833],[2.4001264572143555,51.051997160327005],[2.402958869934082,51.05218600050236]]]},"id":1331287585,"properties":{"GEO":"CRS3035RES200mN3132000E3789200","GEO_OBJECT":"C200M","OBS_STATUS":"A","lcog_geo":"59183","ind":174.5,"men":109,"men_pauv":20,"men_1ind":74,"men_5ind":5,"men_prop":48,"men_fmp":7,"ind_snv":4467456.9,"men_surf":8587,"men_coll":83,"men_mais":26,"log_soc":11,"ind_inc":0,"log":109,"ind_0_17":23.5,"ind_65p":39}},{"type":"Feature","geometry":{"type":"Polygon","coordinates":[[[2.4001264572143555,51.051997160327005],[2.4004268646240234,51.05021662938833],[2.3975515365600586,51.050027781182706],[2.3972511291503906,51.05180831938165],[2.4001264572143555,51.051997160327005]]]},"id":1331287584,"properties":{"GEO":"CRS3035RES200mN3132000E3789000","GEO_OBJECT":"C200M","OBS_STATUS":"A","lcog_geo":"59183","ind":207,"men":111,"men_pauv":13,"men_1ind":54,"men_5ind":1,"men_prop":43,"men_fmp":16,"ind_snv":6068585,"men_surf":9338,"men_coll":92,"men_mais":19,"log_soc":0,"ind_inc":0,"log":111,"ind_0_17":27,"ind_65p":47}},{"type":"Feature","geometry":{"type":"Polygon","coordinates":[[[2.3975515365600586,51.050027781182706],[2.3978519439697266,51.04824717452908],[2.39501953125,51.048058318293016],[2.394719123840332,51.04983893220705],[2.3975515365600586,51.050027781182706]]]},"id":1331287549,"properties":{"GEO":"CRS3035RES200mN3131800E3788800","GEO_OBJECT":"C200M","OBS_STATUS":"A","lcog_geo":"59183","ind":530,"men":259,"men_pauv":33,"men_1ind":116,"men_5ind":13,"men_prop":143,"men_fmp":24,"ind_snv":15677220.2,"men_surf":25989,"men_coll":133,"men_mais":126,"log_soc":1,"ind_inc":0,"log":259,"ind_0_17":94,"ind_65p":121}},{"type":"Feature","geometry":{"type":"Polygon","coordinates":[[[2.3972511291503906,51.05180831938165],[2.3975515365600586,51.050027781182706],[2.394719123840332,51.04983893220705],[2.394418716430664,51.05161947766629],[2.3972511291503906,51.05180831938165]]]},"id":1331287583,"properties":{"GEO":"CRS3035RES200mN3132000E3788800","GEO_OBJECT":"C200M","OBS_STATUS":"A","lcog_geo":"59183","ind":145.5,"men":86,"men_pauv":11,"men_1ind":46,"men_5ind":3,"men_prop":44,"men_fmp":6,"ind_snv":4376364.3,"men_surf":7420,"men_coll":76,"men_mais":10,"log_soc":0,"ind_inc":0,"log":86,"ind_0_17":20.5,"ind_65p":68}},{"type":"Feature","geometry":{"type":"Polygon","coordinates":[[[2.395319938659668,51.04627763592336],[2.395620346069336,51.04446990349754],[2.3927879333496094,51.04428103186032],[2.3924875259399414,51.04608877165674],[2.395319938659668,51.04627763592336]]]},"id":1331287475,"properties":{"GEO":"CRS3035RES200mN3131400E3788600","GEO_OBJECT":"C200M","OBS_STATUS":"A","lcog_geo":"59183","ind":441.5,"men":241,"men_pauv":35,"men_1ind":120,"men_5ind":2,"men_prop":129,"men_fmp":14,"ind_snv":12291013.6,"men_surf":20954,"men_coll":129,"men_mais":112,"log_soc":1,"ind_inc":0,"log":241,"ind_0_17":62.5,"ind_65p":117}},{"type":"Feature","geometry":{"type":"Polygon","coordinates":[[[2.3924875259399414,51.04608877165674],[2.3927879333496094,51.04428103186032],[2.389955520629883,51.04411914127266],[2.389655113220215,51.04589990662009],[2.3924875259399414,51.04608877165674]]]},"id":1331287474,"properties":{"GEO":"CRS3035RES200mN3131400E3788400","GEO_OBJECT":"C200M","OBS_STATUS":"A","lcog_geo":"59183","ind":354.5,"men":178,"men_pauv":22,"men_1ind":81,"men_5ind":8,"men_prop":94,"men_fmp":17,"ind_snv":10085747,"men_surf":15861,"men_coll":86,"men_mais":92,"log_soc":5,"ind_inc":0,"log":178,"ind_0_17":64.5,"ind_65p":83}},{"type":"Feature","geometry":{"type":"Polygon","coordinates":[[[2.3927879333496094,51.04428103186032],[2.3930883407592773,51.04250020427867],[2.3902130126953125,51.042311324610665],[2.389955520629883,51.04411914127266],[2.3927879333496094,51.04428103186032]]]},"id":1331287432,"properties":{"GEO":"CRS3035RES200mN3131200E3788400","GEO_OBJECT":"C200M","OBS_STATUS":"A","lcog_geo":"59183","ind":233.5,"men":123,"men_pauv":15,"men_1ind":56,"men_5ind":3,"men_prop":76,"men_fmp":14,"ind_snv":6310545.4,"men_surf":11279,"men_coll":62,"men_mais":61,"log_soc":7,"ind_inc":0,"log":123,"ind_0_17":36,"ind_65p":56}},{"type":"Feature","geometry":{"type":"Polygon","coordinates":[[[2.3902130126953125,51.042311324610665],[2.3905134201049805,51.04053042130971],[2.387681007385254,51.040341533610814],[2.387380599975586,51.04212244417258],[2.3902130126953125,51.042311324610665]]]},"id":1331287390,"properties":{"GEO":"CRS3035RES200mN3131000E3788200","GEO_OBJECT":"C200M","OBS_STATUS":"A","lcog_geo":"59183","ind":826.5,"men":435,"men_pauv":168,"men_1ind":194,"men_5ind":15,"men_prop":12,"men_fmp":93,"ind_snv":13435413.4,"men_surf":27187,"men_coll":435,"men_mais":0,"log_soc":422,"ind_inc":0,"log":435,"ind_0_17":169.5,"ind_65p":175}},{"type":"Feature","geometry":{"type":"Polygon","coordinates":[[[2.3921871185302734,51.04786946128692],[2.3924875259399414,51.04608877165674],[2.389655113220215,51.04589990662009],[2.389354705810547,51.04768060351074],[2.3921871185302734,51.04786946128692]]]},"id":1331287512,"properties":{"GEO":"CRS3035RES200mN3131600E3788400","GEO_OBJECT":"C200M","OBS_STATUS":"A","lcog_geo":"59183","ind":244.5,"men":147,"men_pauv":21,"men_1ind":83,"men_5ind":1,"men_prop":68,"men_fmp":17,"ind_snv":7024624.2,"men_surf":12799,"men_coll":112,"men_mais":35,"log_soc":0,"ind_inc":0,"log":147,"ind_0_17":32,"ind_65p":68}},{"type":"Feature","geometry":{"type":"Polygon","coordinates":[[[2.387380599975586,51.04212244417258],[2.387681007385254,51.040341533610814],[2.3848485946655273,51.04015264514186],[2.3845481872558594,51.04193356296443],[2.387380599975586,51.04212244417258]]]},"id":1331287389,"properties":{"GEO":"CRS3035RES200mN3131000E3788000","GEO_OBJECT":"C200M","OBS_STATUS":"A","lcog_geo":"59183","ind":355.5,"men":205,"men_pauv":47,"men_1ind":103,"men_5ind":5,"men_prop":40,"men_fmp":40,"ind_snv":6974652.4,"men_surf":13728,"men_coll":194,"men_mais":11,"log_soc":140,"ind_inc":0,"log":205,"ind_0_17":70.5,"ind_65p":97}},{"type":"Feature","geometry":{"type":"Polygon","coordinates":[[[2.389655113220215,51.04589990662009],[2.389955520629883,51.04411914127266],[2.387080192565918,51.04393026820529],[2.38677978515625,51.04571104081336],[2.389655113220215,51.04589990662009]]]},"id":1331287473,"properties":{"GEO":"CRS3035RES200mN3131400E3788200","GEO_OBJECT":"C200M","OBS_STATUS":"A","lcog_geo":"59183","ind":510.5,"men":295,"men_pauv":104,"men_1ind":180,"men_5ind":15,"men_prop":46,"men_fmp":41,"ind_snv":9069855,"men_surf":16318,"men_coll":276,"men_mais":19,"log_soc":206,"ind_inc":0,"log":295,"ind_0_17":104,"ind_65p":102}},{"type":"Feature","geometry":{"type":"Polygon","coordinates":[[[2.389955520629883,51.04411914127266],[2.3902130126953125,51.042311324610665],[2.387380599975586,51.04212244417258],[2.387080192565918,51.04393026820529],[2.389955520629883,51.04411914127266]]]},"id":1331287431,"properties":{"GEO":"CRS3035RES200mN3131200E3788200","GEO_OBJECT":"C200M","OBS_STATUS":"A","lcog_geo":"59183","ind":552,"men":268,"men_pauv":108,"men_1ind":119,"men_5ind":17,"men_prop":6,"men_fmp":48,"ind_snv":8829282.3,"men_surf":17442,"men_coll":261,"men_mais":7,"log_soc":246,"ind_inc":2,"log":268,"ind_0_17":125.5,"ind_65p":98}},{"type":"Feature","geometry":{"type":"Polygon","coordinates":[[[2.387080192565918,51.04393026820529],[2.387380599975586,51.04212244417258],[2.3845481872558594,51.04193356296443],[2.3842477798461914,51.043741394367885],[2.387080192565918,51.04393026820529]]]},"id":1331287430,"properties":{"GEO":"CRS3035RES200mN3131200E3788000","GEO_OBJECT":"C200M","OBS_STATUS":"I","lcog_geo":"59183","ind":148,"men":58.6,"men_pauv":9.9,"men_1ind":12.9,"men_5ind":7,"men_prop":24.8,"men_fmp":16.9,"ind_snv":3202258.1,"men_surf":5151.2,"men_coll":30.8,"men_mais":27.8,"log_soc":29.8,"ind_inc":0,"log":58.6,"ind_0_17":40.3,"ind_65p":35.7}},{"type":"Feature","geometry":{"type":"Polygon","coordinates":[[[2.3842477798461914,51.043741394367885],[2.3845481872558594,51.04193356296443],[2.381715774536133,51.04177166417307],[2.381415367126465,51.04355251976037],[2.3842477798461914,51.043741394367885]]]},"id":1331287429,"properties":{"GEO":"CRS3035RES200mN3131200E3787800","GEO_OBJECT":"C200M","OBS_STATUS":"A","lcog_geo":"59183","ind":157,"men":74,"men_pauv":3,"men_1ind":25,"men_5ind":3,"men_prop":57,"men_fmp":6,"ind_snv":4781051.9,"men_surf":7361,"men_coll":9,"men_mais":65,"log_soc":0,"ind_inc":0,"log":74,"ind_0_17":21.5,"ind_65p":51}},{"type":"Feature","geometry":{"type":"Polygon","coordinates":[[[2.389354705810547,51.04768060351074],[2.389655113220215,51.04589990662009],[2.38677978515625,51.04571104081336],[2.3865222930908203,51.04749174496453],[2.389354705810547,51.04768060351074]]]},"id":1331287511,"properties":{"GEO":"CRS3035RES200mN3131600E3788200","GEO_OBJECT":"C200M","OBS_STATUS":"A","lcog_geo":"59183","ind":211,"men":122,"men_pauv":10,"men_1ind":70,"men_5ind":3,"men_prop":66,"men_fmp":6,"ind_snv":6002630,"men_surf":10406,"men_coll":84,"men_mais":38,"log_soc":0,"ind_inc":0,"log":122,"ind_0_17":18,"ind_65p":83}},{"type":"Feature","geometry":{"type":"Polygon","coordinates":[[[2.3865222930908203,51.04749174496453],[2.38677978515625,51.04571104081336],[2.3839473724365234,51.04552217423657],[2.3836469650268555,51.04730288564829],[2.3865222930908203,51.04749174496453]]]},"id":1331287510,"properties":{"GEO":"CRS3035RES200mN3131600E3788000","GEO_OBJECT":"C200M","OBS_STATUS":"A","lcog_geo":"59183","ind":240,"men":173,"men_pauv":15,"men_1ind":119,"men_5ind":0,"men_prop":122,"men_fmp":9,"ind_snv":5842209,"men_surf":12020,"men_coll":173,"men_mais":0,"log_soc":0,"ind_inc":0,"log":173,"ind_0_17":13,"ind_65p":128}},{"type":"Feature","geometry":{"type":"Polygon","coordinates":[[[2.38677978515625,51.04571104081336],[2.387080192565918,51.04393026820529],[2.3842477798461914,51.043741394367885],[2.3839473724365234,51.04552217423657],[2.38677978515625,51.04571104081336]]]},"id":1331287472,"properties":{"GEO":"CRS3035RES200mN3131400E3788000","GEO_OBJECT":"C200M","OBS_STATUS":"I","lcog_geo":"59183","ind":1,"men":0.4,"men_pauv":0.1,"men_1ind":0.1,"men_5ind":0,"men_prop":0.2,"men_fmp":0.1,"ind_snv":21636.9,"men_surf":34.8,"men_coll":0.2,"men_mais":0.2,"log_soc":0.2,"ind_inc":0,"log":0.4,"ind_0_17":0.2,"ind_65p":0.30000000000000004}},{"type":"Feature","geometry":{"type":"Polygon","coordinates":[[[2.394719123840332,51.04983893220705],[2.39501953125,51.048058318293016],[2.3921871185302734,51.04786946128692],[2.3918867111206055,51.04965008246131],[2.394719123840332,51.04983893220705]]]},"id":1331287548,"properties":{"GEO":"CRS3035RES200mN3131800E3788600","GEO_OBJECT":"C200M","OBS_STATUS":"A","lcog_geo":"59183","ind":410.5,"men":215,"men_pauv":35,"men_1ind":110,"men_5ind":10,"men_prop":108,"men_fmp":18,"ind_snv":12242751.9,"men_surf":22032,"men_coll":116,"men_mais":99,"log_soc":0,"ind_inc":0,"log":215,"ind_0_17":63,"ind_65p":85}},{"type":"Feature","geometry":{"type":"Polygon","coordinates":[[[2.394418716430664,51.05161947766629],[2.394719123840332,51.04983893220705],[2.3918867111206055,51.04965008246131],[2.3915863037109375,51.05143063518091],[2.394418716430664,51.05161947766629]]]},"id":1331287582,"properties":{"GEO":"CRS3035RES200mN3132000E3788600","GEO_OBJECT":"C200M","OBS_STATUS":"A","lcog_geo":"59183","ind":86,"men":56,"men_pauv":8,"men_1ind":34,"men_5ind":1,"men_prop":25,"men_fmp":1,"ind_snv":2765797.3,"men_surf":4817,"men_coll":47,"men_mais":9,"log_soc":0,"ind_inc":0,"log":56,"ind_0_17":7,"ind_65p":35}},{"type":"Feature","geometry":{"type":"Polygon","coordinates":[[[2.3918867111206055,51.04965008246131],[2.3921871185302734,51.04786946128692],[2.389354705810547,51.04768060351074],[2.389054298400879,51.0494612319456],[2.3918867111206055,51.04965008246131]]]},"id":1331287547,"properties":{"GEO":"CRS3035RES200mN3131800E3788400","GEO_OBJECT":"C200M","OBS_STATUS":"A","lcog_geo":"59183","ind":223.5,"men":141,"men_pauv":13,"men_1ind":87,"men_5ind":2,"men_prop":50,"men_fmp":8,"ind_snv":6547044.3,"men_surf":11877,"men_coll":113,"men_mais":28,"log_soc":1,"ind_inc":0,"log":141,"ind_0_17":25.5,"ind_65p":68}},{"type":"Feature","geometry":{"type":"Polygon","coordinates":[[[2.3915863037109375,51.05143063518091],[2.3918867111206055,51.04965008246131],[2.389054298400879,51.0494612319456],[2.388753890991211,51.05124179192546],[2.3915863037109375,51.05143063518091]]]},"id":1331287581,"properties":{"GEO":"CRS3035RES200mN3132000E3788400","GEO_OBJECT":"C200M","OBS_STATUS":"A","lcog_geo":"59183","ind":64,"men":46,"men_pauv":10,"men_1ind":33,"men_5ind":0,"men_prop":20,"men_fmp":2,"ind_snv":1646398.2,"men_surf":2817,"men_coll":45,"men_mais":1,"log_soc":0,"ind_inc":0,"log":46,"ind_0_17":2,"ind_65p":18}},{"type":"Feature","geometry":{"type":"Polygon","coordinates":[[[2.389054298400879,51.0494612319456],[2.389354705810547,51.04768060351074],[2.3865222930908203,51.04749174496453],[2.3862218856811523,51.0492723806598],[2.389054298400879,51.0494612319456]]]},"id":1331287546,"properties":{"GEO":"CRS3035RES200mN3131800E3788200","GEO_OBJECT":"C200M","OBS_STATUS":"A","lcog_geo":"59183","ind":128,"men":74,"men_pauv":7,"men_1ind":39,"men_5ind":2,"men_prop":33,"men_fmp":3,"ind_snv":3225926.6,"men_surf":5190,"men_coll":64,"men_mais":10,"log_soc":0,"ind_inc":2,"log":74,"ind_0_17":13,"ind_65p":35}},{"type":"Feature","geometry":{"type":"Polygon","coordinates":[[[2.3845481872558594,51.04193356296443],[2.3848485946655273,51.04015264514186],[2.382016181945801,51.03996375590276],[2.381715774536133,51.04177166417307],[2.3845481872558594,51.04193356296443]]]},"id":1331287388,"properties":{"GEO":"CRS3035RES200mN3131000E3787800","GEO_OBJECT":"C200M","OBS_STATUS":"A","lcog_geo":"59183","ind":345.5,"men":226,"men_pauv":44,"men_1ind":139,"men_5ind":1,"men_prop":101,"men_fmp":19,"ind_snv":8030170.6,"men_surf":15420,"men_coll":202,"men_mais":24,"log_soc":90,"ind_inc":0,"log":226,"ind_0_17":29.5,"ind_65p":108}},{"type":"Feature","geometry":{"type":"Polygon","coordinates":[[[2.381415367126465,51.04355251976037],[2.381715774536133,51.04177166417307],[2.3788833618164062,51.04158278153477],[2.3785829544067383,51.043363644382794],[2.381415367126465,51.04355251976037]]]},"id":1331287428,"properties":{"GEO":"CRS3035RES200mN3131200E3787600","GEO_OBJECT":"C200M","OBS_STATUS":"A","lcog_geo":"59183","ind":320.5,"men":193,"men_pauv":58,"men_1ind":112,"men_5ind":4,"men_prop":39,"men_fmp":18,"ind_snv":6914699.9,"men_surf":13158,"men_coll":164,"men_mais":29,"log_soc":116,"ind_inc":0,"log":193,"ind_0_17":36.5,"ind_65p":92}},{"type":"Feature","geometry":{"type":"Polygon","coordinates":[[[2.3785829544067383,51.043363644382794],[2.3788833618164062,51.04158278153477],[2.3760509490966797,51.04139389812636],[2.3757505416870117,51.04317476823516],[2.3785829544067383,51.043363644382794]]]},"id":1331287427,"properties":{"GEO":"CRS3035RES200mN3131200E3787400","GEO_OBJECT":"C200M","OBS_STATUS":"A","lcog_geo":"59183","ind":390,"men":259,"men_pauv":30,"men_1ind":157,"men_5ind":0,"men_prop":57,"men_fmp":29,"ind_snv":8734186.2,"men_surf":17280,"men_coll":259,"men_mais":0,"log_soc":122,"ind_inc":0,"log":259,"ind_0_17":40,"ind_65p":156}},{"type":"Feature","geometry":{"type":"Polygon","coordinates":[[[2.3839473724365234,51.04552217423657],[2.3842477798461914,51.043741394367885],[2.381415367126465,51.04355251976037],[2.381114959716797,51.04533330688972],[2.3839473724365234,51.04552217423657]]]},"id":1331287471,"properties":{"GEO":"CRS3035RES200mN3131400E3787800","GEO_OBJECT":"C200M","OBS_STATUS":"A","lcog_geo":"59183","ind":70,"men":51,"men_pauv":6,"men_1ind":33,"men_5ind":0,"men_prop":30,"men_fmp":3,"ind_snv":1755202.3,"men_surf":3330,"men_coll":50,"men_mais":1,"log_soc":0,"ind_inc":0,"log":51,"ind_0_17":2,"ind_65p":19}},{"type":"Feature","geometry":{"type":"Polygon","coordinates":[[[2.3862218856811523,51.0492723806598],[2.3865222930908203,51.04749174496453],[2.3836469650268555,51.04730288564829],[2.383389472961426,51.04908352860397],[2.3862218856811523,51.0492723806598]]]},"id":1331287545,"properties":{"GEO":"CRS3035RES200mN3131800E3788000","GEO_OBJECT":"C200M","OBS_STATUS":"A","lcog_geo":"59183","ind":93,"men":65,"men_pauv":22,"men_1ind":47,"men_5ind":2,"men_prop":25,"men_fmp":4,"ind_snv":2225694.1,"men_surf":3889,"men_coll":51,"men_mais":14,"log_soc":0,"ind_inc":0,"log":65,"ind_0_17":9,"ind_65p":20}},{"type":"Feature","geometry":{"type":"Polygon","coordinates":[[[2.383389472961426,51.04908352860397],[2.3836469650268555,51.04730288564829],[2.380814552307129,51.047114025561996],[2.380514144897461,51.048894675778115],[2.383389472961426,51.04908352860397]]]},"id":1331287544,"properties":{"GEO":"CRS3035RES200mN3131800E3787800","GEO_OBJECT":"C200M","OBS_STATUS":"A","lcog_geo":"59183","ind":74,"men":63,"men_pauv":4,"men_1ind":52,"men_5ind":0,"men_prop":18,"men_fmp":2,"ind_snv":1864480.2,"men_surf":3185,"men_coll":63,"men_mais":0,"log_soc":0,"ind_inc":0,"log":63,"ind_0_17":0,"ind_65p":21}},{"type":"Feature","geometry":{"type":"Polygon","coordinates":[[[2.381114959716797,51.04533330688972],[2.381415367126465,51.04355251976037],[2.3785829544067383,51.043363644382794],[2.3782825469970703,51.04514443877281],[2.381114959716797,51.04533330688972]]]},"id":1331287470,"properties":{"GEO":"CRS3035RES200mN3131400E3787600","GEO_OBJECT":"C200M","OBS_STATUS":"I","lcog_geo":"59183","ind":17,"men":9.1,"men_pauv":2.5,"men_1ind":4.8,"men_5ind":0,"men_prop":1.3,"men_fmp":1.5,"ind_snv":325893,"men_surf":562.1,"men_coll":7.3,"men_mais":1.8,"log_soc":0.5,"ind_inc":0,"log":9.1,"ind_0_17":2.5,"ind_65p":1.5}},{"type":"Feature","geometry":{"type":"Polygon","coordinates":[[[2.3782825469970703,51.04514443877281],[2.3785829544067383,51.043363644382794],[2.3757505416870117,51.04317476823516],[2.3754501342773438,51.044955569885786],[2.3782825469970703,51.04514443877281]]]},"id":1331287469,"properties":{"GEO":"CRS3035RES200mN3131400E3787400","GEO_OBJECT":"C200M","OBS_STATUS":"A","lcog_geo":"59183","ind":142,"men":63,"men_pauv":18,"men_1ind":25,"men_5ind":5,"men_prop":6,"men_fmp":14,"ind_snv":2751950.4,"men_surf":4821,"men_coll":32,"men_mais":31,"log_soc":44,"ind_inc":0,"log":63,"ind_0_17":42,"ind_65p":11}},{"type":"Feature","geometry":{"type":"Polygon","coordinates":[[[2.3779821395874023,51.04692516470561],[2.3782825469970703,51.04514443877281],[2.3754501342773438,51.044955569885786],[2.375149726867676,51.0467363030792],[2.3779821395874023,51.04692516470561]]]},"id":1331287509,"properties":{"GEO":"CRS3035RES200mN3131600E3787400","GEO_OBJECT":"C200M","OBS_STATUS":"A","lcog_geo":"59183","ind":341,"men":162,"men_pauv":30,"men_1ind":69,"men_5ind":12,"men_prop":20,"men_fmp":38,"ind_snv":7311413.7,"men_surf":12100,"men_coll":121,"men_mais":41,"log_soc":136,"ind_inc":0,"log":162,"ind_0_17":98.5,"ind_65p":40}},{"type":"Feature","geometry":{"type":"Polygon","coordinates":[[[2.3754501342773438,51.044955569885786],[2.3757505416870117,51.04317476823516],[2.372918128967285,51.042985891317414],[2.372617721557617,51.04476670022876],[2.3754501342773438,51.044955569885786]]]},"id":1331287468,"properties":{"GEO":"CRS3035RES200mN3131400E3787200","GEO_OBJECT":"C200M","OBS_STATUS":"A","lcog_geo":"59183","ind":190,"men":85,"men_pauv":13,"men_1ind":27,"men_5ind":5,"men_prop":15,"men_fmp":20,"ind_snv":4239592.9,"men_surf":6648,"men_coll":84,"men_mais":1,"log_soc":38,"ind_inc":0,"log":85,"ind_0_17":44,"ind_65p":39}},{"type":"Feature","geometry":{"type":"Polygon","coordinates":[[[2.375149726867676,51.0467363030792],[2.3754501342773438,51.044955569885786],[2.372617721557617,51.04476670022876],[2.372317314147949,51.0465474406827],[2.375149726867676,51.0467363030792]]]},"id":1331287508,"properties":{"GEO":"CRS3035RES200mN3131600E3787200","GEO_OBJECT":"C200M","OBS_STATUS":"A","lcog_geo":"59183","ind":101,"men":51,"men_pauv":11,"men_1ind":22,"men_5ind":3,"men_prop":11,"men_fmp":10,"ind_snv":2157392.7,"men_surf":3573,"men_coll":51,"men_mais":0,"log_soc":19,"ind_inc":0,"log":51,"ind_0_17":23.5,"ind_65p":19}},{"type":"Feature","geometry":{"type":"Polygon","coordinates":[[[2.364335060119629,51.008111419631604],[2.364635467529297,51.006329201956675],[2.3618030548095703,51.00614017485344],[2.3615026473999023,51.007922399791056],[2.364335060119629,51.008111419631604]]]},"id":1331286289,"properties":{"GEO":"CRS3035RES200mN3127400E3786000","GEO_OBJECT":"C200M","OBS_STATUS":"A","lcog_geo":"59131","ind":101.5,"men":40,"men_pauv":1,"men_1ind":10,"men_5ind":4,"men_prop":38,"men_fmp":5,"ind_snv":2401914.8,"men_surf":3826,"men_coll":1,"men_mais":39,"log_soc":0,"ind_inc":0,"log":40,"ind_0_17":23.5,"ind_65p":17}},{"type":"Feature","geometry":{"type":"Polygon","coordinates":[[[2.364034652709961,51.00989356883048],[2.364335060119629,51.008111419631604],[2.3615026473999023,51.007922399791056],[2.3612022399902344,51.00970455625253],[2.364034652709961,51.00989356883048]]]},"id":1331286367,"properties":{"GEO":"CRS3035RES200mN3127600E3786000","GEO_OBJECT":"C200M","OBS_STATUS":"A","lcog_geo":"59131,59183","ind":31,"men":14,"men_pauv":2,"men_1ind":5,"men_5ind":0,"men_prop":12,"men_fmp":1,"ind_snv":601523.7,"men_surf":1106,"men_coll":2,"men_mais":12,"log_soc":0,"ind_inc":0,"log":14,"ind_0_17":8,"ind_65p":0}},{"type":"Feature","geometry":{"type":"Polygon","coordinates":[[[2.3592281341552734,51.00416884630255],[2.3595285415649414,51.00235947102718],[2.356696128845215,51.00217042774767],[2.356395721435547,51.003979810395975],[2.3592281341552734,51.00416884630255]]]},"id":1331286145,"properties":{"GEO":"CRS3035RES200mN3127000E3785600","GEO_OBJECT":"C200M","OBS_STATUS":"A","lcog_geo":"59131","ind":136.5,"men":57,"men_pauv":6,"men_1ind":15,"men_5ind":3,"men_prop":54,"men_fmp":5,"ind_snv":2971514.5,"men_surf":5027,"men_coll":0,"men_mais":57,"log_soc":0,"ind_inc":0,"log":57,"ind_0_17":29.5,"ind_65p":32}},{"type":"Feature","geometry":{"type":"Polygon","coordinates":[[[2.3589706420898438,51.00595114697998],[2.3592281341552734,51.00416884630255],[2.356395721435547,51.003979810395975],[2.356095314025879,51.00576211833618],[2.3589706420898438,51.00595114697998]]]},"id":1331286215,"properties":{"GEO":"CRS3035RES200mN3127200E3785600","GEO_OBJECT":"C200M","OBS_STATUS":"A","lcog_geo":"59131,59183","ind":220.5,"men":96,"men_pauv":11,"men_1ind":32,"men_5ind":4,"men_prop":69,"men_fmp":9,"ind_snv":4814809.2,"men_surf":8080,"men_coll":3,"men_mais":93,"log_soc":21,"ind_inc":0,"log":96,"ind_0_17":44.5,"ind_65p":42}},{"type":"Feature","geometry":{"type":"Polygon","coordinates":[[[2.3618030548095703,51.00614017485344],[2.3621034622192383,51.004330876466526],[2.3592281341552734,51.00416884630255],[2.3589706420898438,51.00595114697998],[2.3618030548095703,51.00614017485344]]]},"id":1331286216,"properties":{"GEO":"CRS3035RES200mN3127200E3785800","GEO_OBJECT":"C200M","OBS_STATUS":"A","lcog_geo":"59131","ind":211,"men":98,"men_pauv":5,"men_1ind":37,"men_5ind":5,"men_prop":88,"men_fmp":3,"ind_snv":4805239.4,"men_surf":8414,"men_coll":0,"men_mais":98,"log_soc":0,"ind_inc":0,"log":98,"ind_0_17":44,"ind_65p":47}},{"type":"Feature","geometry":{"type":"Polygon","coordinates":[[[2.356395721435547,51.003979810395975],[2.356696128845215,51.00217042774767],[2.3538637161254883,51.00198138369788],[2.3535633087158203,51.00379077371909],[2.356395721435547,51.003979810395975]]]},"id":1331286144,"properties":{"GEO":"CRS3035RES200mN3127000E3785400","GEO_OBJECT":"C200M","OBS_STATUS":"A","lcog_geo":"59131","ind":220,"men":72,"men_pauv":20,"men_1ind":17,"men_5ind":15,"men_prop":26,"men_fmp":14,"ind_snv":3551937.2,"men_surf":6438,"men_coll":43,"men_mais":29,"log_soc":42,"ind_inc":0,"log":72,"ind_0_17":89,"ind_65p":19}},{"type":"Feature","geometry":{"type":"Polygon","coordinates":[[[2.3535633087158203,51.00379077371909],[2.3538637161254883,51.00198138369788],[2.3510313034057617,51.00181934532779],[2.3507308959960938,51.00360173627192],[2.3535633087158203,51.00379077371909]]]},"id":1331286143,"properties":{"GEO":"CRS3035RES200mN3127000E3785200","GEO_OBJECT":"C200M","OBS_STATUS":"A","lcog_geo":"59183,59131","ind":43,"men":16,"men_pauv":5,"men_1ind":4,"men_5ind":3,"men_prop":11,"men_fmp":3,"ind_snv":756049.7,"men_surf":1337,"men_coll":3,"men_mais":13,"log_soc":1,"ind_inc":0,"log":16,"ind_0_17":14,"ind_65p":3}},{"type":"Feature","geometry":{"type":"Polygon","coordinates":[[[2.358670234680176,51.00773337918022],[2.3589706420898438,51.00595114697998],[2.356095314025879,51.00576211833618],[2.355837821960449,51.007544357799105],[2.358670234680176,51.00773337918022]]]},"id":1331286287,"properties":{"GEO":"CRS3035RES200mN3127400E3785600","GEO_OBJECT":"C200M","OBS_STATUS":"I","lcog_geo":"59183,59131","ind":24,"men":12.3,"men_pauv":2.7,"men_1ind":4.8,"men_5ind":0.5,"men_prop":10.1,"men_fmp":0.5,"ind_snv":473629.7,"men_surf":1044.8,"men_coll":0,"men_mais":12.3,"log_soc":0,"ind_inc":0,"log":12.299999999999999,"ind_0_17":3.7,"ind_65p":5.4}},{"type":"Feature","geometry":{"type":"Polygon","coordinates":[[[2.356095314025879,51.00576211833618],[2.356395721435547,51.003979810395975],[2.3535633087158203,51.00379077371909],[2.3532629013061523,51.00557308892209],[2.356095314025879,51.00576211833618]]]},"id":1331286214,"properties":{"GEO":"CRS3035RES200mN3127200E3785400","GEO_OBJECT":"C200M","OBS_STATUS":"I","lcog_geo":"59131,59183","ind":16,"men":8.2,"men_pauv":1.8,"men_1ind":3.2,"men_5ind":0.4,"men_prop":6.8,"men_fmp":0.4,"ind_snv":315753.1,"men_surf":696.5,"men_coll":0,"men_mais":8.2,"log_soc":0,"ind_inc":0,"log":8.2,"ind_0_17":2.5,"ind_65p":3.5999999999999996}},{"type":"Feature","geometry":{"type":"Polygon","coordinates":[[[2.3615026473999023,51.007922399791056],[2.3618030548095703,51.00614017485344],[2.3589706420898438,51.00595114697998],[2.358670234680176,51.00773337918022],[2.3615026473999023,51.007922399791056]]]},"id":1331286288,"properties":{"GEO":"CRS3035RES200mN3127400E3785800","GEO_OBJECT":"C200M","OBS_STATUS":"A","lcog_geo":"59131,59183","ind":195.5,"men":91,"men_pauv":6,"men_1ind":34,"men_5ind":5,"men_prop":87,"men_fmp":10,"ind_snv":4345796.5,"men_surf":7454,"men_coll":0,"men_mais":91,"log_soc":0,"ind_inc":0,"log":91,"ind_0_17":39.5,"ind_65p":42}},{"type":"Feature","geometry":{"type":"Polygon","coordinates":[[[2.3510313034057617,51.00181934532779],[2.3513317108154297,51.00000987841682],[2.348499298095703,50.99982082556335],[2.348198890686035,51.00163029984739],[2.3510313034057617,51.00181934532779]]]},"id":1331286072,"properties":{"GEO":"CRS3035RES200mN3126800E3785000","GEO_OBJECT":"C200M","OBS_STATUS":"I","lcog_geo":"59016,59183","ind":28,"men":11.9,"men_pauv":1.1,"men_1ind":3.7,"men_5ind":0.8,"men_prop":10.6,"men_fmp":0.3,"ind_snv":689772.2,"men_surf":1250.2,"men_coll":0.5,"men_mais":11.4,"log_soc":0,"ind_inc":0,"log":11.900000000000002,"ind_0_17":5.5,"ind_65p":8.2}},{"type":"Feature","geometry":{"type":"Polygon","coordinates":[[[2.348198890686035,51.00163029984739],[2.348499298095703,50.99982082556335],[2.3456668853759766,50.99963177193959],[2.3453664779663086,51.00144125359671],[2.348198890686035,51.00163029984739]]]},"id":1331286071,"properties":{"GEO":"CRS3035RES200mN3126800E3784800","GEO_OBJECT":"C200M","OBS_STATUS":"I","lcog_geo":"59016,59183","ind":1,"men":0.4,"men_pauv":0.1,"men_1ind":0.1,"men_5ind":0,"men_prop":0.3,"men_fmp":0,"ind_snv":22819.8,"men_surf":53.4,"men_coll":0,"men_mais":0.4,"log_soc":0.1,"ind_inc":0,"log":0.4,"ind_0_17":0.30000000000000004,"ind_65p":0.30000000000000004}},{"type":"Feature","geometry":{"type":"Polygon","coordinates":[[[2.3453664779663086,51.00144125359671],[2.3456668853759766,50.99963177193959],[2.34283447265625,50.99946972536324],[2.342534065246582,51.001252206575685],[2.3453664779663086,51.00144125359671]]]},"id":1331286070,"properties":{"GEO":"CRS3035RES200mN3126800E3784600","GEO_OBJECT":"C200M","OBS_STATUS":"I","lcog_geo":"59016,59183","ind":3,"men":1.3,"men_pauv":0.2,"men_1ind":0.3,"men_5ind":0.1,"men_prop":0.8,"men_fmp":0.1,"ind_snv":68459.3,"men_surf":160.3,"men_coll":0,"men_mais":1.3,"log_soc":0.3,"ind_inc":0,"log":1.3,"ind_0_17":0.8,"ind_65p":0.8999999999999999}},{"type":"Feature","geometry":{"type":"Polygon","coordinates":[[[2.334294319152832,50.99890255788918],[2.3345947265625,50.99709297722143],[2.3317623138427734,50.996930921778386],[2.3314619064331055,50.99871350052382],[2.334294319152832,50.99890255788918]]]},"id":1331285992,"properties":{"GEO":"CRS3035RES200mN3126600E3783800","GEO_OBJECT":"C200M","OBS_STATUS":"I","lcog_geo":"59016","ind":13,"men":4.9,"men_pauv":0.4,"men_1ind":1.9,"men_5ind":1.1,"men_prop":3.4,"men_fmp":0,"ind_snv":298075.8,"men_surf":624.4,"men_coll":0,"men_mais":4.9,"log_soc":0,"ind_inc":0,"log":4.9,"ind_0_17":4,"ind_65p":1.5}},{"type":"Feature","geometry":{"type":"Polygon","coordinates":[[[2.336869239807129,51.000874110222696],[2.337169647216797,50.9990916144842],[2.334294319152832,50.99890255788918],[2.3340368270874023,51.00068506089073],[2.336869239807129,51.000874110222696]]]},"id":1331286068,"properties":{"GEO":"CRS3035RES200mN3126800E3784000","GEO_OBJECT":"C200M","OBS_STATUS":"A","lcog_geo":"59016","ind":93,"men":34,"men_pauv":6,"men_1ind":6,"men_5ind":3,"men_prop":26,"men_fmp":2,"ind_snv":2500224.5,"men_surf":3174,"men_coll":0,"men_mais":34,"log_soc":5,"ind_inc":0,"log":34,"ind_0_17":18,"ind_65p":8}},{"type":"Feature","geometry":{"type":"Polygon","coordinates":[[[2.3340368270874023,51.00068506089073],[2.334294319152832,50.99890255788918],[2.3314619064331055,50.99871350052382],[2.331204414367676,51.00049601078845],[2.3340368270874023,51.00068506089073]]]},"id":1331286067,"properties":{"GEO":"CRS3035RES200mN3126800E3783800","GEO_OBJECT":"C200M","OBS_STATUS":"A","lcog_geo":"59016","ind":56,"men":25,"men_pauv":4,"men_1ind":7,"men_5ind":1,"men_prop":23,"men_fmp":1,"ind_snv":1195881.8,"men_surf":2498,"men_coll":0,"men_mais":25,"log_soc":0,"ind_inc":0,"log":25,"ind_0_17":10,"ind_65p":13}},{"type":"Feature","geometry":{"type":"Polygon","coordinates":[[[2.331204414367676,51.00049601078845],[2.3314619064331055,50.99871350052382],[2.328629493713379,50.998524442388145],[2.328329086303711,51.00030695991583],[2.331204414367676,51.00049601078845]]]},"id":1331286066,"properties":{"GEO":"CRS3035RES200mN3126800E3783600","GEO_OBJECT":"C200M","OBS_STATUS":"I","lcog_geo":"59016,59183","ind":1,"men":0.4,"men_pauv":0,"men_1ind":0.1,"men_5ind":0.1,"men_prop":0.3,"men_fmp":0,"ind_snv":22928.9,"men_surf":48,"men_coll":0,"men_mais":0.4,"log_soc":0,"ind_inc":0,"log":0.4,"ind_0_17":0.30000000000000004,"ind_65p":0.1}},{"type":"Feature","geometry":{"type":"Polygon","coordinates":[[[2.3538637161254883,51.00198138369788],[2.3541641235351562,51.00019893049992],[2.3513317108154297,51.00000987841682],[2.3510313034057617,51.00181934532779],[2.3538637161254883,51.00198138369788]]]},"id":1331286073,"properties":{"GEO":"CRS3035RES200mN3126800E3785200","GEO_OBJECT":"C200M","OBS_STATUS":"A","lcog_geo":"59131,59183,59016","ind":56,"men":24,"men_pauv":1,"men_1ind":9,"men_5ind":2,"men_prop":17,"men_fmp":1,"ind_snv":1304281.8,"men_surf":2179,"men_coll":3,"men_mais":21,"log_soc":0,"ind_inc":0,"log":24,"ind_0_17":13,"ind_65p":12}},{"type":"Feature","geometry":{"type":"Polygon","coordinates":[[[2.350430488586426,51.00538405873772],[2.3507308959960938,51.00360173627192],[2.347898483276367,51.00341269805443],[2.347598075866699,51.00519502778303],[2.350430488586426,51.00538405873772]]]},"id":1331286213,"properties":{"GEO":"CRS3035RES200mN3127200E3785000","GEO_OBJECT":"C200M","OBS_STATUS":"I","lcog_geo":"59183","ind":2,"men":1,"men_pauv":0.2,"men_1ind":0.4,"men_5ind":0,"men_prop":0.8,"men_fmp":0,"ind_snv":39469.1,"men_surf":87.1,"men_coll":0,"men_mais":1,"log_soc":0,"ind_inc":0,"log":1,"ind_0_17":0.30000000000000004,"ind_65p":0.5}},{"type":"Feature","geometry":{"type":"Polygon","coordinates":[[[2.3469972610473633,51.00875948180854],[2.3472976684570312,51.006977289034126],[2.3444652557373047,51.00678826457187],[2.3441648483276367,51.00857046460894],[2.3469972610473633,51.00875948180854]]]},"id":1331286366,"properties":{"GEO":"CRS3035RES200mN3127600E3784800","GEO_OBJECT":"C200M","OBS_STATUS":"I","lcog_geo":"59183","ind":3,"men":1.3,"men_pauv":0.2,"men_1ind":0.3,"men_5ind":0.1,"men_prop":0.8,"men_fmp":0.1,"ind_snv":68459.3,"men_surf":160.3,"men_coll":0,"men_mais":1.3,"log_soc":0.3,"ind_inc":0,"log":1.3,"ind_0_17":0.8,"ind_65p":0.8999999999999999}},{"type":"Feature","geometry":{"type":"Polygon","coordinates":[[[2.343006134033203,51.01572557836249],[2.343306541442871,51.013943653260725],[2.3404312133789062,51.0137546571882],[2.3401737213134766,51.01553658955223],[2.343006134033203,51.01572557836249]]]},"id":1331286663,"properties":{"GEO":"CRS3035RES200mN3128400E3784600","GEO_OBJECT":"C200M","OBS_STATUS":"A","lcog_geo":"59183","ind":34,"men":14,"men_pauv":1,"men_1ind":1,"men_5ind":1,"men_prop":13,"men_fmp":0,"ind_snv":798739.6,"men_surf":1434,"men_coll":0,"men_mais":14,"log_soc":1,"ind_inc":0,"log":14,"ind_0_17":5,"ind_65p":13}},{"type":"Feature","geometry":{"type":"Polygon","coordinates":[[[2.3397016525268555,51.00106315878435],[2.3400020599365234,50.999280670308906],[2.337169647216797,50.9990916144842],[2.336869239807129,51.000874110222696],[2.3397016525268555,51.00106315878435]]]},"id":1331286069,"properties":{"GEO":"CRS3035RES200mN3126800E3784200","GEO_OBJECT":"C200M","OBS_STATUS":"I","lcog_geo":"59016","ind":3,"men":1.3,"men_pauv":0.2,"men_1ind":0.3,"men_5ind":0.1,"men_prop":0.8,"men_fmp":0.1,"ind_snv":68459.3,"men_surf":160.3,"men_coll":0,"men_mais":1.3,"log_soc":0.3,"ind_inc":0,"log":1.3,"ind_0_17":0.8,"ind_65p":0.8999999999999999}},{"type":"Feature","geometry":{"type":"Polygon","coordinates":[[[2.3378992080688477,51.01178365224584],[2.3381996154785156,51.00997457398526],[2.335367202758789,51.00981256353424],[2.335066795349121,51.01159464737049],[2.3378992080688477,51.01178365224584]]]},"id":1331286523,"properties":{"GEO":"CRS3035RES200mN3128000E3784200","GEO_OBJECT":"C200M","OBS_STATUS":"I","lcog_geo":"59183","ind":1,"men":0.5,"men_pauv":0,"men_1ind":0.2,"men_5ind":0,"men_prop":0.3,"men_fmp":0,"ind_snv":20494.3,"men_surf":40,"men_coll":0.1,"men_mais":0.4,"log_soc":0.1,"ind_inc":0,"log":0.5,"ind_0_17":0.2,"ind_65p":0.2}},{"type":"Feature","geometry":{"type":"Polygon","coordinates":[[[2.334766387939453,51.01337666273244],[2.335066795349121,51.01159464737049],[2.3322343826293945,51.01140564172485],[2.3319339752197266,51.0131876643492],[2.334766387939453,51.01337666273244]]]},"id":1331286593,"properties":{"GEO":"CRS3035RES200mN3128200E3784000","GEO_OBJECT":"C200M","OBS_STATUS":"I","lcog_geo":"59183","ind":6,"men":2.8,"men_pauv":0.2,"men_1ind":1.2,"men_5ind":0,"men_prop":1.9,"men_fmp":0.2,"ind_snv":122966.1,"men_surf":240,"men_coll":0.2,"men_mais":2.6,"log_soc":0.7,"ind_inc":0,"log":2.8,"ind_0_17":1.3,"ind_65p":1}},{"type":"Feature","geometry":{"type":"Polygon","coordinates":[[[2.335367202758789,51.00981256353424],[2.335667610168457,51.008003408388475],[2.3328351974487305,51.00781438810776],[2.3325347900390625,51.00962355062617],[2.335367202758789,51.00981256353424]]]},"id":1331286442,"properties":{"GEO":"CRS3035RES200mN3127800E3784000","GEO_OBJECT":"C200M","OBS_STATUS":"I","lcog_geo":"59183","ind":23,"men":9.9,"men_pauv":1.3,"men_1ind":2.6,"men_5ind":0.7,"men_prop":5.9,"men_fmp":0.7,"ind_snv":524854.4,"men_surf":1228.9,"men_coll":0,"men_mais":9.9,"log_soc":2,"ind_inc":0,"log":9.9,"ind_0_17":5.9,"ind_65p":6.6}},{"type":"Feature","geometry":{"type":"Polygon","coordinates":[[[2.3328351974487305,51.00781438810776],[2.3331356048583984,51.006032159020066],[2.330303192138672,51.00584313070641],[2.330002784729004,51.00762536705679],[2.3328351974487305,51.00781438810776]]]},"id":1331286365,"properties":{"GEO":"CRS3035RES200mN3127600E3783800","GEO_OBJECT":"C200M","OBS_STATUS":"I","lcog_geo":"59183","ind":3,"men":1.1,"men_pauv":0.2,"men_1ind":0.1,"men_5ind":0.1,"men_prop":0.7,"men_fmp":0.1,"ind_snv":65349.5,"men_surf":119.3,"men_coll":0.1,"men_mais":1,"log_soc":0,"ind_inc":0,"log":1.0999999999999999,"ind_0_17":0.5,"ind_65p":0.6}},{"type":"Feature","geometry":{"type":"Polygon","coordinates":[[[2.3325347900390625,51.00962355062617],[2.3328351974487305,51.00781438810776],[2.330002784729004,51.00762536705679],[2.329702377319336,51.00943453694779],[2.3325347900390625,51.00962355062617]]]},"id":1331286441,"properties":{"GEO":"CRS3035RES200mN3127800E3783800","GEO_OBJECT":"C200M","OBS_STATUS":"I","lcog_geo":"59183","ind":23.5,"men":9,"men_pauv":1.4,"men_1ind":1,"men_5ind":1,"men_prop":5.5,"men_fmp":0.7,"ind_snv":511904.2,"men_surf":934.5,"men_coll":0.7,"men_mais":8.3,"log_soc":0,"ind_inc":0,"log":9,"ind_0_17":3.8,"ind_65p":4.8}},{"type":"Feature","geometry":{"type":"Polygon","coordinates":[[[2.3322343826293945,51.01140564172485],[2.3325347900390625,51.00962355062617],[2.329702377319336,51.00943453694779],[2.329401969909668,51.01121663530898],[2.3322343826293945,51.01140564172485]]]},"id":1331286522,"properties":{"GEO":"CRS3035RES200mN3128000E3783800","GEO_OBJECT":"C200M","OBS_STATUS":"I","lcog_geo":"59183","ind":5,"men":2.1,"men_pauv":0.1,"men_1ind":0.2,"men_5ind":0.1,"men_prop":1.8,"men_fmp":0,"ind_snv":137287.4,"men_surf":214.5,"men_coll":0,"men_mais":2.1,"log_soc":0,"ind_inc":0,"log":2.1,"ind_0_17":0.5,"ind_65p":1.7}},{"type":"Feature","geometry":{"type":"Polygon","coordinates":[[[2.3319339752197266,51.0131876643492],[2.3322343826293945,51.01140564172485],[2.329401969909668,51.01121663530898],[2.3291015625,51.01299866519571],[2.3319339752197266,51.0131876643492]]]},"id":1331286592,"properties":{"GEO":"CRS3035RES200mN3128200E3783800","GEO_OBJECT":"C200M","OBS_STATUS":"A","lcog_geo":"59183","ind":189,"men":84,"men_pauv":6,"men_1ind":20,"men_5ind":1,"men_prop":80,"men_fmp":3,"ind_snv":4499141.2,"men_surf":7608,"men_coll":0,"men_mais":84,"log_soc":0,"ind_inc":0,"log":84,"ind_0_17":20.5,"ind_65p":59}},{"type":"Feature","geometry":{"type":"Polygon","coordinates":[[[2.329401969909668,51.01121663530898],[2.329702377319336,51.00943453694779],[2.3268699645996094,51.00924552249916],[2.3265695571899414,51.01102762812286],[2.329401969909668,51.01121663530898]]]},"id":1331286521,"properties":{"GEO":"CRS3035RES200mN3128000E3783600","GEO_OBJECT":"C200M","OBS_STATUS":"A","lcog_geo":"59183","ind":64,"men":28,"men_pauv":2,"men_1ind":4,"men_5ind":0,"men_prop":26,"men_fmp":2,"ind_snv":1508752.3,"men_surf":2894,"men_coll":0,"men_mais":28,"log_soc":1,"ind_inc":0,"log":28,"ind_0_17":8,"ind_65p":30}},{"type":"Feature","geometry":{"type":"Polygon","coordinates":[[[2.3291015625,51.01299866519571],[2.329401969909668,51.01121663530898],[2.3265695571899414,51.01102762812286],[2.3262691497802734,51.01280966527199],[2.3291015625,51.01299866519571]]]},"id":1331286591,"properties":{"GEO":"CRS3035RES200mN3128200E3783600","GEO_OBJECT":"C200M","OBS_STATUS":"A","lcog_geo":"59183","ind":196,"men":76,"men_pauv":1,"men_1ind":6,"men_5ind":3,"men_prop":75,"men_fmp":4,"ind_snv":5011231.3,"men_surf":7741,"men_coll":0,"men_mais":76,"log_soc":0,"ind_inc":0,"log":76,"ind_0_17":39,"ind_65p":64}},{"type":"Feature","geometry":{"type":"Polygon","coordinates":[[[2.328629493713379,50.998524442388145],[2.328929901123047,50.996741856379515],[2.3260974884033203,50.99655279021033],[2.3257970809936523,50.99833538348213],[2.328629493713379,50.998524442388145]]]},"id":1331285991,"properties":{"GEO":"CRS3035RES200mN3126600E3783400","GEO_OBJECT":"C200M","OBS_STATUS":"I","lcog_geo":"59016","ind":5,"men":1.9,"men_pauv":0.1,"men_1ind":0.7,"men_5ind":0.4,"men_prop":1.3,"men_fmp":0,"ind_snv":114644.6,"men_surf":240.1,"men_coll":0,"men_mais":1.9,"log_soc":0,"ind_inc":0,"log":1.9000000000000001,"ind_0_17":1.6,"ind_65p":0.6000000000000001}},{"type":"Feature","geometry":{"type":"Polygon","coordinates":[[[2.320132255554199,50.9979572633591],[2.320432662963867,50.99617465556091],[2.3176002502441406,50.995985587080696],[2.3172998428344727,50.99776820214208],[2.320132255554199,50.9979572633591]]]},"id":1331285990,"properties":{"GEO":"CRS3035RES200mN3126600E3782800","GEO_OBJECT":"C200M","OBS_STATUS":"I","lcog_geo":"59016,59576,59271,59183","ind":2,"men":0.8,"men_pauv":0.1,"men_1ind":0.1,"men_5ind":0.1,"men_prop":0.5,"men_fmp":0.1,"ind_snv":43566.3,"men_surf":79.5,"men_coll":0.1,"men_mais":0.7,"log_soc":0,"ind_inc":0,"log":0.8,"ind_0_17":0.30000000000000004,"ind_65p":0.4}},{"type":"Feature","geometry":{"type":"Polygon","coordinates":[[[2.3172998428344727,50.99776820214208],[2.3176002502441406,50.995985587080696],[2.314767837524414,50.995796517830115],[2.314467430114746,50.99757914015473],[2.3172998428344727,50.99776820214208]]]},"id":1331285989,"properties":{"GEO":"CRS3035RES200mN3126600E3782600","GEO_OBJECT":"C200M","OBS_STATUS":"I","lcog_geo":"59271,59576,59183,59016","ind":9,"men":3.4,"men_pauv":0.5,"men_1ind":0.4,"men_5ind":0.4,"men_prop":2.1,"men_fmp":0.3,"ind_snv":196048.4,"men_surf":357.9,"men_coll":0.2,"men_mais":3.2,"log_soc":0,"ind_inc":0,"log":3.4,"ind_0_17":1.4,"ind_65p":1.9}},{"type":"Feature","geometry":{"type":"Polygon","coordinates":[[[2.3169994354248047,50.999550748722186],[2.3172998428344727,50.99776820214208],[2.314467430114746,50.99757914015473],[2.314167022705078,50.99936169399794],[2.3169994354248047,50.999550748722186]]]},"id":1331286063,"properties":{"GEO":"CRS3035RES200mN3126800E3782600","GEO_OBJECT":"C200M","OBS_STATUS":"I","lcog_geo":"59183,59271","ind":9,"men":3.4,"men_pauv":0.5,"men_1ind":0.4,"men_5ind":0.4,"men_prop":2.1,"men_fmp":0.3,"ind_snv":196048.4,"men_surf":357.9,"men_coll":0.2,"men_mais":3.2,"log_soc":0,"ind_inc":0,"log":3.4,"ind_0_17":1.4,"ind_65p":1.9}},{"type":"Feature","geometry":{"type":"Polygon","coordinates":[[[2.328329086303711,51.00030695991583],[2.328629493713379,50.998524442388145],[2.3257970809936523,50.99833538348213],[2.3254966735839844,51.0001179082729],[2.328329086303711,51.00030695991583]]]},"id":1331286065,"properties":{"GEO":"CRS3035RES200mN3126800E3783400","GEO_OBJECT":"C200M","OBS_STATUS":"I","lcog_geo":"59016,59183","ind":4,"men":1.5,"men_pauv":0.1,"men_1ind":0.6,"men_5ind":0.3,"men_prop":1,"men_fmp":0,"ind_snv":91715.6,"men_surf":192.1,"men_coll":0,"men_mais":1.5,"log_soc":0,"ind_inc":0,"log":1.5,"ind_0_17":1.2,"ind_65p":0.5}},{"type":"Feature","geometry":{"type":"Polygon","coordinates":[[[2.3254966735839844,51.0001179082729],[2.3257970809936523,50.99833538348213],[2.322964668273926,50.9981463238058],[2.322664260864258,50.99992885585962],[2.3254966735839844,51.0001179082729]]]},"id":1331286064,"properties":{"GEO":"CRS3035RES200mN3126800E3783200","GEO_OBJECT":"C200M","OBS_STATUS":"I","lcog_geo":"59016,59183","ind":1,"men":0.4,"men_pauv":0,"men_1ind":0.1,"men_5ind":0.1,"men_prop":0.3,"men_fmp":0,"ind_snv":22928.9,"men_surf":48,"men_coll":0,"men_mais":0.4,"log_soc":0,"ind_inc":0,"log":0.4,"ind_0_17":0.30000000000000004,"ind_65p":0.1}},{"type":"Feature","geometry":{"type":"Polygon","coordinates":[[[2.3265695571899414,51.01102762812286],[2.3268699645996094,51.00924552249916],[2.324037551879883,51.009056507280235],[2.323737144470215,51.01083862016645],[2.3265695571899414,51.01102762812286]]]},"id":1331286520,"properties":{"GEO":"CRS3035RES200mN3128000E3783400","GEO_OBJECT":"C200M","OBS_STATUS":"A","lcog_geo":"59183,59271","ind":23,"men":11,"men_pauv":1,"men_1ind":2,"men_5ind":0,"men_prop":11,"men_fmp":0,"ind_snv":584415.7,"men_surf":1107,"men_coll":0,"men_mais":11,"log_soc":0,"ind_inc":0,"log":11,"ind_0_17":3,"ind_65p":14}},{"type":"Feature","geometry":{"type":"Polygon","coordinates":[[[2.3262691497802734,51.01280966527199],[2.3265695571899414,51.01102762812286],[2.323737144470215,51.01083862016645],[2.323436737060547,51.01262066457798],[2.3262691497802734,51.01280966527199]]]},"id":1331286590,"properties":{"GEO":"CRS3035RES200mN3128200E3783400","GEO_OBJECT":"C200M","OBS_STATUS":"A","lcog_geo":"59183,59271","ind":69.5,"men":23,"men_pauv":4,"men_1ind":1,"men_5ind":4,"men_prop":23,"men_fmp":2,"ind_snv":1640648.3,"men_surf":2325,"men_coll":0,"men_mais":23,"log_soc":0,"ind_inc":0,"log":23,"ind_0_17":12,"ind_65p":19}},{"type":"Feature","geometry":{"type":"Polygon","coordinates":[[[2.3166990280151367,51.001333226821885],[2.3169994354248047,50.999550748722186],[2.314167022705078,50.99936169399794],[2.31386661529541,51.001144179360665],[2.3166990280151367,51.001333226821885]]]},"id":1331286142,"properties":{"GEO":"CRS3035RES200mN3127000E3782600","GEO_OBJECT":"C200M","OBS_STATUS":"I","lcog_geo":"59183,59271","ind":14,"men":5,"men_pauv":1.1,"men_1ind":1.3,"men_5ind":0.5,"men_prop":2.5,"men_fmp":0.7,"ind_snv":283205.5,"men_surf":501.1,"men_coll":0.9,"men_mais":4.1,"log_soc":1.3,"ind_inc":0,"log":5,"ind_0_17":3.5999999999999996,"ind_65p":1.4}},{"type":"Feature","geometry":{"type":"Polygon","coordinates":[[[2.313566207885742,51.00292659624381],[2.31386661529541,51.001144179360665],[2.3110342025756836,51.00095513112916],[2.3107337951660156,51.00273755527522],[2.313566207885742,51.00292659624381]]]},"id":1331286212,"properties":{"GEO":"CRS3035RES200mN3127200E3782400","GEO_OBJECT":"C200M","OBS_STATUS":"I","lcog_geo":"59271","ind":6,"men":2.2,"men_pauv":0.5,"men_1ind":0.5,"men_5ind":0.2,"men_prop":1.1,"men_fmp":0.3,"ind_snv":121373.8,"men_surf":214.8,"men_coll":0.4,"men_mais":1.8,"log_soc":0.5,"ind_inc":0,"log":2.2,"ind_0_17":1.5,"ind_65p":0.6}},{"type":"Feature","geometry":{"type":"Polygon","coordinates":[[[2.3688411712646484,51.01561758485096],[2.369098663330078,51.01383565559931],[2.3662662506103516,51.013646659086646],[2.3659658432006836,51.015428595600554],[2.3688411712646484,51.01561758485096]]]},"id":1331286594,"properties":{"GEO":"CRS3035RES200mN3128200E3786400","GEO_OBJECT":"C200M","OBS_STATUS":"I","lcog_geo":"59183","ind":3,"men":1.3,"men_pauv":0.1,"men_1ind":0.3,"men_5ind":0,"men_prop":0.9,"men_fmp":0.1,"ind_snv":70360.3,"men_surf":104.1,"men_coll":0.1,"men_mais":1.2,"log_soc":0,"ind_inc":0,"log":1.3,"ind_0_17":0.30000000000000004,"ind_65p":0.6}},{"type":"Feature","geometry":{"type":"Polygon","coordinates":[[[2.3685407638549805,51.01739944563039],[2.3688411712646484,51.01561758485096],[2.3659658432006836,51.015428595600554],[2.365708351135254,51.017237461116196],[2.3685407638549805,51.01739944563039]]]},"id":1331286665,"properties":{"GEO":"CRS3035RES200mN3128400E3786400","GEO_OBJECT":"C200M","OBS_STATUS":"I","lcog_geo":"59183","ind":4,"men":1.7,"men_pauv":0.1,"men_1ind":0.4,"men_5ind":0,"men_prop":1.2,"men_fmp":0.1,"ind_snv":93813.7,"men_surf":138.8,"men_coll":0.1,"men_mais":1.6,"log_soc":0,"ind_inc":0,"log":1.7000000000000002,"ind_0_17":0.30000000000000004,"ind_65p":0.8}},{"type":"Feature","geometry":{"type":"Polygon","coordinates":[[[2.370471954345703,51.022960570718254],[2.370772361755371,51.02117892364933],[2.3679399490356445,51.02098995706535],[2.3676395416259766,51.022771611396166],[2.370471954345703,51.022960570718254]]]},"id":1331286891,"properties":{"GEO":"CRS3035RES200mN3129000E3786600","GEO_OBJECT":"C200M","OBS_STATUS":"A","lcog_geo":"59155","ind":351,"men":152,"men_pauv":32,"men_1ind":52,"men_5ind":12,"men_prop":39,"men_fmp":26,"ind_snv":6737092.9,"men_surf":12442,"men_coll":103,"men_mais":49,"log_soc":92,"ind_inc":0,"log":152,"ind_0_17":94,"ind_65p":56}},{"type":"Feature","geometry":{"type":"Polygon","coordinates":[[[2.3679399490356445,51.02098995706535],[2.3682403564453125,51.01920823426508],[2.365407943725586,51.01901925964896],[2.365107536315918,51.020800989711205],[2.3679399490356445,51.02098995706535]]]},"id":1331286827,"properties":{"GEO":"CRS3035RES200mN3128800E3786400","GEO_OBJECT":"C200M","OBS_STATUS":"A","lcog_geo":"59183,59155","ind":117.5,"men":56,"men_pauv":22,"men_1ind":22,"men_5ind":2,"men_prop":13,"men_fmp":10,"ind_snv":2072016.5,"men_surf":4180,"men_coll":34,"men_mais":22,"log_soc":1,"ind_inc":0,"log":56,"ind_0_17":30.5,"ind_65p":17}},{"type":"Feature","geometry":{"type":"Polygon","coordinates":[[[2.3676395416259766,51.022771611396166],[2.3679399490356445,51.02098995706535],[2.365107536315918,51.020800989711205],[2.36480712890625,51.02258265130388],[2.3676395416259766,51.022771611396166]]]},"id":1331286890,"properties":{"GEO":"CRS3035RES200mN3129000E3786400","GEO_OBJECT":"C200M","OBS_STATUS":"A","lcog_geo":"59183,59155","ind":93,"men":51,"men_pauv":9,"men_1ind":22,"men_5ind":1,"men_prop":21,"men_fmp":5,"ind_snv":1878135.8,"men_surf":4211,"men_coll":27,"men_mais":24,"log_soc":23,"ind_inc":0,"log":51,"ind_0_17":13,"ind_65p":17}},{"type":"Feature","geometry":{"type":"Polygon","coordinates":[[[2.3730039596557617,51.02493110060885],[2.3733043670654297,51.02314952927014],[2.370471954345703,51.022960570718254],[2.370171546936035,51.02474214931871],[2.3730039596557617,51.02493110060885]]]},"id":1331286951,"properties":{"GEO":"CRS3035RES200mN3129200E3786800","GEO_OBJECT":"C200M","OBS_STATUS":"A","lcog_geo":"59155,59183","ind":121.5,"men":43,"men_pauv":3,"men_1ind":6,"men_5ind":5,"men_prop":35,"men_fmp":6,"ind_snv":2812046.2,"men_surf":4269,"men_coll":3,"men_mais":40,"log_soc":0,"ind_inc":0,"log":43,"ind_0_17":36,"ind_65p":16}},{"type":"Feature","geometry":{"type":"Polygon","coordinates":[[[2.3752784729003906,51.02868297388147],[2.3755788803100586,51.02690154673837],[2.3727035522460938,51.026712603480064],[2.372446060180664,51.02849403788471],[2.3752784729003906,51.02868297388147]]]},"id":1331287057,"properties":{"GEO":"CRS3035RES200mN3129600E3787000","GEO_OBJECT":"C200M","OBS_STATUS":"A","lcog_geo":"59183","ind":586.5,"men":286,"men_pauv":117,"men_1ind":138,"men_5ind":14,"men_prop":19,"men_fmp":56,"ind_snv":9092455.7,"men_surf":18965,"men_coll":285,"men_mais":1,"log_soc":242,"ind_inc":2,"log":286,"ind_0_17":155,"ind_65p":79}},{"type":"Feature","geometry":{"type":"Polygon","coordinates":[[[2.372446060180664,51.02849403788471],[2.3727035522460938,51.026712603480064],[2.369871139526367,51.026523659451584],[2.369570732116699,51.02830510111778],[2.372446060180664,51.02849403788471]]]},"id":1331287056,"properties":{"GEO":"CRS3035RES200mN3129600E3786800","GEO_OBJECT":"C200M","OBS_STATUS":"A","lcog_geo":"59183","ind":97.5,"men":52,"men_pauv":11,"men_1ind":22,"men_5ind":0,"men_prop":0,"men_fmp":9,"ind_snv":1897423.2,"men_surf":3562,"men_coll":51,"men_mais":1,"log_soc":50,"ind_inc":0,"log":52,"ind_0_17":19.5,"ind_65p":24}},{"type":"Feature","geometry":{"type":"Polygon","coordinates":[[[2.3727035522460938,51.026712603480064],[2.3730039596557617,51.02493110060885],[2.370171546936035,51.02474214931871],[2.369871139526367,51.026523659451584],[2.3727035522460938,51.026712603480064]]]},"id":1331287005,"properties":{"GEO":"CRS3035RES200mN3129400E3786800","GEO_OBJECT":"C200M","OBS_STATUS":"A","lcog_geo":"59183","ind":135,"men":41,"men_pauv":18,"men_1ind":7,"men_5ind":11,"men_prop":0,"men_fmp":11,"ind_snv":1988780.8,"men_surf":3453,"men_coll":24,"men_mais":17,"log_soc":41,"ind_inc":1,"log":41,"ind_0_17":47,"ind_65p":12}},{"type":"Feature","geometry":{"type":"Polygon","coordinates":[[[2.370171546936035,51.02474214931871],[2.370471954345703,51.022960570718254],[2.3676395416259766,51.022771611396166],[2.3673391342163086,51.02455319725834],[2.370171546936035,51.02474214931871]]]},"id":1331286950,"properties":{"GEO":"CRS3035RES200mN3129200E3786600","GEO_OBJECT":"C200M","OBS_STATUS":"A","lcog_geo":"59155,59183","ind":74.5,"men":32,"men_pauv":5,"men_1ind":8,"men_5ind":2,"men_prop":11,"men_fmp":4,"ind_snv":1528169.9,"men_surf":2538,"men_coll":18,"men_mais":14,"log_soc":16,"ind_inc":0,"log":32,"ind_0_17":19.5,"ind_65p":13}},{"type":"Feature","geometry":{"type":"Polygon","coordinates":[[[2.369871139526367,51.026523659451584],[2.370171546936035,51.02474214931871],[2.3673391342163086,51.02455319725834],[2.3670387268066406,51.026334714652904],[2.369871139526367,51.026523659451584]]]},"id":1331287004,"properties":{"GEO":"CRS3035RES200mN3129400E3786600","GEO_OBJECT":"C200M","OBS_STATUS":"A","lcog_geo":"59183,59155","ind":444,"men":218,"men_pauv":94,"men_1ind":103,"men_5ind":12,"men_prop":0,"men_fmp":38,"ind_snv":6714695.2,"men_surf":13222,"men_coll":218,"men_mais":0,"log_soc":218,"ind_inc":7,"log":218,"ind_0_17":103,"ind_65p":92}},{"type":"Feature","geometry":{"type":"Polygon","coordinates":[[[2.365107536315918,51.020800989711205],[2.365407943725586,51.01901925964896],[2.3625755310058594,51.018830284262634],[2.3622751235961914,51.02061202158683],[2.365107536315918,51.020800989711205]]]},"id":1331286826,"properties":{"GEO":"CRS3035RES200mN3128800E3786200","GEO_OBJECT":"C200M","OBS_STATUS":"I","lcog_geo":"59183","ind":8,"men":3.4,"men_pauv":0.3,"men_1ind":0.8,"men_5ind":0,"men_prop":2.3,"men_fmp":0.3,"ind_snv":187627.5,"men_surf":277.7,"men_coll":0.3,"men_mais":3.1,"log_soc":0,"ind_inc":0,"log":3.3999999999999995,"ind_0_17":0.8,"ind_65p":1.6}},{"type":"Feature","geometry":{"type":"Polygon","coordinates":[[[2.36480712890625,51.02258265130388],[2.365107536315918,51.020800989711205],[2.3622751235961914,51.02061202158683],[2.3619747161865234,51.02239369044139],[2.36480712890625,51.02258265130388]]]},"id":1331286889,"properties":{"GEO":"CRS3035RES200mN3129000E3786200","GEO_OBJECT":"C200M","OBS_STATUS":"I","lcog_geo":"59183","ind":15,"men":4.6,"men_pauv":2.1,"men_1ind":1.2,"men_5ind":0.5,"men_prop":3,"men_fmp":0.5,"ind_snv":260293.2,"men_surf":307.2,"men_coll":1.4,"men_mais":3.2,"log_soc":0,"ind_inc":0,"log":4.6,"ind_0_17":5.1000000000000005,"ind_65p":1.6}},{"type":"Feature","geometry":{"type":"Polygon","coordinates":[[[2.3673391342163086,51.02455319725834],[2.3676395416259766,51.022771611396166],[2.36480712890625,51.02258265130388],[2.364506721496582,51.02436424442786],[2.3673391342163086,51.02455319725834]]]},"id":1331286949,"properties":{"GEO":"CRS3035RES200mN3129200E3786400","GEO_OBJECT":"C200M","OBS_STATUS":"A","lcog_geo":"59183,59155","ind":88,"men":27,"men_pauv":2,"men_1ind":2,"men_5ind":4,"men_prop":15,"men_fmp":0,"ind_snv":1954598.9,"men_surf":2521,"men_coll":0,"men_mais":27,"log_soc":11,"ind_inc":0,"log":27,"ind_0_17":26,"ind_65p":7}},{"type":"Feature","geometry":{"type":"Polygon","coordinates":[[[2.3670387268066406,51.026334714652904],[2.3673391342163086,51.02455319725834],[2.364506721496582,51.02436424442786],[2.364206314086914,51.02614576908408],[2.3670387268066406,51.026334714652904]]]},"id":1331287003,"properties":{"GEO":"CRS3035RES200mN3129400E3786400","GEO_OBJECT":"C200M","OBS_STATUS":"A","lcog_geo":"59183,59155","ind":161,"men":70,"men_pauv":34,"men_1ind":21,"men_5ind":4,"men_prop":0,"men_fmp":22,"ind_snv":2544938.5,"men_surf":4797,"men_coll":68,"men_mais":2,"log_soc":69,"ind_inc":0,"log":70,"ind_0_17":47,"ind_65p":14}},{"type":"Feature","geometry":{"type":"Polygon","coordinates":[[[2.364506721496582,51.02436424442786],[2.36480712890625,51.02258265130388],[2.3619747161865234,51.02239369044139],[2.3616743087768555,51.02417529082717],[2.364506721496582,51.02436424442786]]]},"id":1331286948,"properties":{"GEO":"CRS3035RES200mN3129200E3786200","GEO_OBJECT":"C200M","OBS_STATUS":"A","lcog_geo":"59183","ind":161.5,"men":58,"men_pauv":6,"men_1ind":7,"men_5ind":6,"men_prop":25,"men_fmp":6,"ind_snv":3494405.4,"men_surf":5315,"men_coll":0,"men_mais":58,"log_soc":32,"ind_inc":0,"log":58,"ind_0_17":37.5,"ind_65p":23}},{"type":"Feature","geometry":{"type":"Polygon","coordinates":[[[2.3667383193969727,51.028143154704594],[2.3670387268066406,51.026334714652904],[2.364206314086914,51.02614576908408],[2.363905906677246,51.02795421650737],[2.3667383193969727,51.028143154704594]]]},"id":1331287054,"properties":{"GEO":"CRS3035RES200mN3129600E3786400","GEO_OBJECT":"C200M","OBS_STATUS":"A","lcog_geo":"59183","ind":163,"men":72,"men_pauv":17,"men_1ind":29,"men_5ind":6,"men_prop":14,"men_fmp":11,"ind_snv":3119766.7,"men_surf":4897,"men_coll":65,"men_mais":7,"log_soc":41,"ind_inc":0,"log":72,"ind_0_17":44,"ind_65p":18}},{"type":"Feature","geometry":{"type":"Polygon","coordinates":[[[2.364206314086914,51.02614576908408],[2.364506721496582,51.02436424442786],[2.3616743087768555,51.02417529082717],[2.3613739013671875,51.02595682274509],[2.364206314086914,51.02614576908408]]]},"id":1331287002,"properties":{"GEO":"CRS3035RES200mN3129400E3786200","GEO_OBJECT":"C200M","OBS_STATUS":"A","lcog_geo":"59183","ind":176,"men":82,"men_pauv":33,"men_1ind":35,"men_5ind":5,"men_prop":0,"men_fmp":15,"ind_snv":2616285,"men_surf":5514,"men_coll":76,"men_mais":6,"log_soc":82,"ind_inc":0,"log":82,"ind_0_17":41,"ind_65p":19}},{"type":"Feature","geometry":{"type":"Polygon","coordinates":[[[2.359442710876465,51.02042305269228],[2.3597002029418945,51.018641308106055],[2.356867790222168,51.018452331179276],[2.3565673828125,51.0202340830275],[2.359442710876465,51.02042305269228]]]},"id":1331286825,"properties":{"GEO":"CRS3035RES200mN3128800E3785800","GEO_OBJECT":"C200M","OBS_STATUS":"A","lcog_geo":"59183","ind":170,"men":63,"men_pauv":10,"men_1ind":10,"men_5ind":8,"men_prop":45,"men_fmp":7,"ind_snv":3468360.7,"men_surf":5282,"men_coll":1,"men_mais":62,"log_soc":11,"ind_inc":0,"log":63,"ind_0_17":29,"ind_65p":26}},{"type":"Feature","geometry":{"type":"Polygon","coordinates":[[[2.359142303466797,51.02220472880873],[2.359442710876465,51.02042305269228],[2.3565673828125,51.0202340830275],[2.3563098907470703,51.02201576640584],[2.359142303466797,51.02220472880873]]]},"id":1331286888,"properties":{"GEO":"CRS3035RES200mN3129000E3785800","GEO_OBJECT":"C200M","OBS_STATUS":"A","lcog_geo":"59183","ind":48.5,"men":22,"men_pauv":0,"men_1ind":12,"men_5ind":3,"men_prop":16,"men_fmp":1,"ind_snv":1120915.2,"men_surf":2057,"men_coll":7,"men_mais":15,"log_soc":0,"ind_inc":0,"log":22,"ind_0_17":14,"ind_65p":4}},{"type":"Feature","geometry":{"type":"Polygon","coordinates":[[[2.3563098907470703,51.02201576640584],[2.3565673828125,51.0202340830275],[2.3537349700927734,51.02004511259253],[2.3534345626831055,51.021826803232784],[2.3563098907470703,51.02201576640584]]]},"id":1331286887,"properties":{"GEO":"CRS3035RES200mN3129000E3785600","GEO_OBJECT":"C200M","OBS_STATUS":"A","lcog_geo":"59183","ind":343,"men":122,"men_pauv":28,"men_1ind":28,"men_5ind":19,"men_prop":91,"men_fmp":16,"ind_snv":6986837.8,"men_surf":9854,"men_coll":9,"men_mais":113,"log_soc":8,"ind_inc":0,"log":122,"ind_0_17":106,"ind_65p":37}},{"type":"Feature","geometry":{"type":"Polygon","coordinates":[[[2.3565673828125,51.0202340830275],[2.356867790222168,51.018452331179276],[2.3540353775024414,51.0182633534823],[2.3537349700927734,51.02004511259253],[2.3565673828125,51.0202340830275]]]},"id":1331286824,"properties":{"GEO":"CRS3035RES200mN3128800E3785600","GEO_OBJECT":"C200M","OBS_STATUS":"I","lcog_geo":"59183","ind":24,"men":8.4,"men_pauv":0.5,"men_1ind":1.6,"men_5ind":1.1,"men_prop":6.9,"men_fmp":1.1,"ind_snv":647666.8,"men_surf":902,"men_coll":0,"men_mais":8.4,"log_soc":0,"ind_inc":0,"log":8.4,"ind_0_17":7.6,"ind_65p":2.1}},{"type":"Feature","geometry":{"type":"Polygon","coordinates":[[[2.351202964782715,51.01807437501509],[2.351503372192383,51.01629254017183],[2.3486709594726562,51.01610355367231],[2.3483705520629883,51.017885395777654],[2.351202964782715,51.01807437501509]]]},"id":1331286744,"properties":{"GEO":"CRS3035RES200mN3128600E3785200","GEO_OBJECT":"C200M","OBS_STATUS":"I","lcog_geo":"59183","ind":21.5,"men":7.6,"men_pauv":0.5,"men_1ind":1.4,"men_5ind":0.9,"men_prop":6.1,"men_fmp":0.9,"ind_snv":580201.5,"men_surf":808,"men_coll":0,"men_mais":7.6,"log_soc":0,"ind_inc":0,"log":7.6,"ind_0_17":6.9,"ind_65p":1.9}},{"type":"Feature","geometry":{"type":"Polygon","coordinates":[[[2.3537349700927734,51.02004511259253],[2.3540353775024414,51.0182633534823],[2.351202964782715,51.01807437501509],[2.350902557373047,51.01985614138732],[2.3537349700927734,51.02004511259253]]]},"id":1331286823,"properties":{"GEO":"CRS3035RES200mN3128800E3785400","GEO_OBJECT":"C200M","OBS_STATUS":"A","lcog_geo":"59183","ind":181.5,"men":57,"men_pauv":14,"men_1ind":2,"men_5ind":10,"men_prop":8,"men_fmp":10,"ind_snv":3257808.1,"men_surf":5121,"men_coll":0,"men_mais":57,"log_soc":47,"ind_inc":0,"log":57,"ind_0_17":48,"ind_65p":9}},{"type":"Feature","geometry":{"type":"Polygon","coordinates":[[[2.358841896057129,51.02398633645629],[2.359142303466797,51.02220472880873],[2.3563098907470703,51.02201576640584],[2.3560094833374023,51.023797381315234],[2.358841896057129,51.02398633645629]]]},"id":1331286946,"properties":{"GEO":"CRS3035RES200mN3129200E3785800","GEO_OBJECT":"C200M","OBS_STATUS":"A","lcog_geo":"59183","ind":374.5,"men":160,"men_pauv":74,"men_1ind":57,"men_5ind":19,"men_prop":16,"men_fmp":42,"ind_snv":5724092.3,"men_surf":11413,"men_coll":124,"men_mais":36,"log_soc":141,"ind_inc":0,"log":160,"ind_0_17":117,"ind_65p":41}},{"type":"Feature","geometry":{"type":"Polygon","coordinates":[[[2.3616743087768555,51.02417529082717],[2.3619747161865234,51.02239369044139],[2.359142303466797,51.02220472880873],[2.358841896057129,51.02398633645629],[2.3616743087768555,51.02417529082717]]]},"id":1331286947,"properties":{"GEO":"CRS3035RES200mN3129200E3786000","GEO_OBJECT":"C200M","OBS_STATUS":"A","lcog_geo":"59183","ind":272,"men":115,"men_pauv":69,"men_1ind":44,"men_5ind":15,"men_prop":1,"men_fmp":32,"ind_snv":3787527.9,"men_surf":7615,"men_coll":115,"men_mais":0,"log_soc":114,"ind_inc":0,"log":115,"ind_0_17":87,"ind_65p":27}},{"type":"Feature","geometry":{"type":"Polygon","coordinates":[[[2.363905906677246,51.02795421650737],[2.364206314086914,51.02614576908408],[2.3613739013671875,51.02595682274509],[2.3610734939575195,51.02776527753997],[2.363905906677246,51.02795421650737]]]},"id":1331287053,"properties":{"GEO":"CRS3035RES200mN3129600E3786200","GEO_OBJECT":"C200M","OBS_STATUS":"A","lcog_geo":"59183","ind":149,"men":67,"men_pauv":36,"men_1ind":22,"men_5ind":2,"men_prop":1,"men_fmp":19,"ind_snv":2151112.4,"men_surf":4173,"men_coll":67,"men_mais":0,"log_soc":65,"ind_inc":0,"log":67,"ind_0_17":37,"ind_65p":18}},{"type":"Feature","geometry":{"type":"Polygon","coordinates":[[[2.3610734939575195,51.02776527753997],[2.3613739013671875,51.02595682274509],[2.358541488647461,51.025794868127235],[2.358241081237793,51.0275763378024],[2.3610734939575195,51.02776527753997]]]},"id":1331287052,"properties":{"GEO":"CRS3035RES200mN3129600E3786000","GEO_OBJECT":"C200M","OBS_STATUS":"I","lcog_geo":"59183","ind":50,"men":15.4,"men_pauv":6.9,"men_1ind":3.8,"men_5ind":1.5,"men_prop":10,"men_fmp":1.5,"ind_snv":867644.1,"men_surf":1023.8,"men_coll":4.6,"men_mais":10.8,"log_soc":0,"ind_inc":0,"log":15.4,"ind_0_17":16.900000000000002,"ind_65p":5.4}},{"type":"Feature","geometry":{"type":"Polygon","coordinates":[[[2.3613739013671875,51.02595682274509],[2.3616743087768555,51.02417529082717],[2.358841896057129,51.02398633645629],[2.358541488647461,51.025794868127235],[2.3613739013671875,51.02595682274509]]]},"id":1331287001,"properties":{"GEO":"CRS3035RES200mN3129400E3786000","GEO_OBJECT":"C200M","OBS_STATUS":"A","lcog_geo":"59183","ind":222,"men":120,"men_pauv":25,"men_1ind":57,"men_5ind":3,"men_prop":69,"men_fmp":12,"ind_snv":4043237.8,"men_surf":9945,"men_coll":120,"men_mais":0,"log_soc":43,"ind_inc":0,"log":120,"ind_0_17":43,"ind_65p":84}},{"type":"Feature","geometry":{"type":"Polygon","coordinates":[[[2.358241081237793,51.0275763378024],[2.358541488647461,51.025794868127235],[2.3557090759277344,51.02560592035789],[2.3554086685180664,51.02738739729469],[2.358241081237793,51.0275763378024]]]},"id":1331287051,"properties":{"GEO":"CRS3035RES200mN3129600E3785800","GEO_OBJECT":"C200M","OBS_STATUS":"A","lcog_geo":"59183","ind":249,"men":129,"men_pauv":53,"men_1ind":61,"men_5ind":5,"men_prop":0,"men_fmp":30,"ind_snv":3692141,"men_surf":7539,"men_coll":129,"men_mais":0,"log_soc":129,"ind_inc":7,"log":129,"ind_0_17":52,"ind_65p":46}},{"type":"Feature","geometry":{"type":"Polygon","coordinates":[[[2.358541488647461,51.025794868127235],[2.358841896057129,51.02398633645629],[2.3560094833374023,51.023797381315234],[2.3557090759277344,51.02560592035789],[2.358541488647461,51.025794868127235]]]},"id":1331287000,"properties":{"GEO":"CRS3035RES200mN3129400E3785800","GEO_OBJECT":"C200M","OBS_STATUS":"A","lcog_geo":"59183","ind":470,"men":229,"men_pauv":95,"men_1ind":98,"men_5ind":15,"men_prop":41,"men_fmp":35,"ind_snv":7466026.2,"men_surf":15709,"men_coll":229,"men_mais":0,"log_soc":181,"ind_inc":0,"log":229,"ind_0_17":115,"ind_65p":106}},{"type":"Feature","geometry":{"type":"Polygon","coordinates":[[[2.3560094833374023,51.023797381315234],[2.3563098907470703,51.02201576640584],[2.3534345626831055,51.021826803232784],[2.353177070617676,51.02360842540398],[2.3560094833374023,51.023797381315234]]]},"id":1331286945,"properties":{"GEO":"CRS3035RES200mN3129200E3785600","GEO_OBJECT":"C200M","OBS_STATUS":"A","lcog_geo":"59183","ind":356.5,"men":124,"men_pauv":19,"men_1ind":33,"men_5ind":21,"men_prop":83,"men_fmp":6,"ind_snv":7555187.2,"men_surf":10719,"men_coll":13,"men_mais":111,"log_soc":17,"ind_inc":0,"log":124,"ind_0_17":106,"ind_65p":49}},{"type":"Feature","geometry":{"type":"Polygon","coordinates":[[[2.353177070617676,51.02360842540398],[2.3534345626831055,51.021826803232784],[2.350602149963379,51.021637839289525],[2.350301742553711,51.02341946872255],[2.353177070617676,51.02360842540398]]]},"id":1331286944,"properties":{"GEO":"CRS3035RES200mN3129200E3785400","GEO_OBJECT":"C200M","OBS_STATUS":"A","lcog_geo":"59183","ind":360.5,"men":153,"men_pauv":22,"men_1ind":49,"men_5ind":12,"men_prop":103,"men_fmp":13,"ind_snv":7792819.3,"men_surf":13816,"men_coll":36,"men_mais":117,"log_soc":1,"ind_inc":0,"log":153,"ind_0_17":91.5,"ind_65p":55}},{"type":"Feature","geometry":{"type":"Polygon","coordinates":[[[2.3534345626831055,51.021826803232784],[2.3537349700927734,51.02004511259253],[2.350902557373047,51.01985614138732],[2.350602149963379,51.021637839289525],[2.3534345626831055,51.021826803232784]]]},"id":1331286886,"properties":{"GEO":"CRS3035RES200mN3129000E3785400","GEO_OBJECT":"C200M","OBS_STATUS":"A","lcog_geo":"59183","ind":243,"men":97,"men_pauv":12,"men_1ind":23,"men_5ind":9,"men_prop":70,"men_fmp":5,"ind_snv":4968845.5,"men_surf":8886,"men_coll":6,"men_mais":91,"log_soc":12,"ind_inc":0,"log":97,"ind_0_17":48,"ind_65p":42}},{"type":"Feature","geometry":{"type":"Polygon","coordinates":[[[2.3557090759277344,51.02560592035789],[2.3560094833374023,51.023797381315234],[2.353177070617676,51.02360842540398],[2.352876663208008,51.02541697181837],[2.3557090759277344,51.02560592035789]]]},"id":1331286999,"properties":{"GEO":"CRS3035RES200mN3129400E3785600","GEO_OBJECT":"C200M","OBS_STATUS":"I","lcog_geo":"59183","ind":53.5,"men":17.7,"men_pauv":2,"men_1ind":4.1,"men_5ind":2.7,"men_prop":13.6,"men_fmp":2,"ind_snv":1020303.5,"men_surf":2057.5,"men_coll":0,"men_mais":17.7,"log_soc":0.7,"ind_inc":0,"log":17.7,"ind_0_17":16.7,"ind_65p":4.7}},{"type":"Feature","geometry":{"type":"Polygon","coordinates":[[[2.3554086685180664,51.02738739729469],[2.3557090759277344,51.02560592035789],[2.352876663208008,51.02541697181837],[2.35257625579834,51.027198456016805],[2.3554086685180664,51.02738739729469]]]},"id":1331287050,"properties":{"GEO":"CRS3035RES200mN3129600E3785600","GEO_OBJECT":"C200M","OBS_STATUS":"I","lcog_geo":"59183","ind":25,"men":8.3,"men_pauv":1,"men_1ind":1.9,"men_5ind":1.3,"men_prop":6.4,"men_fmp":1,"ind_snv":476777.4,"men_surf":961.5,"men_coll":0,"men_mais":8.3,"log_soc":0.3,"ind_inc":0,"log":8.299999999999999,"ind_0_17":7.800000000000001,"ind_65p":2.3}},{"type":"Feature","geometry":{"type":"Polygon","coordinates":[[[2.352876663208008,51.02541697181837],[2.353177070617676,51.02360842540398],[2.350301742553711,51.02341946872255],[2.350001335144043,51.02522802250871],[2.352876663208008,51.02541697181837]]]},"id":1331286998,"properties":{"GEO":"CRS3035RES200mN3129400E3785400","GEO_OBJECT":"C200M","OBS_STATUS":"A","lcog_geo":"59183","ind":202.5,"men":79,"men_pauv":13,"men_1ind":17,"men_5ind":4,"men_prop":55,"men_fmp":10,"ind_snv":4314389.2,"men_surf":7697,"men_coll":6,"men_mais":73,"log_soc":5,"ind_inc":0,"log":79,"ind_0_17":44.5,"ind_65p":38}},{"type":"Feature","geometry":{"type":"Polygon","coordinates":[[[2.3749780654907227,51.03049132231547],[2.3752784729003906,51.02868297388147],[2.372446060180664,51.02849403788471],[2.372145652770996,51.03030239369019],[2.3749780654907227,51.03049132231547]]]},"id":1331287108,"properties":{"GEO":"CRS3035RES200mN3129800E3787000","GEO_OBJECT":"C200M","OBS_STATUS":"A","lcog_geo":"59183","ind":184.5,"men":121,"men_pauv":48,"men_1ind":84,"men_5ind":3,"men_prop":18,"men_fmp":14,"ind_snv":3265389.8,"men_surf":7214,"men_coll":113,"men_mais":8,"log_soc":65,"ind_inc":0,"log":121,"ind_0_17":26.5,"ind_65p":59}},{"type":"Feature","geometry":{"type":"Polygon","coordinates":[[[2.372145652770996,51.03030239369019],[2.372446060180664,51.02849403788471],[2.369570732116699,51.02830510111778],[2.3693132400512695,51.030113464294715],[2.372145652770996,51.03030239369019]]]},"id":1331287107,"properties":{"GEO":"CRS3035RES200mN3129800E3786800","GEO_OBJECT":"C200M","OBS_STATUS":"A","lcog_geo":"59183","ind":62,"men":36,"men_pauv":22,"men_1ind":23,"men_5ind":2,"men_prop":4,"men_fmp":2,"ind_snv":865210.9,"men_surf":2190,"men_coll":34,"men_mais":2,"log_soc":4,"ind_inc":0,"log":36,"ind_0_17":10,"ind_65p":16}},{"type":"Feature","geometry":{"type":"Polygon","coordinates":[[[2.371845245361328,51.03208369012708],[2.372145652770996,51.03030239369019],[2.3693132400512695,51.030113464294715],[2.3690128326416016,51.03189476799301],[2.371845245361328,51.03208369012708]]]},"id":1331287157,"properties":{"GEO":"CRS3035RES200mN3130000E3786800","GEO_OBJECT":"C200M","OBS_STATUS":"A","lcog_geo":"59183","ind":202.5,"men":126,"men_pauv":50,"men_1ind":67,"men_5ind":1,"men_prop":16,"men_fmp":24,"ind_snv":3520882.3,"men_surf":7658,"men_coll":123,"men_mais":3,"log_soc":23,"ind_inc":0,"log":126,"ind_0_17":31,"ind_65p":29}},{"type":"Feature","geometry":{"type":"Polygon","coordinates":[[[2.37154483795166,51.033864918100164],[2.371845245361328,51.03208369012708],[2.3690128326416016,51.03189476799301],[2.3687124252319336,51.03367600322733],[2.37154483795166,51.033864918100164]]]},"id":1331287213,"properties":{"GEO":"CRS3035RES200mN3130200E3786800","GEO_OBJECT":"C200M","OBS_STATUS":"I","lcog_geo":"59183","ind":60,"men":38,"men_pauv":1.7,"men_1ind":23.7,"men_5ind":1.7,"men_prop":22.8,"men_fmp":3.4,"ind_snv":1572600.7,"men_surf":3230.7,"men_coll":38,"men_mais":0,"log_soc":0,"ind_inc":0,"log":38,"ind_0_17":10.1,"ind_65p":19.5}},{"type":"Feature","geometry":{"type":"Polygon","coordinates":[[[2.3693132400512695,51.030113464294715],[2.369570732116699,51.02830510111778],[2.3667383193969727,51.028143154704594],[2.3664379119873047,51.02992453412915],[2.3693132400512695,51.030113464294715]]]},"id":1331287106,"properties":{"GEO":"CRS3035RES200mN3129800E3786600","GEO_OBJECT":"C200M","OBS_STATUS":"A","lcog_geo":"59183","ind":58,"men":35,"men_pauv":17,"men_1ind":26,"men_5ind":1,"men_prop":3,"men_fmp":5,"ind_snv":840435.5,"men_surf":2128,"men_coll":31,"men_mais":4,"log_soc":5,"ind_inc":0,"log":35,"ind_0_17":15,"ind_65p":10}},{"type":"Feature","geometry":{"type":"Polygon","coordinates":[[[2.369570732116699,51.02830510111778],[2.369871139526367,51.026523659451584],[2.3670387268066406,51.026334714652904],[2.3667383193969727,51.028143154704594],[2.369570732116699,51.02830510111778]]]},"id":1331287055,"properties":{"GEO":"CRS3035RES200mN3129600E3786600","GEO_OBJECT":"C200M","OBS_STATUS":"A","lcog_geo":"59183","ind":307.5,"men":149,"men_pauv":47,"men_1ind":60,"men_5ind":9,"men_prop":19,"men_fmp":31,"ind_snv":5373937.9,"men_surf":10556,"men_coll":148,"men_mais":1,"log_soc":123,"ind_inc":0,"log":149,"ind_0_17":67.5,"ind_65p":61}},{"type":"Feature","geometry":{"type":"Polygon","coordinates":[[[2.363605499267578,51.02973560319339],[2.363905906677246,51.02795421650737],[2.3610734939575195,51.02776527753997],[2.3607730865478516,51.02954667148754],[2.363605499267578,51.02973560319339]]]},"id":1331287105,"properties":{"GEO":"CRS3035RES200mN3129800E3786200","GEO_OBJECT":"C200M","OBS_STATUS":"A","lcog_geo":"59183","ind":189,"men":108,"men_pauv":19,"men_1ind":51,"men_5ind":3,"men_prop":82,"men_fmp":10,"ind_snv":4139286.8,"men_surf":8778,"men_coll":94,"men_mais":14,"log_soc":2,"ind_inc":0,"log":108,"ind_0_17":18,"ind_65p":85}},{"type":"Feature","geometry":{"type":"Polygon","coordinates":[[[2.3630475997924805,51.03329817117137],[2.36330509185791,51.031516921414436],[2.3604726791381836,51.031327996969964],[2.3601722717285156,51.03310925398819],[2.3630475997924805,51.03329817117137]]]},"id":1331287212,"properties":{"GEO":"CRS3035RES200mN3130200E3786200","GEO_OBJECT":"C200M","OBS_STATUS":"A","lcog_geo":"59183","ind":87,"men":58,"men_pauv":30,"men_1ind":39,"men_5ind":2,"men_prop":1,"men_fmp":2,"ind_snv":1312598.2,"men_surf":3446,"men_coll":0,"men_mais":58,"log_soc":57,"ind_inc":0,"log":58,"ind_0_17":4,"ind_65p":59}},{"type":"Feature","geometry":{"type":"Polygon","coordinates":[[[2.36330509185791,51.031516921414436],[2.363605499267578,51.02973560319339],[2.3607730865478516,51.02954667148754],[2.3604726791381836,51.031327996969964],[2.36330509185791,51.031516921414436]]]},"id":1331287156,"properties":{"GEO":"CRS3035RES200mN3130000E3786200","GEO_OBJECT":"C200M","OBS_STATUS":"A","lcog_geo":"59183","ind":288.5,"men":126,"men_pauv":67,"men_1ind":60,"men_5ind":12,"men_prop":7,"men_fmp":27,"ind_snv":4089119.1,"men_surf":8348,"men_coll":119,"men_mais":7,"log_soc":114,"ind_inc":1,"log":126,"ind_0_17":97.5,"ind_65p":42}},{"type":"Feature","geometry":{"type":"Polygon","coordinates":[[[2.373476028442383,51.03942406811916],[2.373776435852051,51.03761606823886],[2.370944023132324,51.03742716865847],[2.3706436157226562,51.03923517590971],[2.373476028442383,51.03942406811916]]]},"id":1331287348,"properties":{"GEO":"CRS3035RES200mN3130800E3787000","GEO_OBJECT":"C200M","OBS_STATUS":"A","lcog_geo":"59183","ind":127,"men":90,"men_pauv":22,"men_1ind":61,"men_5ind":0,"men_prop":17,"men_fmp":14,"ind_snv":2803438.1,"men_surf":5300,"men_coll":86,"men_mais":4,"log_soc":21,"ind_inc":0,"log":90,"ind_0_17":13,"ind_65p":17}},{"type":"Feature","geometry":{"type":"Polygon","coordinates":[[[2.370944023132324,51.03742716865847],[2.371244430541992,51.035646077610295],[2.3684120178222656,51.035457169998665],[2.3681116104125977,51.0372382683079],[2.370944023132324,51.03742716865847]]]},"id":1331287305,"properties":{"GEO":"CRS3035RES200mN3130600E3786800","GEO_OBJECT":"C200M","OBS_STATUS":"I","lcog_geo":"59183","ind":8,"men":5.1,"men_pauv":0.2,"men_1ind":3.2,"men_5ind":0.2,"men_prop":3,"men_fmp":0.5,"ind_snv":209680.1,"men_surf":430.8,"men_coll":5.1,"men_mais":0,"log_soc":0,"ind_inc":0,"log":5.1,"ind_0_17":1.3,"ind_65p":2.5999999999999996}},{"type":"Feature","geometry":{"type":"Polygon","coordinates":[[[2.3706436157226562,51.03923517590971],[2.370944023132324,51.03742716865847],[2.3681116104125977,51.0372382683079],[2.3678112030029297,51.03904628293017],[2.3706436157226562,51.03923517590971]]]},"id":1331287347,"properties":{"GEO":"CRS3035RES200mN3130800E3786800","GEO_OBJECT":"C200M","OBS_STATUS":"A","lcog_geo":"59183","ind":43,"men":39,"men_pauv":15,"men_1ind":36,"men_5ind":0,"men_prop":0,"men_fmp":1,"ind_snv":820440.5,"men_surf":1473,"men_coll":39,"men_mais":0,"log_soc":0,"ind_inc":0,"log":39,"ind_0_17":2,"ind_65p":3}},{"type":"Feature","geometry":{"type":"Polygon","coordinates":[[[2.3607730865478516,51.02954667148754],[2.3610734939575195,51.02776527753997],[2.358241081237793,51.0275763378024],[2.357940673828125,51.02935773901149],[2.3607730865478516,51.02954667148754]]]},"id":1331287104,"properties":{"GEO":"CRS3035RES200mN3129800E3786000","GEO_OBJECT":"C200M","OBS_STATUS":"A","lcog_geo":"59183","ind":338.5,"men":128,"men_pauv":55,"men_1ind":40,"men_5ind":16,"men_prop":39,"men_fmp":31,"ind_snv":5303201.9,"men_surf":9333,"men_coll":87,"men_mais":41,"log_soc":70,"ind_inc":0,"log":128,"ind_0_17":112.5,"ind_65p":28}},{"type":"Feature","geometry":{"type":"Polygon","coordinates":[[[2.357940673828125,51.02935773901149],[2.358241081237793,51.0275763378024],[2.3554086685180664,51.02738739729469],[2.3551082611083984,51.029168805765295],[2.357940673828125,51.02935773901149]]]},"id":1331287103,"properties":{"GEO":"CRS3035RES200mN3129800E3785800","GEO_OBJECT":"C200M","OBS_STATUS":"A","lcog_geo":"59183","ind":288,"men":111,"men_pauv":46,"men_1ind":38,"men_5ind":16,"men_prop":9,"men_fmp":23,"ind_snv":4440655.8,"men_surf":7370,"men_coll":97,"men_mais":14,"log_soc":81,"ind_inc":1,"log":111,"ind_0_17":105,"ind_65p":36}},{"type":"Feature","geometry":{"type":"Polygon","coordinates":[[[2.3604726791381836,51.031327996969964],[2.3607730865478516,51.02954667148754],[2.357940673828125,51.02935773901149],[2.357640266418457,51.03113907175532],[2.3604726791381836,51.031327996969964]]]},"id":1331287155,"properties":{"GEO":"CRS3035RES200mN3130000E3786000","GEO_OBJECT":"C200M","OBS_STATUS":"A","lcog_geo":"59183","ind":396.5,"men":175,"men_pauv":41,"men_1ind":69,"men_5ind":12,"men_prop":99,"men_fmp":24,"ind_snv":7349348.9,"men_surf":13387,"men_coll":39,"men_mais":136,"log_soc":58,"ind_inc":1,"log":175,"ind_0_17":97.5,"ind_65p":104}},{"type":"Feature","geometry":{"type":"Polygon","coordinates":[[[2.3601722717285156,51.03310925398819],[2.3604726791381836,51.031327996969964],[2.357640266418457,51.03113907175532],[2.357339859008789,51.032920336034834],[2.3601722717285156,51.03310925398819]]]},"id":1331287211,"properties":{"GEO":"CRS3035RES200mN3130200E3786000","GEO_OBJECT":"C200M","OBS_STATUS":"A","lcog_geo":"59183","ind":345,"men":183,"men_pauv":80,"men_1ind":80,"men_5ind":5,"men_prop":28,"men_fmp":40,"ind_snv":5558613.6,"men_surf":12778,"men_coll":150,"men_mais":33,"log_soc":150,"ind_inc":0,"log":183,"ind_0_17":60,"ind_65p":79}},{"type":"Feature","geometry":{"type":"Polygon","coordinates":[[[2.357640266418457,51.03113907175532],[2.357940673828125,51.02935773901149],[2.3551082611083984,51.029168805765295],[2.3548078536987305,51.03095014577053],[2.357640266418457,51.03113907175532]]]},"id":1331287154,"properties":{"GEO":"CRS3035RES200mN3130000E3785800","GEO_OBJECT":"C200M","OBS_STATUS":"A","lcog_geo":"59183","ind":263,"men":101,"men_pauv":18,"men_1ind":30,"men_5ind":10,"men_prop":78,"men_fmp":6,"ind_snv":5437687.7,"men_surf":9002,"men_coll":13,"men_mais":88,"log_soc":5,"ind_inc":1,"log":101,"ind_0_17":67,"ind_65p":38}},{"type":"Feature","geometry":{"type":"Polygon","coordinates":[[[2.357339859008789,51.032920336034834],[2.357640266418457,51.03113907175532],[2.3548078536987305,51.03095014577053],[2.3545074462890625,51.032731417311396],[2.357339859008789,51.032920336034834]]]},"id":1331287210,"properties":{"GEO":"CRS3035RES200mN3130200E3785800","GEO_OBJECT":"C200M","OBS_STATUS":"A","lcog_geo":"59183","ind":341.5,"men":131,"men_pauv":18,"men_1ind":28,"men_5ind":13,"men_prop":96,"men_fmp":10,"ind_snv":7035568.4,"men_surf":11900,"men_coll":5,"men_mais":126,"log_soc":24,"ind_inc":0,"log":131,"ind_0_17":84,"ind_65p":53}},{"type":"Feature","geometry":{"type":"Polygon","coordinates":[[[2.3551082611083984,51.029168805765295],[2.3554086685180664,51.02738739729469],[2.35257625579834,51.027198456016805],[2.352275848388672,51.0289798717489],[2.3551082611083984,51.029168805765295]]]},"id":1331287102,"properties":{"GEO":"CRS3035RES200mN3129800E3785600","GEO_OBJECT":"C200M","OBS_STATUS":"A","lcog_geo":"59183","ind":299.5,"men":153,"men_pauv":48,"men_1ind":80,"men_5ind":11,"men_prop":30,"men_fmp":18,"ind_snv":5349771.4,"men_surf":10543,"men_coll":100,"men_mais":53,"log_soc":69,"ind_inc":1,"log":153,"ind_0_17":67.5,"ind_65p":44}},{"type":"Feature","geometry":{"type":"Polygon","coordinates":[[[2.3548078536987305,51.03095014577053],[2.3551082611083984,51.029168805765295],[2.352275848388672,51.0289798717489],[2.351975440979004,51.0307612190156],[2.3548078536987305,51.03095014577053]]]},"id":1331287153,"properties":{"GEO":"CRS3035RES200mN3130000E3785600","GEO_OBJECT":"C200M","OBS_STATUS":"A","lcog_geo":"59183","ind":365,"men":158,"men_pauv":70,"men_1ind":68,"men_5ind":16,"men_prop":51,"men_fmp":17,"ind_snv":6014241.9,"men_surf":12283,"men_coll":90,"men_mais":68,"log_soc":67,"ind_inc":0,"log":158,"ind_0_17":88,"ind_65p":36}},{"type":"Feature","geometry":{"type":"Polygon","coordinates":[[[2.352275848388672,51.0289798717489],[2.35257625579834,51.027198456016805],[2.3497438430786133,51.02700951396878],[2.3494434356689453,51.028790936962395],[2.352275848388672,51.0289798717489]]]},"id":1331287101,"properties":{"GEO":"CRS3035RES200mN3129800E3785400","GEO_OBJECT":"C200M","OBS_STATUS":"A","lcog_geo":"59183","ind":182.5,"men":77,"men_pauv":13,"men_1ind":27,"men_5ind":6,"men_prop":43,"men_fmp":7,"ind_snv":3727956.6,"men_surf":6470,"men_coll":20,"men_mais":57,"log_soc":2,"ind_inc":1,"log":77,"ind_0_17":40,"ind_65p":31}},{"type":"Feature","geometry":{"type":"Polygon","coordinates":[[[2.351975440979004,51.0307612190156],[2.352275848388672,51.0289798717489],[2.3494434356689453,51.028790936962395],[2.3491430282592773,51.03057229149053],[2.351975440979004,51.0307612190156]]]},"id":1331287152,"properties":{"GEO":"CRS3035RES200mN3130000E3785400","GEO_OBJECT":"C200M","OBS_STATUS":"A","lcog_geo":"59183","ind":142.5,"men":68,"men_pauv":21,"men_1ind":32,"men_5ind":6,"men_prop":16,"men_fmp":8,"ind_snv":2673724.8,"men_surf":5070,"men_coll":44,"men_mais":24,"log_soc":32,"ind_inc":0,"log":68,"ind_0_17":29.5,"ind_65p":25}},{"type":"Feature","geometry":{"type":"Polygon","coordinates":[[[2.3545074462890625,51.032731417311396],[2.3548078536987305,51.03095014577053],[2.351975440979004,51.0307612190156],[2.351675033569336,51.032542497817815],[2.3545074462890625,51.032731417311396]]]},"id":1331287209,"properties":{"GEO":"CRS3035RES200mN3130200E3785600","GEO_OBJECT":"C200M","OBS_STATUS":"A","lcog_geo":"59183","ind":335,"men":146,"men_pauv":41,"men_1ind":59,"men_5ind":10,"men_prop":80,"men_fmp":17,"ind_snv":6161861.2,"men_surf":11737,"men_coll":44,"men_mais":102,"log_soc":5,"ind_inc":0,"log":146,"ind_0_17":77,"ind_65p":61}},{"type":"Feature","geometry":{"type":"Polygon","coordinates":[[[2.3542070388793945,51.03453960778765],[2.3545074462890625,51.032731417311396],[2.351675033569336,51.032542497817815],[2.351374626159668,51.034350695665296],[2.3542070388793945,51.03453960778765]]]},"id":1331287261,"properties":{"GEO":"CRS3035RES200mN3130400E3785600","GEO_OBJECT":"C200M","OBS_STATUS":"A","lcog_geo":"59183","ind":299.5,"men":123,"men_pauv":12,"men_1ind":28,"men_5ind":10,"men_prop":103,"men_fmp":13,"ind_snv":6332132.2,"men_surf":10933,"men_coll":12,"men_mais":111,"log_soc":15,"ind_inc":0,"log":123,"ind_0_17":69.5,"ind_65p":91}},{"type":"Feature","geometry":{"type":"Polygon","coordinates":[[[2.351675033569336,51.032542497817815],[2.351975440979004,51.0307612190156],[2.3491430282592773,51.03057229149053],[2.3488426208496094,51.03235357755406],[2.351675033569336,51.032542497817815]]]},"id":1331287208,"properties":{"GEO":"CRS3035RES200mN3130200E3785400","GEO_OBJECT":"C200M","OBS_STATUS":"A","lcog_geo":"59183","ind":41,"men":22,"men_pauv":3,"men_1ind":8,"men_5ind":0,"men_prop":18,"men_fmp":2,"ind_snv":1039673,"men_surf":2058,"men_coll":3,"men_mais":19,"log_soc":0,"ind_inc":0,"log":22,"ind_0_17":3,"ind_65p":13}},{"type":"Feature","geometry":{"type":"Polygon","coordinates":[[[2.3598718643188477,51.03489044254309],[2.3601722717285156,51.03310925398819],[2.357339859008789,51.032920336034834],[2.357039451599121,51.034701531851],[2.3598718643188477,51.03489044254309]]]},"id":1331287263,"properties":{"GEO":"CRS3035RES200mN3130400E3786000","GEO_OBJECT":"C200M","OBS_STATUS":"A","lcog_geo":"59183","ind":287,"men":134,"men_pauv":41,"men_1ind":58,"men_5ind":7,"men_prop":8,"men_fmp":28,"ind_snv":4629975.7,"men_surf":9930,"men_coll":108,"men_mais":26,"log_soc":125,"ind_inc":0,"log":134,"ind_0_17":77.5,"ind_65p":44}},{"type":"Feature","geometry":{"type":"Polygon","coordinates":[[[2.356739044189453,51.03650964545622],[2.357039451599121,51.034701531851],[2.3542070388793945,51.03453960778765],[2.3539066314697266,51.03632074136513],[2.356739044189453,51.03650964545622]]]},"id":1331287304,"properties":{"GEO":"CRS3035RES200mN3130600E3785800","GEO_OBJECT":"C200M","OBS_STATUS":"I","lcog_geo":"59183","ind":3,"men":1.4,"men_pauv":0.4,"men_1ind":0.4,"men_5ind":0,"men_prop":1,"men_fmp":0.1,"ind_snv":65587,"men_surf":131.6,"men_coll":0.1,"men_mais":1.3,"log_soc":0,"ind_inc":0,"log":1.4000000000000001,"ind_0_17":0.2,"ind_65p":0.1}},{"type":"Feature","geometry":{"type":"Polygon","coordinates":[[[2.357039451599121,51.034701531851],[2.357339859008789,51.032920336034834],[2.3545074462890625,51.032731417311396],[2.3542070388793945,51.03453960778765],[2.357039451599121,51.034701531851]]]},"id":1331287262,"properties":{"GEO":"CRS3035RES200mN3130400E3785800","GEO_OBJECT":"C200M","OBS_STATUS":"A","lcog_geo":"59183","ind":234.5,"men":99,"men_pauv":21,"men_1ind":33,"men_5ind":8,"men_prop":63,"men_fmp":11,"ind_snv":4567099.3,"men_surf":8343,"men_coll":27,"men_mais":72,"log_soc":31,"ind_inc":0,"log":99,"ind_0_17":60.5,"ind_65p":48}},{"type":"Feature","geometry":{"type":"Polygon","coordinates":[[[2.35107421875,51.03613183650393],[2.351374626159668,51.034350695665296],[2.3485422134399414,51.034161782772856],[2.3482418060302734,51.03594293087261],[2.35107421875,51.03613183650393]]]},"id":1331287303,"properties":{"GEO":"CRS3035RES200mN3130600E3785400","GEO_OBJECT":"C200M","OBS_STATUS":"A","lcog_geo":"59183","ind":155.5,"men":80,"men_pauv":31,"men_1ind":30,"men_5ind":3,"men_prop":0,"men_fmp":24,"ind_snv":2464602.9,"men_surf":5703,"men_coll":79,"men_mais":1,"log_soc":78,"ind_inc":4,"log":80,"ind_0_17":30,"ind_65p":24}},{"type":"Feature","geometry":{"type":"Polygon","coordinates":[[[2.3458385467529297,51.01591456640253],[2.3461389541625977,51.01413264856296],[2.343306541442871,51.013943653260725],[2.343006134033203,51.01572557836249],[2.3458385467529297,51.01591456640253]]]},"id":1331286664,"properties":{"GEO":"CRS3035RES200mN3128400E3784800","GEO_OBJECT":"C200M","OBS_STATUS":"A","lcog_geo":"59183","ind":94,"men":45,"men_pauv":5,"men_1ind":15,"men_5ind":1,"men_prop":26,"men_fmp":5,"ind_snv":2212710.9,"men_surf":4032,"men_coll":18,"men_mais":27,"log_soc":19,"ind_inc":0,"log":45,"ind_0_17":12,"ind_65p":21}},{"type":"Feature","geometry":{"type":"Polygon","coordinates":[[[2.3483705520629883,51.017885395777654],[2.3486709594726562,51.01610355367231],[2.3458385467529297,51.01591456640253],[2.3455381393432617,51.01769641576999],[2.3483705520629883,51.017885395777654]]]},"id":1331286743,"properties":{"GEO":"CRS3035RES200mN3128600E3785000","GEO_OBJECT":"C200M","OBS_STATUS":"A","lcog_geo":"59183","ind":112,"men":44,"men_pauv":4,"men_1ind":7,"men_5ind":2,"men_prop":42,"men_fmp":7,"ind_snv":3221995.3,"men_surf":4825,"men_coll":0,"men_mais":44,"log_soc":0,"ind_inc":0,"log":44,"ind_0_17":18,"ind_65p":16}},{"type":"Feature","geometry":{"type":"Polygon","coordinates":[[[2.350902557373047,51.01985614138732],[2.351202964782715,51.01807437501509],[2.3483705520629883,51.017885395777654],[2.3480701446533203,51.01966716941192],[2.350902557373047,51.01985614138732]]]},"id":1331286822,"properties":{"GEO":"CRS3035RES200mN3128800E3785200","GEO_OBJECT":"C200M","OBS_STATUS":"A","lcog_geo":"59183","ind":181.5,"men":63,"men_pauv":5,"men_1ind":9,"men_5ind":7,"men_prop":46,"men_fmp":8,"ind_snv":4222832.6,"men_surf":5892,"men_coll":0,"men_mais":63,"log_soc":16,"ind_inc":0,"log":63,"ind_0_17":43.5,"ind_65p":18}},{"type":"Feature","geometry":{"type":"Polygon","coordinates":[[[2.3480701446533203,51.01966716941192],[2.3483705520629883,51.017885395777654],[2.3455381393432617,51.01769641576999],[2.3452377319335938,51.01947819666631],[2.3480701446533203,51.01966716941192]]]},"id":1331286821,"properties":{"GEO":"CRS3035RES200mN3128800E3785000","GEO_OBJECT":"C200M","OBS_STATUS":"A","lcog_geo":"59183","ind":158.5,"men":61,"men_pauv":4,"men_1ind":8,"men_5ind":3,"men_prop":58,"men_fmp":7,"ind_snv":4143235.8,"men_surf":6465,"men_coll":0,"men_mais":61,"log_soc":1,"ind_inc":0,"log":61,"ind_0_17":34.5,"ind_65p":34}},{"type":"Feature","geometry":{"type":"Polygon","coordinates":[[[2.3455381393432617,51.01769641576999],[2.3458385467529297,51.01591456640253],[2.343006134033203,51.01572557836249],[2.342705726623535,51.017507434992126],[2.3455381393432617,51.01769641576999]]]},"id":1331286742,"properties":{"GEO":"CRS3035RES200mN3128600E3784800","GEO_OBJECT":"C200M","OBS_STATUS":"A","lcog_geo":"59183","ind":131,"men":54,"men_pauv":0,"men_1ind":11,"men_5ind":4,"men_prop":54,"men_fmp":3,"ind_snv":3952466.5,"men_surf":6085,"men_coll":0,"men_mais":54,"log_soc":0,"ind_inc":0,"log":54,"ind_0_17":21,"ind_65p":43}},{"type":"Feature","geometry":{"type":"Polygon","coordinates":[[[2.3452377319335938,51.01947819666631],[2.3455381393432617,51.01769641576999],[2.342705726623535,51.017507434992126],[2.342405319213867,51.01928922315051],[2.3452377319335938,51.01947819666631]]]},"id":1331286820,"properties":{"GEO":"CRS3035RES200mN3128800E3784800","GEO_OBJECT":"C200M","OBS_STATUS":"A","lcog_geo":"59183","ind":136,"men":58,"men_pauv":5,"men_1ind":16,"men_5ind":2,"men_prop":49,"men_fmp":3,"ind_snv":3393793.7,"men_surf":5512,"men_coll":0,"men_mais":58,"log_soc":2,"ind_inc":0,"log":58,"ind_0_17":19,"ind_65p":46}},{"type":"Feature","geometry":{"type":"Polygon","coordinates":[[[2.342705726623535,51.017507434992126],[2.343006134033203,51.01572557836249],[2.3401737213134766,51.01553658955223],[2.3398733139038086,51.017318453444034],[2.342705726623535,51.017507434992126]]]},"id":1331286741,"properties":{"GEO":"CRS3035RES200mN3128600E3784600","GEO_OBJECT":"C200M","OBS_STATUS":"A","lcog_geo":"59183","ind":87,"men":39,"men_pauv":3,"men_1ind":9,"men_5ind":1,"men_prop":39,"men_fmp":3,"ind_snv":2280985.8,"men_surf":3843,"men_coll":0,"men_mais":39,"log_soc":0,"ind_inc":0,"log":39,"ind_0_17":10,"ind_65p":35}},{"type":"Feature","geometry":{"type":"Polygon","coordinates":[[[2.342405319213867,51.01928922315051],[2.342705726623535,51.017507434992126],[2.3398733139038086,51.017318453444034],[2.3395729064941406,51.019100248864476],[2.342405319213867,51.01928922315051]]]},"id":1331286819,"properties":{"GEO":"CRS3035RES200mN3128800E3784600","GEO_OBJECT":"C200M","OBS_STATUS":"A","lcog_geo":"59183","ind":260.5,"men":111,"men_pauv":13,"men_1ind":23,"men_5ind":6,"men_prop":96,"men_fmp":12,"ind_snv":6165103.1,"men_surf":9737,"men_coll":0,"men_mais":111,"log_soc":2,"ind_inc":0,"log":111,"ind_0_17":50.5,"ind_65p":73}},{"type":"Feature","geometry":{"type":"Polygon","coordinates":[[[2.350602149963379,51.021637839289525],[2.350902557373047,51.01985614138732],[2.3480701446533203,51.01966716941192],[2.3477697372436523,51.021448874576066],[2.350602149963379,51.021637839289525]]]},"id":1331286885,"properties":{"GEO":"CRS3035RES200mN3129000E3785200","GEO_OBJECT":"C200M","OBS_STATUS":"A","lcog_geo":"59183","ind":229.5,"men":111,"men_pauv":46,"men_1ind":45,"men_5ind":4,"men_prop":41,"men_fmp":25,"ind_snv":3891276.1,"men_surf":8253,"men_coll":64,"men_mais":47,"log_soc":66,"ind_inc":0,"log":111,"ind_0_17":60.5,"ind_65p":38}},{"type":"Feature","geometry":{"type":"Polygon","coordinates":[[[2.350001335144043,51.02522802250871],[2.350301742553711,51.02341946872255],[2.3474693298339844,51.02325750523971],[2.3471689224243164,51.025039072428854],[2.350001335144043,51.02522802250871]]]},"id":1331286997,"properties":{"GEO":"CRS3035RES200mN3129400E3785200","GEO_OBJECT":"C200M","OBS_STATUS":"A","lcog_geo":"59183","ind":247,"men":102,"men_pauv":27,"men_1ind":29,"men_5ind":8,"men_prop":43,"men_fmp":22,"ind_snv":4862781.5,"men_surf":8318,"men_coll":45,"men_mais":57,"log_soc":22,"ind_inc":0,"log":102,"ind_0_17":69,"ind_65p":28}},{"type":"Feature","geometry":{"type":"Polygon","coordinates":[[[2.3477697372436523,51.021448874576066],[2.3480701446533203,51.01966716941192],[2.3452377319335938,51.01947819666631],[2.344937324523926,51.02125990909238],[2.3477697372436523,51.021448874576066]]]},"id":1331286884,"properties":{"GEO":"CRS3035RES200mN3129000E3785000","GEO_OBJECT":"C200M","OBS_STATUS":"A","lcog_geo":"59183","ind":454.5,"men":179,"men_pauv":58,"men_1ind":47,"men_5ind":21,"men_prop":75,"men_fmp":30,"ind_snv":7872754.2,"men_surf":14680,"men_coll":63,"men_mais":116,"log_soc":87,"ind_inc":1,"log":179,"ind_0_17":130.5,"ind_65p":65}},{"type":"Feature","geometry":{"type":"Polygon","coordinates":[[[2.350301742553711,51.02341946872255],[2.350602149963379,51.021637839289525],[2.3477697372436523,51.021448874576066],[2.3474693298339844,51.02325750523971],[2.350301742553711,51.02341946872255]]]},"id":1331286943,"properties":{"GEO":"CRS3035RES200mN3129200E3785200","GEO_OBJECT":"C200M","OBS_STATUS":"A","lcog_geo":"59183","ind":271.5,"men":100,"men_pauv":18,"men_1ind":24,"men_5ind":14,"men_prop":47,"men_fmp":10,"ind_snv":5269991.2,"men_surf":8337,"men_coll":16,"men_mais":84,"log_soc":17,"ind_inc":0,"log":100,"ind_0_17":76.5,"ind_65p":45}},{"type":"Feature","geometry":{"type":"Polygon","coordinates":[[[2.35257625579834,51.027198456016805],[2.352876663208008,51.02541697181837],[2.350001335144043,51.02522802250871],[2.3497438430786133,51.02700951396878],[2.35257625579834,51.027198456016805]]]},"id":1331287049,"properties":{"GEO":"CRS3035RES200mN3129600E3785400","GEO_OBJECT":"C200M","OBS_STATUS":"A","lcog_geo":"59183","ind":174,"men":89,"men_pauv":21,"men_1ind":43,"men_5ind":5,"men_prop":45,"men_fmp":7,"ind_snv":3423783,"men_surf":6690,"men_coll":35,"men_mais":54,"log_soc":2,"ind_inc":0,"log":89,"ind_0_17":35,"ind_65p":31}},{"type":"Feature","geometry":{"type":"Polygon","coordinates":[[[2.3497438430786133,51.02700951396878],[2.350001335144043,51.02522802250871],[2.3471689224243164,51.025039072428854],[2.3468685150146484,51.02682057115055],[2.3497438430786133,51.02700951396878]]]},"id":1331287048,"properties":{"GEO":"CRS3035RES200mN3129600E3785200","GEO_OBJECT":"C200M","OBS_STATUS":"A","lcog_geo":"59183","ind":317.5,"men":142,"men_pauv":31,"men_1ind":63,"men_5ind":13,"men_prop":87,"men_fmp":13,"ind_snv":6488215.3,"men_surf":11817,"men_coll":45,"men_mais":97,"log_soc":29,"ind_inc":0,"log":142,"ind_0_17":80.5,"ind_65p":41}},{"type":"Feature","geometry":{"type":"Polygon","coordinates":[[[2.3471689224243164,51.025039072428854],[2.3474693298339844,51.02325750523971],[2.344636917114258,51.023068547127934],[2.34433650970459,51.02485012157882],[2.3471689224243164,51.025039072428854]]]},"id":1331286996,"properties":{"GEO":"CRS3035RES200mN3129400E3785000","GEO_OBJECT":"C200M","OBS_STATUS":"A","lcog_geo":"59183","ind":191.5,"men":91,"men_pauv":28,"men_1ind":35,"men_5ind":4,"men_prop":22,"men_fmp":9,"ind_snv":3649618.2,"men_surf":6484,"men_coll":48,"men_mais":43,"log_soc":59,"ind_inc":0,"log":91,"ind_0_17":33.5,"ind_65p":45}},{"type":"Feature","geometry":{"type":"Polygon","coordinates":[[[2.3494434356689453,51.028790936962395],[2.3497438430786133,51.02700951396878],[2.3468685150146484,51.02682057115055],[2.3466110229492188,51.028602001405716],[2.3494434356689453,51.028790936962395]]]},"id":1331287100,"properties":{"GEO":"CRS3035RES200mN3129800E3785200","GEO_OBJECT":"C200M","OBS_STATUS":"A","lcog_geo":"59183","ind":444.5,"men":189,"men_pauv":54,"men_1ind":79,"men_5ind":18,"men_prop":85,"men_fmp":29,"ind_snv":8105513.4,"men_surf":15047,"men_coll":88,"men_mais":101,"log_soc":34,"ind_inc":2,"log":189,"ind_0_17":120,"ind_65p":60}},{"type":"Feature","geometry":{"type":"Polygon","coordinates":[[[2.3466110229492188,51.028602001405716],[2.3468685150146484,51.02682057115055],[2.344036102294922,51.02663162756215],[2.343735694885254,51.028413065078894],[2.3466110229492188,51.028602001405716]]]},"id":1331287099,"properties":{"GEO":"CRS3035RES200mN3129800E3785000","GEO_OBJECT":"C200M","OBS_STATUS":"A","lcog_geo":"59183","ind":254,"men":103,"men_pauv":21,"men_1ind":29,"men_5ind":6,"men_prop":65,"men_fmp":8,"ind_snv":5020561.9,"men_surf":9225,"men_coll":19,"men_mais":84,"log_soc":5,"ind_inc":0,"log":103,"ind_0_17":59,"ind_65p":42}},{"type":"Feature","geometry":{"type":"Polygon","coordinates":[[[2.3468685150146484,51.02682057115055],[2.3471689224243164,51.025039072428854],[2.34433650970459,51.02485012157882],[2.344036102294922,51.02663162756215],[2.3468685150146484,51.02682057115055]]]},"id":1331287047,"properties":{"GEO":"CRS3035RES200mN3129600E3785000","GEO_OBJECT":"C200M","OBS_STATUS":"A","lcog_geo":"59183","ind":352.5,"men":146,"men_pauv":32,"men_1ind":48,"men_5ind":15,"men_prop":80,"men_fmp":21,"ind_snv":7374926.7,"men_surf":12633,"men_coll":48,"men_mais":98,"log_soc":54,"ind_inc":0,"log":146,"ind_0_17":93.5,"ind_65p":46}},{"type":"Feature","geometry":{"type":"Polygon","coordinates":[[[2.3474693298339844,51.02325750523971],[2.3477697372436523,51.021448874576066],[2.344937324523926,51.02125990909238],[2.344636917114258,51.023068547127934],[2.3474693298339844,51.02325750523971]]]},"id":1331286942,"properties":{"GEO":"CRS3035RES200mN3129200E3785000","GEO_OBJECT":"C200M","OBS_STATUS":"A","lcog_geo":"59183","ind":298.5,"men":116,"men_pauv":21,"men_1ind":33,"men_5ind":9,"men_prop":80,"men_fmp":12,"ind_snv":6251705.2,"men_surf":9570,"men_coll":24,"men_mais":92,"log_soc":27,"ind_inc":0,"log":116,"ind_0_17":79.5,"ind_65p":48}},{"type":"Feature","geometry":{"type":"Polygon","coordinates":[[[2.344937324523926,51.02125990909238],[2.3452377319335938,51.01947819666631],[2.342405319213867,51.01928922315051],[2.342104911804199,51.02107094283849],[2.344937324523926,51.02125990909238]]]},"id":1331286883,"properties":{"GEO":"CRS3035RES200mN3129000E3784800","GEO_OBJECT":"C200M","OBS_STATUS":"A","lcog_geo":"59183","ind":198.5,"men":87,"men_pauv":8,"men_1ind":19,"men_5ind":5,"men_prop":76,"men_fmp":10,"ind_snv":4425910.4,"men_surf":7881,"men_coll":0,"men_mais":87,"log_soc":2,"ind_inc":0,"log":87,"ind_0_17":29.5,"ind_65p":69}},{"type":"Feature","geometry":{"type":"Polygon","coordinates":[[[2.344636917114258,51.023068547127934],[2.344937324523926,51.02125990909238],[2.342104911804199,51.02107094283849],[2.3418045043945312,51.02287958824596],[2.344636917114258,51.023068547127934]]]},"id":1331286941,"properties":{"GEO":"CRS3035RES200mN3129200E3784800","GEO_OBJECT":"C200M","OBS_STATUS":"A","lcog_geo":"59183","ind":166.5,"men":73,"men_pauv":6,"men_1ind":22,"men_5ind":2,"men_prop":60,"men_fmp":2,"ind_snv":4188079.2,"men_surf":7111,"men_coll":11,"men_mais":62,"log_soc":3,"ind_inc":0,"log":73,"ind_0_17":33.5,"ind_65p":40}},{"type":"Feature","geometry":{"type":"Polygon","coordinates":[[[2.342104911804199,51.02107094283849],[2.342405319213867,51.01928922315051],[2.3395729064941406,51.019100248864476],[2.3392724990844727,51.02088197581446],[2.342104911804199,51.02107094283849]]]},"id":1331286882,"properties":{"GEO":"CRS3035RES200mN3129000E3784600","GEO_OBJECT":"C200M","OBS_STATUS":"A","lcog_geo":"59183","ind":188.5,"men":82,"men_pauv":22,"men_1ind":17,"men_5ind":2,"men_prop":44,"men_fmp":16,"ind_snv":3649847.5,"men_surf":6717,"men_coll":32,"men_mais":50,"log_soc":32,"ind_inc":0,"log":82,"ind_0_17":45.5,"ind_65p":43}},{"type":"Feature","geometry":{"type":"Polygon","coordinates":[[[2.34433650970459,51.02485012157882],[2.344636917114258,51.023068547127934],[2.3418045043945312,51.02287958824596],[2.3415040969848633,51.02466116995859],[2.34433650970459,51.02485012157882]]]},"id":1331286995,"properties":{"GEO":"CRS3035RES200mN3129400E3784800","GEO_OBJECT":"C200M","OBS_STATUS":"A","lcog_geo":"59183","ind":244.5,"men":88,"men_pauv":32,"men_1ind":14,"men_5ind":8,"men_prop":35,"men_fmp":17,"ind_snv":4501554.1,"men_surf":6929,"men_coll":47,"men_mais":41,"log_soc":48,"ind_inc":0,"log":88,"ind_0_17":66.5,"ind_65p":23}},{"type":"Feature","geometry":{"type":"Polygon","coordinates":[[[2.344036102294922,51.02663162756215],[2.34433650970459,51.02485012157882],[2.3415040969848633,51.02466116995859],[2.3412036895751953,51.02644268320361],[2.344036102294922,51.02663162756215]]]},"id":1331287046,"properties":{"GEO":"CRS3035RES200mN3129600E3784800","GEO_OBJECT":"C200M","OBS_STATUS":"A","lcog_geo":"59183","ind":119.5,"men":50,"men_pauv":7,"men_1ind":10,"men_5ind":2,"men_prop":34,"men_fmp":4,"ind_snv":2746167.5,"men_surf":4517,"men_coll":12,"men_mais":38,"log_soc":11,"ind_inc":0,"log":50,"ind_0_17":20.5,"ind_65p":21}},{"type":"Feature","geometry":{"type":"Polygon","coordinates":[[[2.3415040969848633,51.02466116995859],[2.3418045043945312,51.02287958824596],[2.3389720916748047,51.02269062859378],[2.3386716842651367,51.02447221756816],[2.3415040969848633,51.02466116995859]]]},"id":1331286994,"properties":{"GEO":"CRS3035RES200mN3129400E3784600","GEO_OBJECT":"C200M","OBS_STATUS":"I","lcog_geo":"59183","ind":23,"men":9.9,"men_pauv":2.5,"men_1ind":0.8,"men_5ind":0,"men_prop":7.4,"men_fmp":1.6,"ind_snv":421017,"men_surf":765.6,"men_coll":1.7,"men_mais":8.2,"log_soc":0,"ind_inc":0,"log":9.9,"ind_0_17":4.9,"ind_65p":3.3}},{"type":"Feature","geometry":{"type":"Polygon","coordinates":[[[2.3412036895751953,51.02644268320361],[2.3415040969848633,51.02466116995859],[2.3386716842651367,51.02447221756816],[2.3383712768554688,51.02625373807487],[2.3412036895751953,51.02644268320361]]]},"id":1331287045,"properties":{"GEO":"CRS3035RES200mN3129600E3784600","GEO_OBJECT":"C200M","OBS_STATUS":"A","lcog_geo":"59183","ind":342,"men":190,"men_pauv":85,"men_1ind":101,"men_5ind":8,"men_prop":1,"men_fmp":38,"ind_snv":5309693.8,"men_surf":13913,"men_coll":190,"men_mais":0,"log_soc":151,"ind_inc":0,"log":190,"ind_0_17":80,"ind_65p":68}},{"type":"Feature","geometry":{"type":"Polygon","coordinates":[[[2.3398733139038086,51.017318453444034],[2.3401737213134766,51.01553658955223],[2.3372983932495117,51.01534759997176],[2.337040901184082,51.01712947112571],[2.3398733139038086,51.017318453444034]]]},"id":1331286740,"properties":{"GEO":"CRS3035RES200mN3128600E3784400","GEO_OBJECT":"C200M","OBS_STATUS":"A","lcog_geo":"59183","ind":152,"men":74,"men_pauv":6,"men_1ind":28,"men_5ind":2,"men_prop":68,"men_fmp":3,"ind_snv":3618187.8,"men_surf":6826,"men_coll":0,"men_mais":74,"log_soc":4,"ind_inc":0,"log":74,"ind_0_17":27,"ind_65p":61}},{"type":"Feature","geometry":{"type":"Polygon","coordinates":[[[2.337040901184082,51.01712947112571],[2.3372983932495117,51.01534759997176],[2.334465980529785,51.01515860962104],[2.334165573120117,51.01694048803719],[2.337040901184082,51.01712947112571]]]},"id":1331286739,"properties":{"GEO":"CRS3035RES200mN3128600E3784200","GEO_OBJECT":"C200M","OBS_STATUS":"A","lcog_geo":"59183","ind":47,"men":23,"men_pauv":2,"men_1ind":7,"men_5ind":0,"men_prop":22,"men_fmp":2,"ind_snv":1154131.8,"men_surf":2225,"men_coll":0,"men_mais":23,"log_soc":0,"ind_inc":0,"log":23,"ind_0_17":5,"ind_65p":15}},{"type":"Feature","geometry":{"type":"Polygon","coordinates":[[[2.3395729064941406,51.019100248864476],[2.3398733139038086,51.017318453444034],[2.337040901184082,51.01712947112571],[2.336740493774414,51.018911273808214],[2.3395729064941406,51.019100248864476]]]},"id":1331286818,"properties":{"GEO":"CRS3035RES200mN3128800E3784400","GEO_OBJECT":"C200M","OBS_STATUS":"A","lcog_geo":"59183","ind":121,"men":57,"men_pauv":6,"men_1ind":18,"men_5ind":3,"men_prop":53,"men_fmp":8,"ind_snv":2724400.2,"men_surf":5449,"men_coll":0,"men_mais":57,"log_soc":0,"ind_inc":0,"log":57,"ind_0_17":16,"ind_65p":49}},{"type":"Feature","geometry":{"type":"Polygon","coordinates":[[[2.334465980529785,51.01515860962104],[2.334766387939453,51.01337666273244],[2.3319339752197266,51.0131876643492],[2.3316335678100586,51.01496961850009],[2.334465980529785,51.01515860962104]]]},"id":1331286662,"properties":{"GEO":"CRS3035RES200mN3128400E3784000","GEO_OBJECT":"C200M","OBS_STATUS":"A","lcog_geo":"59183","ind":55,"men":19,"men_pauv":4,"men_1ind":4,"men_5ind":3,"men_prop":15,"men_fmp":3,"ind_snv":1159767.2,"men_surf":1673,"men_coll":0,"men_mais":19,"log_soc":3,"ind_inc":1,"log":19,"ind_0_17":18,"ind_65p":2}},{"type":"Feature","geometry":{"type":"Polygon","coordinates":[[[2.336740493774414,51.018911273808214],[2.337040901184082,51.01712947112571],[2.334165573120117,51.01694048803719],[2.3339080810546875,51.01872229798175],[2.336740493774414,51.018911273808214]]]},"id":1331286817,"properties":{"GEO":"CRS3035RES200mN3128800E3784200","GEO_OBJECT":"C200M","OBS_STATUS":"A","lcog_geo":"59183","ind":238,"men":106,"men_pauv":31,"men_1ind":34,"men_5ind":7,"men_prop":58,"men_fmp":14,"ind_snv":4740547,"men_surf":9078,"men_coll":46,"men_mais":60,"log_soc":46,"ind_inc":0,"log":106,"ind_0_17":40,"ind_65p":57}},{"type":"Feature","geometry":{"type":"Polygon","coordinates":[[[2.3339080810546875,51.01872229798175],[2.334165573120117,51.01694048803719],[2.3313331604003906,51.016751504178416],[2.3310327529907227,51.01853332138509],[2.3339080810546875,51.01872229798175]]]},"id":1331286816,"properties":{"GEO":"CRS3035RES200mN3128800E3784000","GEO_OBJECT":"C200M","OBS_STATUS":"I","lcog_geo":"59183","ind":18.5,"men":8.7,"men_pauv":0.7,"men_1ind":3.6,"men_5ind":0,"men_prop":5.8,"men_fmp":0.7,"ind_snv":379145.4,"men_surf":740,"men_coll":0.7,"men_mais":8,"log_soc":2.2,"ind_inc":0,"log":8.7,"ind_0_17":3.9999999999999996,"ind_65p":2.9}},{"type":"Feature","geometry":{"type":"Polygon","coordinates":[[[2.334165573120117,51.01694048803719],[2.334465980529785,51.01515860962104],[2.3316335678100586,51.01496961850009],[2.3313331604003906,51.016751504178416],[2.334165573120117,51.01694048803719]]]},"id":1331286738,"properties":{"GEO":"CRS3035RES200mN3128600E3784000","GEO_OBJECT":"C200M","OBS_STATUS":"A","lcog_geo":"59183","ind":99,"men":39,"men_pauv":2,"men_1ind":7,"men_5ind":2,"men_prop":36,"men_fmp":6,"ind_snv":2318579.5,"men_surf":3064,"men_coll":0,"men_mais":39,"log_soc":3,"ind_inc":0,"log":39,"ind_0_17":24,"ind_65p":16}},{"type":"Feature","geometry":{"type":"Polygon","coordinates":[[[2.3316335678100586,51.01496961850009],[2.3319339752197266,51.0131876643492],[2.3291015625,51.01299866519571],[2.328801155090332,51.01478062660888],[2.3316335678100586,51.01496961850009]]]},"id":1331286661,"properties":{"GEO":"CRS3035RES200mN3128400E3783800","GEO_OBJECT":"C200M","OBS_STATUS":"A","lcog_geo":"59183","ind":292.5,"men":162,"men_pauv":59,"men_1ind":92,"men_5ind":8,"men_prop":62,"men_fmp":11,"ind_snv":5393367.9,"men_surf":9568,"men_coll":89,"men_mais":73,"log_soc":1,"ind_inc":0,"log":162,"ind_0_17":41.5,"ind_65p":79}},{"type":"Feature","geometry":{"type":"Polygon","coordinates":[[[2.3313331604003906,51.016751504178416],[2.3316335678100586,51.01496961850009],[2.328801155090332,51.01478062660888],[2.328500747680664,51.01656251954941],[2.3313331604003906,51.016751504178416]]]},"id":1331286737,"properties":{"GEO":"CRS3035RES200mN3128600E3783800","GEO_OBJECT":"C200M","OBS_STATUS":"A","lcog_geo":"59183","ind":223,"men":97,"men_pauv":16,"men_1ind":24,"men_5ind":3,"men_prop":57,"men_fmp":8,"ind_snv":4679025.3,"men_surf":8131,"men_coll":26,"men_mais":71,"log_soc":34,"ind_inc":0,"log":97,"ind_0_17":42,"ind_65p":45}},{"type":"Feature","geometry":{"type":"Polygon","coordinates":[[[2.336440086364746,51.020693008020174],[2.336740493774414,51.018911273808214],[2.3339080810546875,51.01872229798175],[2.3336076736450195,51.020531035012056],[2.336440086364746,51.020693008020174]]]},"id":1331286880,"properties":{"GEO":"CRS3035RES200mN3129000E3784200","GEO_OBJECT":"C200M","OBS_STATUS":"A","lcog_geo":"59183","ind":129.5,"men":53,"men_pauv":13,"men_1ind":15,"men_5ind":7,"men_prop":37,"men_fmp":6,"ind_snv":2379225.8,"men_surf":4681,"men_coll":0,"men_mais":53,"log_soc":12,"ind_inc":0,"log":53,"ind_0_17":26.5,"ind_65p":23}},{"type":"Feature","geometry":{"type":"Polygon","coordinates":[[[2.3336076736450195,51.020531035012056],[2.3339080810546875,51.01872229798175],[2.3310327529907227,51.01853332138509],[2.3307323455810547,51.02034206578739],[2.3336076736450195,51.020531035012056]]]},"id":1331286879,"properties":{"GEO":"CRS3035RES200mN3129000E3784000","GEO_OBJECT":"C200M","OBS_STATUS":"A","lcog_geo":"59183","ind":199,"men":80,"men_pauv":15,"men_1ind":27,"men_5ind":10,"men_prop":32,"men_fmp":12,"ind_snv":3871813.9,"men_surf":6426,"men_coll":32,"men_mais":48,"log_soc":31,"ind_inc":0,"log":80,"ind_0_17":63,"ind_65p":14}},{"type":"Feature","geometry":{"type":"Polygon","coordinates":[[[2.3310327529907227,51.01853332138509],[2.3313331604003906,51.016751504178416],[2.328500747680664,51.01656251954941],[2.328200340270996,51.018344344018146],[2.3310327529907227,51.01853332138509]]]},"id":1331286815,"properties":{"GEO":"CRS3035RES200mN3128800E3783800","GEO_OBJECT":"C200M","OBS_STATUS":"A","lcog_geo":"59183","ind":232,"men":92,"men_pauv":11,"men_1ind":16,"men_5ind":3,"men_prop":78,"men_fmp":6,"ind_snv":5313000.5,"men_surf":8635,"men_coll":2,"men_mais":90,"log_soc":3,"ind_inc":0,"log":92,"ind_0_17":40,"ind_65p":56}},{"type":"Feature","geometry":{"type":"Polygon","coordinates":[[[2.3333072662353516,51.02231270697885],[2.3336076736450195,51.020531035012056],[2.3307323455810547,51.02034206578739],[2.330474853515625,51.022123745016074],[2.3333072662353516,51.02231270697885]]]},"id":1331286937,"properties":{"GEO":"CRS3035RES200mN3129200E3784000","GEO_OBJECT":"C200M","OBS_STATUS":"I","lcog_geo":"59183","ind":5,"men":2.1,"men_pauv":0.5,"men_1ind":0.2,"men_5ind":0,"men_prop":1.6,"men_fmp":0.4,"ind_snv":91525.4,"men_surf":166.4,"men_coll":0.3,"men_mais":1.8,"log_soc":0,"ind_inc":0,"log":2.1,"ind_0_17":1.1,"ind_65p":0.7}},{"type":"Feature","geometry":{"type":"Polygon","coordinates":[[[2.3418045043945312,51.02287958824596],[2.342104911804199,51.02107094283849],[2.3392724990844727,51.02088197581446],[2.3389720916748047,51.02269062859378],[2.3418045043945312,51.02287958824596]]]},"id":1331286940,"properties":{"GEO":"CRS3035RES200mN3129200E3784600","GEO_OBJECT":"C200M","OBS_STATUS":"A","lcog_geo":"59183","ind":149,"men":55,"men_pauv":11,"men_1ind":12,"men_5ind":6,"men_prop":44,"men_fmp":5,"ind_snv":3121908.8,"men_surf":5129,"men_coll":0,"men_mais":55,"log_soc":0,"ind_inc":0,"log":55,"ind_0_17":43,"ind_65p":19}},{"type":"Feature","geometry":{"type":"Polygon","coordinates":[[[2.3392724990844727,51.02088197581446],[2.3395729064941406,51.019100248864476],[2.336740493774414,51.018911273808214],[2.336440086364746,51.020693008020174],[2.3392724990844727,51.02088197581446]]]},"id":1331286881,"properties":{"GEO":"CRS3035RES200mN3129000E3784400","GEO_OBJECT":"C200M","OBS_STATUS":"A","lcog_geo":"59183","ind":337.5,"men":170,"men_pauv":53,"men_1ind":72,"men_5ind":6,"men_prop":1,"men_fmp":36,"ind_snv":5931449.2,"men_surf":11455,"men_coll":162,"men_mais":8,"log_soc":156,"ind_inc":0,"log":170,"ind_0_17":72.5,"ind_65p":52}},{"type":"Feature","geometry":{"type":"Polygon","coordinates":[[[2.3389720916748047,51.02269062859378],[2.3392724990844727,51.02088197581446],[2.336440086364746,51.020693008020174],[2.336139678955078,51.0225016681714],[2.3389720916748047,51.02269062859378]]]},"id":1331286939,"properties":{"GEO":"CRS3035RES200mN3129200E3784400","GEO_OBJECT":"C200M","OBS_STATUS":"A","lcog_geo":"59183","ind":96,"men":35,"men_pauv":5,"men_1ind":12,"men_5ind":7,"men_prop":27,"men_fmp":3,"ind_snv":2050792.5,"men_surf":3200,"men_coll":0,"men_mais":35,"log_soc":5,"ind_inc":0,"log":35,"ind_0_17":27,"ind_65p":15}},{"type":"Feature","geometry":{"type":"Polygon","coordinates":[[[2.336139678955078,51.0225016681714],[2.336440086364746,51.020693008020174],[2.3336076736450195,51.020531035012056],[2.3333072662353516,51.02231270697885],[2.336139678955078,51.0225016681714]]]},"id":1331286938,"properties":{"GEO":"CRS3035RES200mN3129200E3784200","GEO_OBJECT":"C200M","OBS_STATUS":"A","lcog_geo":"59183","ind":51.5,"men":17,"men_pauv":1,"men_1ind":2,"men_5ind":2,"men_prop":12,"men_fmp":2,"ind_snv":1082243.8,"men_surf":1583,"men_coll":0,"men_mais":17,"log_soc":2,"ind_inc":0,"log":17,"ind_0_17":11,"ind_65p":1}},{"type":"Feature","geometry":{"type":"Polygon","coordinates":[[[2.3386716842651367,51.02447221756816],[2.3389720916748047,51.02269062859378],[2.336139678955078,51.0225016681714],[2.33583927154541,51.024283264407586],[2.3386716842651367,51.02447221756816]]]},"id":1331286993,"properties":{"GEO":"CRS3035RES200mN3129400E3784400","GEO_OBJECT":"C200M","OBS_STATUS":"A","lcog_geo":"59183","ind":150,"men":93,"men_pauv":7,"men_1ind":51,"men_5ind":1,"men_prop":71,"men_fmp":3,"ind_snv":3177807.3,"men_surf":7454,"men_coll":93,"men_mais":0,"log_soc":0,"ind_inc":0,"log":93,"ind_0_17":11.5,"ind_65p":73}},{"type":"Feature","geometry":{"type":"Polygon","coordinates":[[[2.3383712768554688,51.02625373807487],[2.3386716842651367,51.02447221756816],[2.33583927154541,51.024283264407586],[2.335538864135742,51.02606479217596],[2.3383712768554688,51.02625373807487]]]},"id":1331287044,"properties":{"GEO":"CRS3035RES200mN3129600E3784400","GEO_OBJECT":"C200M","OBS_STATUS":"A","lcog_geo":"59183","ind":803.5,"men":329,"men_pauv":147,"men_1ind":123,"men_5ind":42,"men_prop":22,"men_fmp":75,"ind_snv":11644765.9,"men_surf":26466,"men_coll":302,"men_mais":27,"log_soc":300,"ind_inc":2,"log":329,"ind_0_17":261.5,"ind_65p":93}},{"type":"Feature","geometry":{"type":"Polygon","coordinates":[[[2.335538864135742,51.02606479217596],[2.33583927154541,51.024283264407586],[2.3330068588256836,51.02409431047684],[2.3327064514160156,51.025875845506874],[2.335538864135742,51.02606479217596]]]},"id":1331287043,"properties":{"GEO":"CRS3035RES200mN3129600E3784200","GEO_OBJECT":"C200M","OBS_STATUS":"A","lcog_geo":"59183","ind":191.5,"men":87,"men_pauv":37,"men_1ind":42,"men_5ind":8,"men_prop":11,"men_fmp":14,"ind_snv":2862827.5,"men_surf":6922,"men_coll":76,"men_mais":11,"log_soc":76,"ind_inc":7,"log":87,"ind_0_17":52.5,"ind_65p":28}},{"type":"Feature","geometry":{"type":"Polygon","coordinates":[[[2.3330068588256836,51.02409431047684],[2.3333072662353516,51.02231270697885],[2.330474853515625,51.022123745016074],[2.330174446105957,51.02390535577587],[2.3330068588256836,51.02409431047684]]]},"id":1331286992,"properties":{"GEO":"CRS3035RES200mN3129400E3784000","GEO_OBJECT":"C200M","OBS_STATUS":"A","lcog_geo":"59183","ind":25,"men":14,"men_pauv":1,"men_1ind":7,"men_5ind":0,"men_prop":14,"men_fmp":0,"ind_snv":551000.1,"men_surf":1448,"men_coll":0,"men_mais":14,"log_soc":0,"ind_inc":0,"log":14,"ind_0_17":0,"ind_65p":14}},{"type":"Feature","geometry":{"type":"Polygon","coordinates":[[[2.3327064514160156,51.025875845506874],[2.3330068588256836,51.02409431047684],[2.330174446105957,51.02390535577587],[2.329874038696289,51.02568689806762],[2.3327064514160156,51.025875845506874]]]},"id":1331287042,"properties":{"GEO":"CRS3035RES200mN3129600E3784000","GEO_OBJECT":"C200M","OBS_STATUS":"A","lcog_geo":"59183","ind":149,"men":66,"men_pauv":5,"men_1ind":14,"men_5ind":2,"men_prop":61,"men_fmp":3,"ind_snv":3647186.8,"men_surf":6579,"men_coll":0,"men_mais":66,"log_soc":0,"ind_inc":0,"log":66,"ind_0_17":18,"ind_65p":60}},{"type":"Feature","geometry":{"type":"Polygon","coordinates":[[[2.329874038696289,51.02568689806762],[2.330174446105957,51.02390535577587],[2.3273420333862305,51.02371640030469],[2.3270416259765625,51.02549794985822],[2.329874038696289,51.02568689806762]]]},"id":1331287041,"properties":{"GEO":"CRS3035RES200mN3129600E3783800","GEO_OBJECT":"C200M","OBS_STATUS":"A","lcog_geo":"59183","ind":190,"men":88,"men_pauv":15,"men_1ind":22,"men_5ind":4,"men_prop":63,"men_fmp":11,"ind_snv":3694073,"men_surf":7835,"men_coll":0,"men_mais":88,"log_soc":25,"ind_inc":0,"log":88,"ind_0_17":31.5,"ind_65p":74}},{"type":"Feature","geometry":{"type":"Polygon","coordinates":[[[2.329573631286621,51.0274683718923],[2.329874038696289,51.02568689806762],[2.3270416259765625,51.02549794985822],[2.3267412185668945,51.027279430944475],[2.329573631286621,51.0274683718923]]]},"id":1331287093,"properties":{"GEO":"CRS3035RES200mN3129800E3783800","GEO_OBJECT":"C200M","OBS_STATUS":"A","lcog_geo":"59183","ind":181.5,"men":72,"men_pauv":7,"men_1ind":23,"men_5ind":8,"men_prop":65,"men_fmp":8,"ind_snv":3904580.6,"men_surf":5789,"men_coll":0,"men_mais":72,"log_soc":1,"ind_inc":1,"log":72,"ind_0_17":50.5,"ind_65p":33}},{"type":"Feature","geometry":{"type":"Polygon","coordinates":[[[2.3491430282592773,51.03057229149053],[2.3494434356689453,51.028790936962395],[2.3466110229492188,51.028602001405716],[2.346310615539551,51.03038336319531],[2.3491430282592773,51.03057229149053]]]},"id":1331287151,"properties":{"GEO":"CRS3035RES200mN3130000E3785200","GEO_OBJECT":"C200M","OBS_STATUS":"A","lcog_geo":"59183","ind":382.5,"men":153,"men_pauv":24,"men_1ind":41,"men_5ind":12,"men_prop":105,"men_fmp":21,"ind_snv":7865802.9,"men_surf":13364,"men_coll":14,"men_mais":139,"log_soc":13,"ind_inc":0,"log":153,"ind_0_17":96.5,"ind_65p":53}},{"type":"Feature","geometry":{"type":"Polygon","coordinates":[[[2.351374626159668,51.034350695665296],[2.351675033569336,51.032542497817815],[2.3488426208496094,51.03235357755406],[2.3485422134399414,51.034161782772856],[2.351374626159668,51.034350695665296]]]},"id":1331287260,"properties":{"GEO":"CRS3035RES200mN3130400E3785400","GEO_OBJECT":"C200M","OBS_STATUS":"A","lcog_geo":"59183","ind":96,"men":45,"men_pauv":18,"men_1ind":19,"men_5ind":3,"men_prop":0,"men_fmp":8,"ind_snv":1549376.1,"men_surf":3094,"men_coll":39,"men_mais":6,"log_soc":39,"ind_inc":0,"log":45,"ind_0_17":24,"ind_65p":19}},{"type":"Feature","geometry":{"type":"Polygon","coordinates":[[[2.3488426208496094,51.03235357755406],[2.3491430282592773,51.03057229149053],[2.346310615539551,51.03038336319531],[2.346010208129883,51.03216465652022],[2.3488426208496094,51.03235357755406]]]},"id":1331287207,"properties":{"GEO":"CRS3035RES200mN3130200E3785200","GEO_OBJECT":"C200M","OBS_STATUS":"A","lcog_geo":"59183","ind":285,"men":139,"men_pauv":17,"men_1ind":56,"men_5ind":6,"men_prop":100,"men_fmp":16,"ind_snv":5972572.9,"men_surf":11468,"men_coll":24,"men_mais":115,"log_soc":2,"ind_inc":0,"log":139,"ind_0_17":50,"ind_65p":63}},{"type":"Feature","geometry":{"type":"Polygon","coordinates":[[[2.3485422134399414,51.034161782772856],[2.3488426208496094,51.03235357755406],[2.346010208129883,51.03216465652022],[2.345709800720215,51.033972869110244],[2.3485422134399414,51.034161782772856]]]},"id":1331287259,"properties":{"GEO":"CRS3035RES200mN3130400E3785200","GEO_OBJECT":"C200M","OBS_STATUS":"A","lcog_geo":"59183","ind":372,"men":197,"men_pauv":37,"men_1ind":109,"men_5ind":10,"men_prop":85,"men_fmp":13,"ind_snv":7378330.7,"men_surf":13671,"men_coll":88,"men_mais":109,"log_soc":78,"ind_inc":0,"log":197,"ind_0_17":79,"ind_65p":128}},{"type":"Feature","geometry":{"type":"Polygon","coordinates":[[[2.346010208129883,51.03216465652022],[2.346310615539551,51.03038336319531],[2.343478202819824,51.03019443412995],[2.3431777954101562,51.03197573471621],[2.346010208129883,51.03216465652022]]]},"id":1331287206,"properties":{"GEO":"CRS3035RES200mN3130200E3785000","GEO_OBJECT":"C200M","OBS_STATUS":"A","lcog_geo":"59183","ind":283,"men":121,"men_pauv":19,"men_1ind":45,"men_5ind":12,"men_prop":100,"men_fmp":9,"ind_snv":6117806.5,"men_surf":10352,"men_coll":9,"men_mais":112,"log_soc":4,"ind_inc":0,"log":121,"ind_0_17":62,"ind_65p":47}},{"type":"Feature","geometry":{"type":"Polygon","coordinates":[[[2.346310615539551,51.03038336319531],[2.3466110229492188,51.028602001405716],[2.343735694885254,51.028413065078894],[2.343478202819824,51.03019443412995],[2.346310615539551,51.03038336319531]]]},"id":1331287150,"properties":{"GEO":"CRS3035RES200mN3130000E3785000","GEO_OBJECT":"C200M","OBS_STATUS":"A","lcog_geo":"59183","ind":269.5,"men":101,"men_pauv":15,"men_1ind":25,"men_5ind":6,"men_prop":74,"men_fmp":10,"ind_snv":5554760.4,"men_surf":9601,"men_coll":17,"men_mais":84,"log_soc":11,"ind_inc":0,"log":101,"ind_0_17":78.5,"ind_65p":38}},{"type":"Feature","geometry":{"type":"Polygon","coordinates":[[[2.343478202819824,51.03019443412995],[2.343735694885254,51.028413065078894],[2.3409032821655273,51.0282241279819],[2.3406028747558594,51.03000550429442],[2.343478202819824,51.03019443412995]]]},"id":1331287149,"properties":{"GEO":"CRS3035RES200mN3130000E3784800","GEO_OBJECT":"C200M","OBS_STATUS":"A","lcog_geo":"59183","ind":233,"men":109,"men_pauv":16,"men_1ind":38,"men_5ind":3,"men_prop":52,"men_fmp":11,"ind_snv":5137966,"men_surf":9268,"men_coll":43,"men_mais":66,"log_soc":52,"ind_inc":0,"log":109,"ind_0_17":47,"ind_65p":56}},{"type":"Feature","geometry":{"type":"Polygon","coordinates":[[[2.343735694885254,51.028413065078894],[2.344036102294922,51.02663162756215],[2.3412036895751953,51.02644268320361],[2.3409032821655273,51.0282241279819],[2.343735694885254,51.028413065078894]]]},"id":1331287098,"properties":{"GEO":"CRS3035RES200mN3129800E3784800","GEO_OBJECT":"C200M","OBS_STATUS":"A","lcog_geo":"59183","ind":95.5,"men":38,"men_pauv":6,"men_1ind":13,"men_5ind":6,"men_prop":28,"men_fmp":3,"ind_snv":2095914.5,"men_surf":3759,"men_coll":3,"men_mais":35,"log_soc":1,"ind_inc":0,"log":38,"ind_0_17":24.5,"ind_65p":9}},{"type":"Feature","geometry":{"type":"Polygon","coordinates":[[[2.3431777954101562,51.03197573471621],[2.343478202819824,51.03019443412995],[2.3406028747558594,51.03000550429442],[2.3403024673461914,51.03181380112838],[2.3431777954101562,51.03197573471621]]]},"id":1331287205,"properties":{"GEO":"CRS3035RES200mN3130200E3784800","GEO_OBJECT":"C200M","OBS_STATUS":"A","lcog_geo":"59183","ind":242.5,"men":90,"men_pauv":6,"men_1ind":18,"men_5ind":8,"men_prop":78,"men_fmp":10,"ind_snv":5349963.9,"men_surf":8218,"men_coll":0,"men_mais":90,"log_soc":0,"ind_inc":0,"log":90,"ind_0_17":53.5,"ind_65p":59}},{"type":"Feature","geometry":{"type":"Polygon","coordinates":[[[2.3409032821655273,51.0282241279819],[2.3412036895751953,51.02644268320361],[2.3383712768554688,51.02625373807487],[2.338070869445801,51.028035190114764],[2.3409032821655273,51.0282241279819]]]},"id":1331287097,"properties":{"GEO":"CRS3035RES200mN3129800E3784600","GEO_OBJECT":"C200M","OBS_STATUS":"A","lcog_geo":"59183","ind":242.5,"men":127,"men_pauv":29,"men_1ind":55,"men_5ind":5,"men_prop":59,"men_fmp":25,"ind_snv":4779555.8,"men_surf":9878,"men_coll":102,"men_mais":25,"log_soc":19,"ind_inc":0,"log":127,"ind_0_17":46.5,"ind_65p":39}},{"type":"Feature","geometry":{"type":"Polygon","coordinates":[[[2.3406028747558594,51.03000550429442],[2.3409032821655273,51.0282241279819],[2.338070869445801,51.028035190114764],[2.337770462036133,51.02981657368875],[2.3406028747558594,51.03000550429442]]]},"id":1331287148,"properties":{"GEO":"CRS3035RES200mN3130000E3784600","GEO_OBJECT":"C200M","OBS_STATUS":"A","lcog_geo":"59183","ind":762,"men":448,"men_pauv":256,"men_1ind":288,"men_5ind":18,"men_prop":0,"men_fmp":69,"ind_snv":10314540.5,"men_surf":23660,"men_coll":448,"men_mais":0,"log_soc":448,"ind_inc":0,"log":448,"ind_0_17":199,"ind_65p":126}},{"type":"Feature","geometry":{"type":"Polygon","coordinates":[[[2.345709800720215,51.033972869110244],[2.346010208129883,51.03216465652022],[2.3431777954101562,51.03197573471621],[2.3428773880004883,51.033783954677546],[2.345709800720215,51.033972869110244]]]},"id":1331287258,"properties":{"GEO":"CRS3035RES200mN3130400E3785000","GEO_OBJECT":"C200M","OBS_STATUS":"A","lcog_geo":"59183","ind":284.5,"men":114,"men_pauv":15,"men_1ind":31,"men_5ind":7,"men_prop":93,"men_fmp":12,"ind_snv":6191917.7,"men_surf":9523,"men_coll":4,"men_mais":110,"log_soc":4,"ind_inc":0,"log":114,"ind_0_17":73,"ind_65p":45}},{"type":"Feature","geometry":{"type":"Polygon","coordinates":[[[2.3400449752807617,51.033595039474676],[2.3403024673461914,51.03181380112838],[2.337470054626465,51.0316248778941],[2.337169647216797,51.03340612350172],[2.3400449752807617,51.033595039474676]]]},"id":1331287256,"properties":{"GEO":"CRS3035RES200mN3130400E3784600","GEO_OBJECT":"C200M","OBS_STATUS":"A","lcog_geo":"59183","ind":62.5,"men":30,"men_pauv":8,"men_1ind":9,"men_5ind":2,"men_prop":27,"men_fmp":2,"ind_snv":1313312.5,"men_surf":2697,"men_coll":0,"men_mais":30,"log_soc":1,"ind_inc":0,"log":30,"ind_0_17":6.5,"ind_65p":22}},{"type":"Feature","geometry":{"type":"Polygon","coordinates":[[[2.350773811340332,51.03791290888077],[2.35107421875,51.03613183650393],[2.3482418060302734,51.03594293087261],[2.3479413986206055,51.03772401051049],[2.350773811340332,51.03791290888077]]]},"id":1331287346,"properties":{"GEO":"CRS3035RES200mN3130800E3785400","GEO_OBJECT":"C200M","OBS_STATUS":"I","lcog_geo":"59183","ind":3,"men":1.4,"men_pauv":0.4,"men_1ind":0.4,"men_5ind":0,"men_prop":1,"men_fmp":0.1,"ind_snv":65587,"men_surf":131.6,"men_coll":0.1,"men_mais":1.3,"log_soc":0,"ind_inc":0,"log":1.4000000000000001,"ind_0_17":0.2,"ind_65p":0.1}},{"type":"Feature","geometry":{"type":"Polygon","coordinates":[[[2.3482418060302734,51.03594293087261],[2.3485422134399414,51.034161782772856],[2.345709800720215,51.033972869110244],[2.345409393310547,51.035754024471174],[2.3482418060302734,51.03594293087261]]]},"id":1331287302,"properties":{"GEO":"CRS3035RES200mN3130600E3785200","GEO_OBJECT":"C200M","OBS_STATUS":"A","lcog_geo":"59183","ind":199,"men":103,"men_pauv":12,"men_1ind":43,"men_5ind":4,"men_prop":77,"men_fmp":7,"ind_snv":4207784,"men_surf":8365,"men_coll":39,"men_mais":64,"log_soc":4,"ind_inc":0,"log":103,"ind_0_17":25,"ind_65p":47}},{"type":"Feature","geometry":{"type":"Polygon","coordinates":[[[2.3479413986206055,51.03772401051049],[2.3482418060302734,51.03594293087261],[2.345409393310547,51.035754024471174],[2.345108985900879,51.03753511137012],[2.3479413986206055,51.03772401051049]]]},"id":1331287345,"properties":{"GEO":"CRS3035RES200mN3130800E3785200","GEO_OBJECT":"C200M","OBS_STATUS":"I","lcog_geo":"59183","ind":2,"men":0.9,"men_pauv":0.3,"men_1ind":0.3,"men_5ind":0,"men_prop":0.6,"men_fmp":0.1,"ind_snv":43724.6,"men_surf":87.7,"men_coll":0.1,"men_mais":0.8,"log_soc":0,"ind_inc":0,"log":0.8999999999999999,"ind_0_17":0.2,"ind_65p":0.1}},{"type":"Feature","geometry":{"type":"Polygon","coordinates":[[[2.345409393310547,51.035754024471174],[2.345709800720215,51.033972869110244],[2.3428773880004883,51.033783954677546],[2.3425769805908203,51.035565117299626],[2.345409393310547,51.035754024471174]]]},"id":1331287301,"properties":{"GEO":"CRS3035RES200mN3130600E3785000","GEO_OBJECT":"C200M","OBS_STATUS":"A","lcog_geo":"59183","ind":220,"men":96,"men_pauv":6,"men_1ind":27,"men_5ind":7,"men_prop":91,"men_fmp":4,"ind_snv":5076820.6,"men_surf":8465,"men_coll":0,"men_mais":96,"log_soc":2,"ind_inc":0,"log":96,"ind_0_17":43,"ind_65p":54}},{"type":"Feature","geometry":{"type":"Polygon","coordinates":[[[2.345108985900879,51.03753511137012],[2.345409393310547,51.035754024471174],[2.3425769805908203,51.035565117299626],[2.3422765731811523,51.03734621145966],[2.345108985900879,51.03753511137012]]]},"id":1331287344,"properties":{"GEO":"CRS3035RES200mN3130800E3785000","GEO_OBJECT":"C200M","OBS_STATUS":"I","lcog_geo":"59183","ind":20,"men":9.3,"men_pauv":2.9,"men_1ind":2.9,"men_5ind":0,"men_prop":6.4,"men_fmp":0.7,"ind_snv":437246.5,"men_surf":877.1,"men_coll":0.7,"men_mais":8.6,"log_soc":0,"ind_inc":0,"log":9.299999999999999,"ind_0_17":1.4,"ind_65p":0.7}},{"type":"Feature","geometry":{"type":"Polygon","coordinates":[[[2.3425769805908203,51.035565117299626],[2.3428773880004883,51.033783954677546],[2.3400449752807617,51.033595039474676],[2.3397445678710938,51.035376209357935],[2.3425769805908203,51.035565117299626]]]},"id":1331287300,"properties":{"GEO":"CRS3035RES200mN3130600E3784800","GEO_OBJECT":"C200M","OBS_STATUS":"A","lcog_geo":"59183","ind":283.5,"men":120,"men_pauv":18,"men_1ind":28,"men_5ind":5,"men_prop":100,"men_fmp":13,"ind_snv":5722577.5,"men_surf":10672,"men_coll":0,"men_mais":120,"log_soc":8,"ind_inc":0,"log":120,"ind_0_17":57.5,"ind_65p":70}},{"type":"Feature","geometry":{"type":"Polygon","coordinates":[[[2.3422765731811523,51.03734621145966],[2.3425769805908203,51.035565117299626],[2.3397445678710938,51.035376209357935],[2.339444160461426,51.037157310779094],[2.3422765731811523,51.03734621145966]]]},"id":1331287343,"properties":{"GEO":"CRS3035RES200mN3130800E3784800","GEO_OBJECT":"C200M","OBS_STATUS":"A","lcog_geo":"59183","ind":182,"men":69,"men_pauv":6,"men_1ind":10,"men_5ind":7,"men_prop":60,"men_fmp":3,"ind_snv":3885905.4,"men_surf":6314,"men_coll":0,"men_mais":69,"log_soc":5,"ind_inc":0,"log":69,"ind_0_17":37,"ind_65p":31}},{"type":"Feature","geometry":{"type":"Polygon","coordinates":[[[2.3419761657714844,51.03912723715857],[2.3422765731811523,51.03734621145966],[2.339444160461426,51.037157310779094],[2.339143753051758,51.03893834373895],[2.3419761657714844,51.03912723715857]]]},"id":1331287383,"properties":{"GEO":"CRS3035RES200mN3131000E3784800","GEO_OBJECT":"C200M","OBS_STATUS":"I","lcog_geo":"59183","ind":13.5,"men":5.2,"men_pauv":0.6,"men_1ind":1.2,"men_5ind":0.9,"men_prop":1.5,"men_fmp":0.6,"ind_snv":265777.6,"men_surf":424.3,"men_coll":0,"men_mais":5.2,"log_soc":3.7,"ind_inc":0,"log":5.2,"ind_0_17":4.6,"ind_65p":3.1}},{"type":"Feature","geometry":{"type":"Polygon","coordinates":[[[2.338070869445801,51.028035190114764],[2.3383712768554688,51.02625373807487],[2.335538864135742,51.02606479217596],[2.335238456726074,51.02784625147743],[2.338070869445801,51.028035190114764]]]},"id":1331287096,"properties":{"GEO":"CRS3035RES200mN3129800E3784400","GEO_OBJECT":"C200M","OBS_STATUS":"A","lcog_geo":"59183","ind":380,"men":192,"men_pauv":28,"men_1ind":93,"men_5ind":14,"men_prop":126,"men_fmp":25,"ind_snv":7416743.9,"men_surf":14251,"men_coll":130,"men_mais":62,"log_soc":21,"ind_inc":0,"log":192,"ind_0_17":64,"ind_65p":107}},{"type":"Feature","geometry":{"type":"Polygon","coordinates":[[[2.3403024673461914,51.03181380112838],[2.3406028747558594,51.03000550429442],[2.337770462036133,51.02981657368875],[2.337470054626465,51.0316248778941],[2.3403024673461914,51.03181380112838]]]},"id":1331287204,"properties":{"GEO":"CRS3035RES200mN3130200E3784600","GEO_OBJECT":"C200M","OBS_STATUS":"A","lcog_geo":"59183","ind":308.5,"men":164,"men_pauv":90,"men_1ind":92,"men_5ind":6,"men_prop":7,"men_fmp":26,"ind_snv":4300802.5,"men_surf":9991,"men_coll":154,"men_mais":10,"log_soc":157,"ind_inc":0,"log":164,"ind_0_17":78.5,"ind_65p":51}},{"type":"Feature","geometry":{"type":"Polygon","coordinates":[[[2.337770462036133,51.02981657368875],[2.338070869445801,51.028035190114764],[2.335238456726074,51.02784625147743],[2.3349380493164062,51.02962764231293],[2.337770462036133,51.02981657368875]]]},"id":1331287147,"properties":{"GEO":"CRS3035RES200mN3130000E3784400","GEO_OBJECT":"C200M","OBS_STATUS":"A","lcog_geo":"59183","ind":51,"men":19,"men_pauv":3,"men_1ind":6,"men_5ind":3,"men_prop":15,"men_fmp":1,"ind_snv":849736.7,"men_surf":1470,"men_coll":0,"men_mais":19,"log_soc":2,"ind_inc":0,"log":19,"ind_0_17":11,"ind_65p":14}},{"type":"Feature","geometry":{"type":"Polygon","coordinates":[[[2.335238456726074,51.02784625147743],[2.335538864135742,51.02606479217596],[2.3327064514160156,51.025875845506874],[2.3324060440063477,51.02765731206995],[2.335238456726074,51.02784625147743]]]},"id":1331287095,"properties":{"GEO":"CRS3035RES200mN3129800E3784200","GEO_OBJECT":"C200M","OBS_STATUS":"A","lcog_geo":"59183","ind":60.5,"men":21,"men_pauv":1,"men_1ind":3,"men_5ind":4,"men_prop":20,"men_fmp":2,"ind_snv":1178311.5,"men_surf":2143,"men_coll":1,"men_mais":20,"log_soc":0,"ind_inc":0,"log":21,"ind_0_17":10,"ind_65p":15}},{"type":"Feature","geometry":{"type":"Polygon","coordinates":[[[2.337470054626465,51.0316248778941],[2.337770462036133,51.02981657368875],[2.3349380493164062,51.02962764231293],[2.3346376419067383,51.031435953889684],[2.337470054626465,51.0316248778941]]]},"id":1331287203,"properties":{"GEO":"CRS3035RES200mN3130200E3784400","GEO_OBJECT":"C200M","OBS_STATUS":"A","lcog_geo":"59183","ind":39,"men":19,"men_pauv":4,"men_1ind":7,"men_5ind":0,"men_prop":11,"men_fmp":4,"ind_snv":787029.2,"men_surf":1514,"men_coll":0,"men_mais":19,"log_soc":6,"ind_inc":0,"log":19,"ind_0_17":6,"ind_65p":6}},{"type":"Feature","geometry":{"type":"Polygon","coordinates":[[[2.3349380493164062,51.02962764231293],[2.335238456726074,51.02784625147743],[2.3324060440063477,51.02765731206995],[2.3321056365966797,51.02943871016694],[2.3349380493164062,51.02962764231293]]]},"id":1331287146,"properties":{"GEO":"CRS3035RES200mN3130000E3784200","GEO_OBJECT":"C200M","OBS_STATUS":"A","lcog_geo":"59183","ind":55.5,"men":23,"men_pauv":3,"men_1ind":4,"men_5ind":3,"men_prop":14,"men_fmp":2,"ind_snv":1022504.5,"men_surf":1807,"men_coll":0,"men_mais":23,"log_soc":8,"ind_inc":0,"log":23,"ind_0_17":9.5,"ind_65p":15}},{"type":"Feature","geometry":{"type":"Polygon","coordinates":[[[2.3428773880004883,51.033783954677546],[2.3431777954101562,51.03197573471621],[2.3403024673461914,51.03181380112838],[2.3400449752807617,51.033595039474676],[2.3428773880004883,51.033783954677546]]]},"id":1331287257,"properties":{"GEO":"CRS3035RES200mN3130400E3784800","GEO_OBJECT":"C200M","OBS_STATUS":"A","lcog_geo":"59183","ind":210.5,"men":97,"men_pauv":6,"men_1ind":34,"men_5ind":5,"men_prop":88,"men_fmp":5,"ind_snv":4663910.8,"men_surf":8943,"men_coll":0,"men_mais":97,"log_soc":3,"ind_inc":0,"log":97,"ind_0_17":35.5,"ind_65p":81}},{"type":"Feature","geometry":{"type":"Polygon","coordinates":[[[2.3397445678710938,51.035376209357935],[2.3400449752807617,51.033595039474676],[2.337169647216797,51.03340612350172],[2.336912155151367,51.03518730064616],[2.3397445678710938,51.035376209357935]]]},"id":1331287299,"properties":{"GEO":"CRS3035RES200mN3130600E3784600","GEO_OBJECT":"C200M","OBS_STATUS":"A","lcog_geo":"59183","ind":188.5,"men":64,"men_pauv":12,"men_1ind":10,"men_5ind":10,"men_prop":22,"men_fmp":7,"ind_snv":3526984.2,"men_surf":5784,"men_coll":0,"men_mais":64,"log_soc":40,"ind_inc":0,"log":64,"ind_0_17":53.5,"ind_65p":28}},{"type":"Feature","geometry":{"type":"Polygon","coordinates":[[[2.336912155151367,51.03518730064616],[2.337169647216797,51.03340612350172],[2.3343372344970703,51.033217206758565],[2.3340368270874023,51.03499839116424],[2.336912155151367,51.03518730064616]]]},"id":1331287298,"properties":{"GEO":"CRS3035RES200mN3130600E3784400","GEO_OBJECT":"C200M","OBS_STATUS":"A","lcog_geo":"59183","ind":143.5,"men":55,"men_pauv":9,"men_1ind":11,"men_5ind":9,"men_prop":15,"men_fmp":8,"ind_snv":2654748.4,"men_surf":4619,"men_coll":1,"men_mais":54,"log_soc":37,"ind_inc":0,"log":55,"ind_0_17":34.5,"ind_65p":26}},{"type":"Feature","geometry":{"type":"Polygon","coordinates":[[[2.337169647216797,51.03340612350172],[2.337470054626465,51.0316248778941],[2.3346376419067383,51.031435953889684],[2.3343372344970703,51.033217206758565],[2.337169647216797,51.03340612350172]]]},"id":1331287255,"properties":{"GEO":"CRS3035RES200mN3130400E3784400","GEO_OBJECT":"C200M","OBS_STATUS":"A","lcog_geo":"59183","ind":62,"men":35,"men_pauv":10,"men_1ind":15,"men_5ind":0,"men_prop":3,"men_fmp":9,"ind_snv":1039668.3,"men_surf":2588,"men_coll":30,"men_mais":5,"log_soc":11,"ind_inc":0,"log":35,"ind_0_17":15,"ind_65p":10}},{"type":"Feature","geometry":{"type":"Polygon","coordinates":[[[2.3324060440063477,51.02765731206995],[2.3327064514160156,51.025875845506874],[2.329874038696289,51.02568689806762],[2.329573631286621,51.0274683718923],[2.3324060440063477,51.02765731206995]]]},"id":1331287094,"properties":{"GEO":"CRS3035RES200mN3129800E3784000","GEO_OBJECT":"C200M","OBS_STATUS":"A","lcog_geo":"59183","ind":244,"men":94,"men_pauv":12,"men_1ind":22,"men_5ind":8,"men_prop":83,"men_fmp":5,"ind_snv":5391054.7,"men_surf":9153,"men_coll":0,"men_mais":94,"log_soc":1,"ind_inc":0,"log":94,"ind_0_17":62.5,"ind_65p":68}},{"type":"Feature","geometry":{"type":"Polygon","coordinates":[[[2.3346376419067383,51.031435953889684],[2.3349380493164062,51.02962764231293],[2.3321056365966797,51.02943871016694],[2.3318052291870117,51.03124702911512],[2.3346376419067383,51.031435953889684]]]},"id":1331287202,"properties":{"GEO":"CRS3035RES200mN3130200E3784200","GEO_OBJECT":"C200M","OBS_STATUS":"A","lcog_geo":"59183","ind":253,"men":104,"men_pauv":31,"men_1ind":27,"men_5ind":10,"men_prop":28,"men_fmp":13,"ind_snv":4589682.5,"men_surf":7696,"men_coll":33,"men_mais":71,"log_soc":72,"ind_inc":1,"log":104,"ind_0_17":59,"ind_65p":37}},{"type":"Feature","geometry":{"type":"Polygon","coordinates":[[[2.3321056365966797,51.02943871016694],[2.3324060440063477,51.02765731206995],[2.329573631286621,51.0274683718923],[2.329273223876953,51.02924977725081],[2.3321056365966797,51.02943871016694]]]},"id":1331287145,"properties":{"GEO":"CRS3035RES200mN3130000E3784000","GEO_OBJECT":"C200M","OBS_STATUS":"A","lcog_geo":"59183","ind":97.5,"men":32,"men_pauv":7,"men_1ind":9,"men_5ind":10,"men_prop":3,"men_fmp":3,"ind_snv":1637131.9,"men_surf":2419,"men_coll":1,"men_mais":31,"log_soc":27,"ind_inc":0,"log":32,"ind_0_17":27.5,"ind_65p":9}},{"type":"Feature","geometry":{"type":"Polygon","coordinates":[[[2.3318052291870117,51.03124702911512],[2.3321056365966797,51.02943871016694],[2.329273223876953,51.02924977725081],[2.328972816467285,51.031058103570416],[2.3318052291870117,51.03124702911512]]]},"id":1331287201,"properties":{"GEO":"CRS3035RES200mN3130200E3784000","GEO_OBJECT":"C200M","OBS_STATUS":"A","lcog_geo":"59183","ind":124,"men":48,"men_pauv":9,"men_1ind":15,"men_5ind":4,"men_prop":35,"men_fmp":5,"ind_snv":2506394.1,"men_surf":3780,"men_coll":0,"men_mais":48,"log_soc":11,"ind_inc":0,"log":48,"ind_0_17":31,"ind_65p":22}},{"type":"Feature","geometry":{"type":"Polygon","coordinates":[[[2.329273223876953,51.02924977725081],[2.329573631286621,51.0274683718923],[2.3267412185668945,51.027279430944475],[2.3264408111572266,51.02906084356454],[2.329273223876953,51.02924977725081]]]},"id":1331287144,"properties":{"GEO":"CRS3035RES200mN3130000E3783800","GEO_OBJECT":"C200M","OBS_STATUS":"A","lcog_geo":"59183","ind":442,"men":207,"men_pauv":100,"men_1ind":85,"men_5ind":15,"men_prop":4,"men_fmp":49,"ind_snv":6555045.1,"men_surf":13854,"men_coll":200,"men_mais":7,"log_soc":200,"ind_inc":7,"log":207,"ind_0_17":124.5,"ind_65p":73}},{"type":"Feature","geometry":{"type":"Polygon","coordinates":[[[2.3343372344970703,51.033217206758565],[2.3346376419067383,51.031435953889684],[2.3318052291870117,51.03124702911512],[2.3315048217773438,51.03302828924532],[2.3343372344970703,51.033217206758565]]]},"id":1331287254,"properties":{"GEO":"CRS3035RES200mN3130400E3784200","GEO_OBJECT":"C200M","OBS_STATUS":"A","lcog_geo":"59183","ind":28,"men":18,"men_pauv":4,"men_1ind":11,"men_5ind":0,"men_prop":3,"men_fmp":0,"ind_snv":599293.8,"men_surf":1168,"men_coll":11,"men_mais":7,"log_soc":15,"ind_inc":0,"log":18,"ind_0_17":1,"ind_65p":10}},{"type":"Feature","geometry":{"type":"Polygon","coordinates":[[[2.3315048217773438,51.03302828924532],[2.3318052291870117,51.03124702911512],[2.328972816467285,51.031058103570416],[2.328672409057617,51.032839370961966],[2.3315048217773438,51.03302828924532]]]},"id":1331287253,"properties":{"GEO":"CRS3035RES200mN3130400E3784000","GEO_OBJECT":"C200M","OBS_STATUS":"A","lcog_geo":"59183","ind":248.5,"men":109,"men_pauv":43,"men_1ind":36,"men_5ind":7,"men_prop":35,"men_fmp":22,"ind_snv":4157834.2,"men_surf":7143,"men_coll":66,"men_mais":43,"log_soc":73,"ind_inc":0,"log":109,"ind_0_17":71.5,"ind_65p":27}},{"type":"Feature","geometry":{"type":"Polygon","coordinates":[[[2.339444160461426,51.037157310779094],[2.3397445678710938,51.035376209357935],[2.336912155151367,51.03518730064616],[2.336611747741699,51.03696840932835],[2.339444160461426,51.037157310779094]]]},"id":1331287342,"properties":{"GEO":"CRS3035RES200mN3130800E3784600","GEO_OBJECT":"C200M","OBS_STATUS":"A","lcog_geo":"59183","ind":129,"men":53,"men_pauv":3,"men_1ind":12,"men_5ind":2,"men_prop":45,"men_fmp":4,"ind_snv":3197265.8,"men_surf":5139,"men_coll":0,"men_mais":53,"log_soc":6,"ind_inc":0,"log":53,"ind_0_17":18,"ind_65p":28}},{"type":"Feature","geometry":{"type":"Polygon","coordinates":[[[2.339143753051758,51.03893834373895],[2.339444160461426,51.037157310779094],[2.336611747741699,51.03696840932835],[2.3363113403320312,51.03874944954927],[2.339143753051758,51.03893834373895]]]},"id":1331287382,"properties":{"GEO":"CRS3035RES200mN3131000E3784600","GEO_OBJECT":"C200M","OBS_STATUS":"A","lcog_geo":"59183","ind":49,"men":16,"men_pauv":1,"men_1ind":2,"men_5ind":2,"men_prop":15,"men_fmp":1,"ind_snv":1056296.9,"men_surf":1629,"men_coll":0,"men_mais":16,"log_soc":1,"ind_inc":0,"log":16,"ind_0_17":10,"ind_65p":6}},{"type":"Feature","geometry":{"type":"Polygon","coordinates":[[[2.336611747741699,51.03696840932835],[2.336912155151367,51.03518730064616],[2.3340368270874023,51.03499839116424],[2.3337364196777344,51.03677950710755],[2.336611747741699,51.03696840932835]]]},"id":1331287341,"properties":{"GEO":"CRS3035RES200mN3130800E3784400","GEO_OBJECT":"C200M","OBS_STATUS":"A","lcog_geo":"59183","ind":222.5,"men":87,"men_pauv":12,"men_1ind":21,"men_5ind":9,"men_prop":2,"men_fmp":13,"ind_snv":4157524.8,"men_surf":7376,"men_coll":0,"men_mais":87,"log_soc":84,"ind_inc":0,"log":87,"ind_0_17":45.5,"ind_65p":47}},{"type":"Feature","geometry":{"type":"Polygon","coordinates":[[[2.3340368270874023,51.03499839116424],[2.3343372344970703,51.033217206758565],[2.3315048217773438,51.03302828924532],[2.331204414367676,51.03480948091223],[2.3340368270874023,51.03499839116424]]]},"id":1331287297,"properties":{"GEO":"CRS3035RES200mN3130600E3784200","GEO_OBJECT":"C200M","OBS_STATUS":"A","lcog_geo":"59183","ind":103.5,"men":38,"men_pauv":6,"men_1ind":8,"men_5ind":5,"men_prop":26,"men_fmp":2,"ind_snv":2237899.2,"men_surf":3075,"men_coll":0,"men_mais":38,"log_soc":12,"ind_inc":0,"log":38,"ind_0_17":28.5,"ind_65p":19}},{"type":"Feature","geometry":{"type":"Polygon","coordinates":[[[2.3363113403320312,51.03874944954927],[2.336611747741699,51.03696840932835],[2.3337364196777344,51.03677950710755],[2.3334789276123047,51.03856055458945],[2.3363113403320312,51.03874944954927]]]},"id":1331287381,"properties":{"GEO":"CRS3035RES200mN3131000E3784400","GEO_OBJECT":"C200M","OBS_STATUS":"A","lcog_geo":"59183","ind":82,"men":38,"men_pauv":5,"men_1ind":11,"men_5ind":2,"men_prop":10,"men_fmp":6,"ind_snv":1732812.9,"men_surf":3447,"men_coll":0,"men_mais":38,"log_soc":28,"ind_inc":0,"log":38,"ind_0_17":16,"ind_65p":23}},{"type":"Feature","geometry":{"type":"Polygon","coordinates":[[[2.3334789276123047,51.03856055458945],[2.3337364196777344,51.03677950710755],[2.330904006958008,51.03659060411661],[2.33060359954834,51.038371658859546],[2.3334789276123047,51.03856055458945]]]},"id":1331287380,"properties":{"GEO":"CRS3035RES200mN3131000E3784200","GEO_OBJECT":"C200M","OBS_STATUS":"I","lcog_geo":"59183","ind":30.5,"men":11.8,"men_pauv":1.4,"men_1ind":2.8,"men_5ind":2.1,"men_prop":3.5,"men_fmp":1.4,"ind_snv":600460.5,"men_surf":958.7,"men_coll":0,"men_mais":11.8,"log_soc":8.3,"ind_inc":0,"log":11.799999999999999,"ind_0_17":10.399999999999999,"ind_65p":6.9}},{"type":"Feature","geometry":{"type":"Polygon","coordinates":[[[2.3337364196777344,51.03677950710755],[2.3340368270874023,51.03499839116424],[2.331204414367676,51.03480948091223],[2.330904006958008,51.03659060411661],[2.3337364196777344,51.03677950710755]]]},"id":1331287340,"properties":{"GEO":"CRS3035RES200mN3130800E3784200","GEO_OBJECT":"C200M","OBS_STATUS":"A","lcog_geo":"59183","ind":116,"men":45,"men_pauv":11,"men_1ind":12,"men_5ind":3,"men_prop":17,"men_fmp":6,"ind_snv":2126899.1,"men_surf":3853,"men_coll":0,"men_mais":45,"log_soc":28,"ind_inc":0,"log":45,"ind_0_17":24,"ind_65p":25}},{"type":"Feature","geometry":{"type":"Polygon","coordinates":[[[2.331204414367676,51.03480948091223],[2.3315048217773438,51.03302828924532],[2.328672409057617,51.032839370961966],[2.328372001647949,51.03462056989002],[2.331204414367676,51.03480948091223]]]},"id":1331287296,"properties":{"GEO":"CRS3035RES200mN3130600E3784000","GEO_OBJECT":"C200M","OBS_STATUS":"A","lcog_geo":"59183","ind":163.5,"men":94,"men_pauv":27,"men_1ind":51,"men_5ind":3,"men_prop":16,"men_fmp":12,"ind_snv":3302327.5,"men_surf":5698,"men_coll":36,"men_mais":58,"log_soc":77,"ind_inc":1,"log":94,"ind_0_17":26.5,"ind_65p":33}},{"type":"Feature","geometry":{"type":"Polygon","coordinates":[[[2.330904006958008,51.03659060411661],[2.331204414367676,51.03480948091223],[2.328372001647949,51.03462056989002],[2.3280715942382812,51.03640170035561],[2.330904006958008,51.03659060411661]]]},"id":1331287339,"properties":{"GEO":"CRS3035RES200mN3130800E3784000","GEO_OBJECT":"C200M","OBS_STATUS":"A","lcog_geo":"59183","ind":94.5,"men":30,"men_pauv":10,"men_1ind":4,"men_5ind":9,"men_prop":2,"men_fmp":7,"ind_snv":1461302.1,"men_surf":2540,"men_coll":0,"men_mais":30,"log_soc":27,"ind_inc":0,"log":30,"ind_0_17":33,"ind_65p":9}},{"type":"Feature","geometry":{"type":"Polygon","coordinates":[[[2.3697853088378906,51.04457782980165],[2.3700428009033203,51.04279701362964],[2.3672103881835938,51.042608135171776],[2.366909980773926,51.04438895860446],[2.3697853088378906,51.04457782980165]]]},"id":1331287467,"properties":{"GEO":"CRS3035RES200mN3131400E3786800","GEO_OBJECT":"C200M","OBS_STATUS":"I","lcog_geo":"59183","ind":3,"men":1.9,"men_pauv":0.1,"men_1ind":1.2,"men_5ind":0.1,"men_prop":1.1,"men_fmp":0.2,"ind_snv":78630,"men_surf":161.5,"men_coll":1.9,"men_mais":0,"log_soc":0,"ind_inc":0,"log":1.9000000000000001,"ind_0_17":0.5,"ind_65p":1}},{"type":"Feature","geometry":{"type":"Polygon","coordinates":[[[2.328801155090332,51.01478062660888],[2.3291015625,51.01299866519571],[2.3262691497802734,51.01280966527199],[2.3259687423706055,51.01459163394745],[2.328801155090332,51.01478062660888]]]},"id":1331286660,"properties":{"GEO":"CRS3035RES200mN3128400E3783600","GEO_OBJECT":"C200M","OBS_STATUS":"A","lcog_geo":"59183","ind":184,"men":75,"men_pauv":0,"men_1ind":11,"men_5ind":1,"men_prop":71,"men_fmp":7,"ind_snv":5122131.1,"men_surf":7827,"men_coll":0,"men_mais":75,"log_soc":0,"ind_inc":0,"log":75,"ind_0_17":37,"ind_65p":66}},{"type":"Feature","geometry":{"type":"Polygon","coordinates":[[[2.328500747680664,51.01656251954941],[2.328801155090332,51.01478062660888],[2.3259687423706055,51.01459163394745],[2.3256683349609375,51.016373534150176],[2.328500747680664,51.01656251954941]]]},"id":1331286736,"properties":{"GEO":"CRS3035RES200mN3128600E3783600","GEO_OBJECT":"C200M","OBS_STATUS":"A","lcog_geo":"59183","ind":87,"men":39,"men_pauv":1,"men_1ind":8,"men_5ind":0,"men_prop":38,"men_fmp":1,"ind_snv":2306455.1,"men_surf":4138,"men_coll":0,"men_mais":39,"log_soc":0,"ind_inc":0,"log":39,"ind_0_17":11,"ind_65p":28}},{"type":"Feature","geometry":{"type":"Polygon","coordinates":[[[2.3259687423706055,51.01459163394745],[2.3262691497802734,51.01280966527199],[2.323436737060547,51.01262066457798],[2.323136329650879,51.014402640515755],[2.3259687423706055,51.01459163394745]]]},"id":1331286659,"properties":{"GEO":"CRS3035RES200mN3128400E3783400","GEO_OBJECT":"C200M","OBS_STATUS":"I","lcog_geo":"59183,59271","ind":17,"men":7,"men_pauv":0.4,"men_1ind":0.7,"men_5ind":0.4,"men_prop":6.3,"men_fmp":0,"ind_snv":466777.1,"men_surf":729.2,"men_coll":0,"men_mais":7,"log_soc":0,"ind_inc":0,"log":7,"ind_0_17":1.8,"ind_65p":5.9}},{"type":"Feature","geometry":{"type":"Polygon","coordinates":[[[2.3256683349609375,51.016373534150176],[2.3259687423706055,51.01459163394745],[2.323136329650879,51.014402640515755],[2.322835922241211,51.016184547980714],[2.3256683349609375,51.016373534150176]]]},"id":1331286735,"properties":{"GEO":"CRS3035RES200mN3128600E3783400","GEO_OBJECT":"C200M","OBS_STATUS":"I","lcog_geo":"59183","ind":24,"men":9.9,"men_pauv":0.5,"men_1ind":1,"men_5ind":0.5,"men_prop":8.9,"men_fmp":0,"ind_snv":658979.5,"men_surf":1029.4,"men_coll":0,"men_mais":9.9,"log_soc":0,"ind_inc":0,"log":9.9,"ind_0_17":2.6,"ind_65p":8.3}},{"type":"Feature","geometry":{"type":"Polygon","coordinates":[[[2.3307323455810547,51.02034206578739],[2.3310327529907227,51.01853332138509],[2.328200340270996,51.018344344018146],[2.327899932861328,51.02015309579252],[2.3307323455810547,51.02034206578739]]]},"id":1331286878,"properties":{"GEO":"CRS3035RES200mN3129000E3783800","GEO_OBJECT":"C200M","OBS_STATUS":"A","lcog_geo":"59183","ind":169.5,"men":64,"men_pauv":24,"men_1ind":20,"men_5ind":13,"men_prop":25,"men_fmp":12,"ind_snv":2929282.8,"men_surf":5256,"men_coll":27,"men_mais":37,"log_soc":39,"ind_inc":0,"log":64,"ind_0_17":59,"ind_65p":22}},{"type":"Feature","geometry":{"type":"Polygon","coordinates":[[[2.328200340270996,51.018344344018146],[2.328500747680664,51.01656251954941],[2.3256683349609375,51.016373534150176],[2.3253679275512695,51.01815536588106],[2.328200340270996,51.018344344018146]]]},"id":1331286814,"properties":{"GEO":"CRS3035RES200mN3128800E3783600","GEO_OBJECT":"C200M","OBS_STATUS":"A","lcog_geo":"59183","ind":89,"men":39,"men_pauv":2,"men_1ind":7,"men_5ind":2,"men_prop":33,"men_fmp":3,"ind_snv":2098162.5,"men_surf":4412,"men_coll":0,"men_mais":39,"log_soc":0,"ind_inc":0,"log":39,"ind_0_17":14,"ind_65p":28}},{"type":"Feature","geometry":{"type":"Polygon","coordinates":[[[2.327899932861328,51.02015309579252],[2.328200340270996,51.018344344018146],[2.3253679275512695,51.01815536588106],[2.3250675201416016,51.01996412502746],[2.327899932861328,51.02015309579252]]]},"id":1331286877,"properties":{"GEO":"CRS3035RES200mN3129000E3783600","GEO_OBJECT":"C200M","OBS_STATUS":"A","lcog_geo":"59183","ind":268,"men":88,"men_pauv":19,"men_1ind":21,"men_5ind":13,"men_prop":46,"men_fmp":8,"ind_snv":5204901.5,"men_surf":7939,"men_coll":10,"men_mais":78,"log_soc":22,"ind_inc":17,"log":88,"ind_0_17":82,"ind_65p":28}},{"type":"Feature","geometry":{"type":"Polygon","coordinates":[[[2.3253679275512695,51.01815536588106],[2.3256683349609375,51.016373534150176],[2.322835922241211,51.016184547980714],[2.322535514831543,51.01796638697371],[2.3253679275512695,51.01815536588106]]]},"id":1331286813,"properties":{"GEO":"CRS3035RES200mN3128800E3783400","GEO_OBJECT":"C200M","OBS_STATUS":"A","lcog_geo":"59183","ind":76,"men":28,"men_pauv":6,"men_1ind":3,"men_5ind":3,"men_prop":5,"men_fmp":8,"ind_snv":1344760.2,"men_surf":2362,"men_coll":0,"men_mais":28,"log_soc":23,"ind_inc":0,"log":28,"ind_0_17":21,"ind_65p":6}},{"type":"Feature","geometry":{"type":"Polygon","coordinates":[[[2.3250675201416016,51.01996412502746],[2.3253679275512695,51.01815536588106],[2.322535514831543,51.01796638697371],[2.322235107421875,51.01977515349219],[2.3250675201416016,51.01996412502746]]]},"id":1331286876,"properties":{"GEO":"CRS3035RES200mN3129000E3783400","GEO_OBJECT":"C200M","OBS_STATUS":"A","lcog_geo":"59183","ind":333.5,"men":165,"men_pauv":43,"men_1ind":88,"men_5ind":12,"men_prop":50,"men_fmp":18,"ind_snv":6377222.6,"men_surf":11339,"men_coll":109,"men_mais":56,"log_soc":68,"ind_inc":0,"log":165,"ind_0_17":70.5,"ind_65p":48}},{"type":"Feature","geometry":{"type":"Polygon","coordinates":[[[2.322535514831543,51.01796638697371],[2.322835922241211,51.016184547980714],[2.3200035095214844,51.01599556104105],[2.3197031021118164,51.017777407296165],[2.322535514831543,51.01796638697371]]]},"id":1331286812,"properties":{"GEO":"CRS3035RES200mN3128800E3783200","GEO_OBJECT":"C200M","OBS_STATUS":"A","lcog_geo":"59183,59271","ind":87,"men":28,"men_pauv":9,"men_1ind":5,"men_5ind":5,"men_prop":1,"men_fmp":3,"ind_snv":1407811.9,"men_surf":2173,"men_coll":0,"men_mais":28,"log_soc":27,"ind_inc":0,"log":28,"ind_0_17":26,"ind_65p":1}},{"type":"Feature","geometry":{"type":"Polygon","coordinates":[[[2.322235107421875,51.01977515349219],[2.322535514831543,51.01796638697371],[2.3197031021118164,51.017777407296165],[2.3194026947021484,51.019586181186696],[2.322235107421875,51.01977515349219]]]},"id":1331286875,"properties":{"GEO":"CRS3035RES200mN3129000E3783200","GEO_OBJECT":"C200M","OBS_STATUS":"A","lcog_geo":"59183,59271","ind":106.5,"men":48,"men_pauv":15,"men_1ind":18,"men_5ind":4,"men_prop":38,"men_fmp":5,"ind_snv":2051907.9,"men_surf":4275,"men_coll":4,"men_mais":44,"log_soc":0,"ind_inc":0,"log":48,"ind_0_17":23.5,"ind_65p":16}},{"type":"Feature","geometry":{"type":"Polygon","coordinates":[[[2.3197031021118164,51.017777407296165],[2.3200035095214844,51.01599556104105],[2.317171096801758,51.015806573331105],[2.31687068939209,51.01758842684839],[2.3197031021118164,51.017777407296165]]]},"id":1331286811,"properties":{"GEO":"CRS3035RES200mN3128800E3783000","GEO_OBJECT":"C200M","OBS_STATUS":"A","lcog_geo":"59271","ind":36,"men":13,"men_pauv":2,"men_1ind":5,"men_5ind":2,"men_prop":10,"men_fmp":1,"ind_snv":617498.9,"men_surf":1284,"men_coll":3,"men_mais":10,"log_soc":0,"ind_inc":0,"log":13,"ind_0_17":12,"ind_65p":7}},{"type":"Feature","geometry":{"type":"Polygon","coordinates":[[[2.330174446105957,51.02390535577587],[2.330474853515625,51.022123745016074],[2.32759952545166,51.021934782283125],[2.3273420333862305,51.02371640030469],[2.330174446105957,51.02390535577587]]]},"id":1331286991,"properties":{"GEO":"CRS3035RES200mN3129400E3783800","GEO_OBJECT":"C200M","OBS_STATUS":"I","lcog_geo":"59183","ind":24,"men":8.6,"men_pauv":0.9,"men_1ind":1.4,"men_5ind":0.5,"men_prop":7.2,"men_fmp":0.5,"ind_snv":594465.9,"men_surf":901.1,"men_coll":0,"men_mais":8.6,"log_soc":0.5,"ind_inc":0,"log":8.6,"ind_0_17":4.1,"ind_65p":5.5}},{"type":"Feature","geometry":{"type":"Polygon","coordinates":[[[2.3273420333862305,51.02371640030469],[2.32759952545166,51.021934782283125],[2.3247671127319336,51.021745818779976],[2.3244667053222656,51.023527444063376],[2.3273420333862305,51.02371640030469]]]},"id":1331286990,"properties":{"GEO":"CRS3035RES200mN3129400E3783600","GEO_OBJECT":"C200M","OBS_STATUS":"I","lcog_geo":"59183","ind":29,"men":10.4,"men_pauv":1.1,"men_1ind":1.6,"men_5ind":0.5,"men_prop":8.8,"men_fmp":0.5,"ind_snv":718312.9,"men_surf":1088.9,"men_coll":0,"men_mais":10.4,"log_soc":0.5,"ind_inc":0,"log":10.4,"ind_0_17":4.9,"ind_65p":6.5}},{"type":"Feature","geometry":{"type":"Polygon","coordinates":[[[2.32759952545166,51.021934782283125],[2.327899932861328,51.02015309579252],[2.3250675201416016,51.01996412502746],[2.3247671127319336,51.021745818779976],[2.32759952545166,51.021934782283125]]]},"id":1331286936,"properties":{"GEO":"CRS3035RES200mN3129200E3783600","GEO_OBJECT":"C200M","OBS_STATUS":"A","lcog_geo":"59183","ind":159,"men":87,"men_pauv":27,"men_1ind":45,"men_5ind":4,"men_prop":54,"men_fmp":3,"ind_snv":3675866.9,"men_surf":7067,"men_coll":32,"men_mais":55,"log_soc":32,"ind_inc":0,"log":87,"ind_0_17":27,"ind_65p":55}},{"type":"Feature","geometry":{"type":"Polygon","coordinates":[[[2.3247671127319336,51.021745818779976],[2.3250675201416016,51.01996412502746],[2.322235107421875,51.01977515349219],[2.321934700012207,51.02155685450663],[2.3247671127319336,51.021745818779976]]]},"id":1331286935,"properties":{"GEO":"CRS3035RES200mN3129200E3783400","GEO_OBJECT":"C200M","OBS_STATUS":"A","lcog_geo":"59183","ind":167,"men":75,"men_pauv":17,"men_1ind":27,"men_5ind":6,"men_prop":42,"men_fmp":6,"ind_snv":3478420.1,"men_surf":6164,"men_coll":22,"men_mais":53,"log_soc":22,"ind_inc":0,"log":75,"ind_0_17":38,"ind_65p":37}},{"type":"Feature","geometry":{"type":"Polygon","coordinates":[[[2.3270416259765625,51.02549794985822],[2.3273420333862305,51.02371640030469],[2.3244667053222656,51.023527444063376],[2.3241662979125977,51.02530900087859],[2.3270416259765625,51.02549794985822]]]},"id":1331287040,"properties":{"GEO":"CRS3035RES200mN3129600E3783600","GEO_OBJECT":"C200M","OBS_STATUS":"A","lcog_geo":"59183","ind":115.5,"men":43,"men_pauv":2,"men_1ind":10,"men_5ind":5,"men_prop":37,"men_fmp":2,"ind_snv":2588301.7,"men_surf":3905,"men_coll":0,"men_mais":43,"log_soc":1,"ind_inc":0,"log":43,"ind_0_17":28.5,"ind_65p":21}},{"type":"Feature","geometry":{"type":"Polygon","coordinates":[[[2.3244667053222656,51.023527444063376],[2.3247671127319336,51.021745818779976],[2.321934700012207,51.02155685450663],[2.321634292602539,51.02333848705186],[2.3244667053222656,51.023527444063376]]]},"id":1331286989,"properties":{"GEO":"CRS3035RES200mN3129400E3783400","GEO_OBJECT":"C200M","OBS_STATUS":"A","lcog_geo":"59183","ind":212,"men":79,"men_pauv":7,"men_1ind":13,"men_5ind":8,"men_prop":66,"men_fmp":9,"ind_snv":4865713.5,"men_surf":7071,"men_coll":1,"men_mais":78,"log_soc":4,"ind_inc":0,"log":79,"ind_0_17":52,"ind_65p":37}},{"type":"Feature","geometry":{"type":"Polygon","coordinates":[[[2.3267412185668945,51.027279430944475],[2.3270416259765625,51.02549794985822],[2.3241662979125977,51.02530900087859],[2.323908805847168,51.02709048922654],[2.3267412185668945,51.027279430944475]]]},"id":1331287092,"properties":{"GEO":"CRS3035RES200mN3129800E3783600","GEO_OBJECT":"C200M","OBS_STATUS":"A","lcog_geo":"59183","ind":181.5,"men":73,"men_pauv":6,"men_1ind":20,"men_5ind":4,"men_prop":64,"men_fmp":4,"ind_snv":3954606.2,"men_surf":5225,"men_coll":3,"men_mais":70,"log_soc":5,"ind_inc":0,"log":73,"ind_0_17":38.5,"ind_65p":30}},{"type":"Feature","geometry":{"type":"Polygon","coordinates":[[[2.323908805847168,51.02709048922654],[2.3241662979125977,51.02530900087859],[2.321333885192871,51.02512005112882],[2.321033477783203,51.02690154673837],[2.323908805847168,51.02709048922654]]]},"id":1331287091,"properties":{"GEO":"CRS3035RES200mN3129800E3783400","GEO_OBJECT":"C200M","OBS_STATUS":"A","lcog_geo":"59183","ind":31,"men":11,"men_pauv":1,"men_1ind":2,"men_5ind":1,"men_prop":10,"men_fmp":0,"ind_snv":745928.3,"men_surf":907,"men_coll":0,"men_mais":11,"log_soc":0,"ind_inc":0,"log":11,"ind_0_17":8,"ind_65p":4}},{"type":"Feature","geometry":{"type":"Polygon","coordinates":[[[2.3241662979125977,51.02530900087859],[2.3244667053222656,51.023527444063376],[2.321634292602539,51.02333848705186],[2.321333885192871,51.02512005112882],[2.3241662979125977,51.02530900087859]]]},"id":1331287039,"properties":{"GEO":"CRS3035RES200mN3129600E3783400","GEO_OBJECT":"C200M","OBS_STATUS":"A","lcog_geo":"59183","ind":135,"men":63,"men_pauv":12,"men_1ind":23,"men_5ind":2,"men_prop":43,"men_fmp":4,"ind_snv":2764329.7,"men_surf":5026,"men_coll":13,"men_mais":50,"log_soc":1,"ind_inc":0,"log":63,"ind_0_17":23,"ind_65p":31}},{"type":"Feature","geometry":{"type":"Polygon","coordinates":[[[2.321934700012207,51.02155685450663],[2.322235107421875,51.01977515349219],[2.3194026947021484,51.019586181186696],[2.3191022872924805,51.02136788946308],[2.321934700012207,51.02155685450663]]]},"id":1331286934,"properties":{"GEO":"CRS3035RES200mN3129200E3783200","GEO_OBJECT":"C200M","OBS_STATUS":"A","lcog_geo":"59183","ind":85,"men":32,"men_pauv":7,"men_1ind":7,"men_5ind":3,"men_prop":24,"men_fmp":3,"ind_snv":1729481.2,"men_surf":2718,"men_coll":5,"men_mais":27,"log_soc":1,"ind_inc":0,"log":32,"ind_0_17":23,"ind_65p":15}},{"type":"Feature","geometry":{"type":"Polygon","coordinates":[[[2.321634292602539,51.02333848705186],[2.321934700012207,51.02155685450663],[2.3191022872924805,51.02136788946308],[2.3188018798828125,51.02314952927014],[2.321634292602539,51.02333848705186]]]},"id":1331286988,"properties":{"GEO":"CRS3035RES200mN3129400E3783200","GEO_OBJECT":"C200M","OBS_STATUS":"A","lcog_geo":"59183","ind":101,"men":41,"men_pauv":0,"men_1ind":7,"men_5ind":2,"men_prop":35,"men_fmp":1,"ind_snv":2369678.8,"men_surf":3664,"men_coll":0,"men_mais":41,"log_soc":2,"ind_inc":0,"log":41,"ind_0_17":12,"ind_65p":21}},{"type":"Feature","geometry":{"type":"Polygon","coordinates":[[[2.3191022872924805,51.02136788946308],[2.3194026947021484,51.019586181186696],[2.316570281982422,51.01939720811097],[2.316269874572754,51.02117892364933],[2.3191022872924805,51.02136788946308]]]},"id":1331286933,"properties":{"GEO":"CRS3035RES200mN3129200E3783000","GEO_OBJECT":"C200M","OBS_STATUS":"A","lcog_geo":"59271,59183","ind":77.5,"men":27,"men_pauv":8,"men_1ind":4,"men_5ind":3,"men_prop":9,"men_fmp":3,"ind_snv":1407644.9,"men_surf":2504,"men_coll":0,"men_mais":27,"log_soc":18,"ind_inc":0,"log":27,"ind_0_17":17.5,"ind_65p":19}},{"type":"Feature","geometry":{"type":"Polygon","coordinates":[[[2.3188018798828125,51.02314952927014],[2.3191022872924805,51.02136788946308],[2.316269874572754,51.02117892364933],[2.315969467163086,51.022960570718254],[2.3188018798828125,51.02314952927014]]]},"id":1331286987,"properties":{"GEO":"CRS3035RES200mN3129400E3783000","GEO_OBJECT":"C200M","OBS_STATUS":"A","lcog_geo":"59271,59183","ind":109,"men":33,"men_pauv":10,"men_1ind":8,"men_5ind":11,"men_prop":3,"men_fmp":3,"ind_snv":1711940.3,"men_surf":2576,"men_coll":0,"men_mais":33,"log_soc":30,"ind_inc":0,"log":33,"ind_0_17":33,"ind_65p":17}},{"type":"Feature","geometry":{"type":"Polygon","coordinates":[[[2.321333885192871,51.02512005112882],[2.321634292602539,51.02333848705186],[2.3188018798828125,51.02314952927014],[2.3185014724731445,51.02493110060885],[2.321333885192871,51.02512005112882]]]},"id":1331287038,"properties":{"GEO":"CRS3035RES200mN3129600E3783200","GEO_OBJECT":"C200M","OBS_STATUS":"A","lcog_geo":"59183","ind":109,"men":47,"men_pauv":2,"men_1ind":11,"men_5ind":1,"men_prop":42,"men_fmp":1,"ind_snv":2812054.5,"men_surf":4491,"men_coll":0,"men_mais":47,"log_soc":0,"ind_inc":0,"log":47,"ind_0_17":17,"ind_65p":35}},{"type":"Feature","geometry":{"type":"Polygon","coordinates":[[[2.3236083984375,51.02887190910806],[2.323908805847168,51.02709048922654],[2.321033477783203,51.02690154673837],[2.3207759857177734,51.02868297388147],[2.3236083984375,51.02887190910806]]]},"id":1331287142,"properties":{"GEO":"CRS3035RES200mN3130000E3783400","GEO_OBJECT":"C200M","OBS_STATUS":"A","lcog_geo":"59183","ind":109.5,"men":54,"men_pauv":22,"men_1ind":21,"men_5ind":2,"men_prop":8,"men_fmp":15,"ind_snv":1678945.8,"men_surf":3465,"men_coll":46,"men_mais":8,"log_soc":46,"ind_inc":0,"log":54,"ind_0_17":28.5,"ind_65p":6}},{"type":"Feature","geometry":{"type":"Polygon","coordinates":[[[2.321033477783203,51.02690154673837],[2.321333885192871,51.02512005112882],[2.3185014724731445,51.02493110060885],[2.3182010650634766,51.026712603480064],[2.321033477783203,51.02690154673837]]]},"id":1331287090,"properties":{"GEO":"CRS3035RES200mN3129800E3783200","GEO_OBJECT":"C200M","OBS_STATUS":"A","lcog_geo":"59183","ind":117,"men":49,"men_pauv":5,"men_1ind":12,"men_5ind":4,"men_prop":38,"men_fmp":3,"ind_snv":2719439.9,"men_surf":4951,"men_coll":0,"men_mais":49,"log_soc":3,"ind_inc":0,"log":49,"ind_0_17":27,"ind_65p":33}},{"type":"Feature","geometry":{"type":"Polygon","coordinates":[[[2.3185014724731445,51.02493110060885],[2.3188018798828125,51.02314952927014],[2.315969467163086,51.022960570718254],[2.315669059753418,51.02474214931871],[2.3185014724731445,51.02493110060885]]]},"id":1331287037,"properties":{"GEO":"CRS3035RES200mN3129600E3783000","GEO_OBJECT":"C200M","OBS_STATUS":"A","lcog_geo":"59183,59271","ind":54,"men":23,"men_pauv":1,"men_1ind":7,"men_5ind":3,"men_prop":22,"men_fmp":0,"ind_snv":1237959.7,"men_surf":2009,"men_coll":0,"men_mais":23,"log_soc":1,"ind_inc":0,"log":23,"ind_0_17":12,"ind_65p":14}},{"type":"Feature","geometry":{"type":"Polygon","coordinates":[[[2.3182010650634766,51.026712603480064],[2.3185014724731445,51.02493110060885],[2.315669059753418,51.02474214931871],[2.31536865234375,51.026523659451584],[2.3182010650634766,51.026712603480064]]]},"id":1331287089,"properties":{"GEO":"CRS3035RES200mN3129800E3783000","GEO_OBJECT":"C200M","OBS_STATUS":"A","lcog_geo":"59183","ind":130,"men":53,"men_pauv":3,"men_1ind":12,"men_5ind":3,"men_prop":47,"men_fmp":5,"ind_snv":3063432.3,"men_surf":5029,"men_coll":0,"men_mais":53,"log_soc":3,"ind_inc":0,"log":53,"ind_0_17":26,"ind_65p":32}},{"type":"Feature","geometry":{"type":"Polygon","coordinates":[[[2.3194026947021484,51.019586181186696],[2.3197031021118164,51.017777407296165],[2.31687068939209,51.01758842684839],[2.316570281982422,51.01939720811097],[2.3194026947021484,51.019586181186696]]]},"id":1331286874,"properties":{"GEO":"CRS3035RES200mN3129000E3783000","GEO_OBJECT":"C200M","OBS_STATUS":"A","lcog_geo":"59271,59183","ind":490,"men":186,"men_pauv":106,"men_1ind":52,"men_5ind":30,"men_prop":2,"men_fmp":39,"ind_snv":6869690.7,"men_surf":13147,"men_coll":183,"men_mais":3,"log_soc":183,"ind_inc":2,"log":186,"ind_0_17":153,"ind_65p":58}},{"type":"Feature","geometry":{"type":"Polygon","coordinates":[[[2.315669059753418,51.02474214931871],[2.315969467163086,51.022960570718254],[2.3131370544433594,51.022771611396166],[2.3128366470336914,51.02455319725834],[2.315669059753418,51.02474214931871]]]},"id":1331287036,"properties":{"GEO":"CRS3035RES200mN3129600E3782800","GEO_OBJECT":"C200M","OBS_STATUS":"A","lcog_geo":"59183,59271","ind":111,"men":44,"men_pauv":8,"men_1ind":12,"men_5ind":9,"men_prop":27,"men_fmp":5,"ind_snv":2113464.5,"men_surf":3910,"men_coll":0,"men_mais":44,"log_soc":14,"ind_inc":0,"log":44,"ind_0_17":30,"ind_65p":18}},{"type":"Feature","geometry":{"type":"Polygon","coordinates":[[[2.3179006576538086,51.02852102878853],[2.3182010650634766,51.026712603480064],[2.31536865234375,51.026523659451584],[2.315068244934082,51.02833209213165],[2.3179006576538086,51.02852102878853]]]},"id":1331287140,"properties":{"GEO":"CRS3035RES200mN3130000E3783000","GEO_OBJECT":"C200M","OBS_STATUS":"A","lcog_geo":"59183","ind":133.5,"men":56,"men_pauv":4,"men_1ind":11,"men_5ind":5,"men_prop":52,"men_fmp":5,"ind_snv":2978493.2,"men_surf":5153,"men_coll":0,"men_mais":56,"log_soc":2,"ind_inc":0,"log":56,"ind_0_17":23,"ind_65p":42}},{"type":"Feature","geometry":{"type":"Polygon","coordinates":[[[2.31536865234375,51.026523659451584],[2.315669059753418,51.02474214931871],[2.3128366470336914,51.02455319725834],[2.3125362396240234,51.026334714652904],[2.31536865234375,51.026523659451584]]]},"id":1331287088,"properties":{"GEO":"CRS3035RES200mN3129800E3782800","GEO_OBJECT":"C200M","OBS_STATUS":"A","lcog_geo":"59183","ind":192.5,"men":87,"men_pauv":17,"men_1ind":26,"men_5ind":1,"men_prop":45,"men_fmp":8,"ind_snv":3942099.9,"men_surf":8170,"men_coll":0,"men_mais":87,"log_soc":34,"ind_inc":0,"log":87,"ind_0_17":27.5,"ind_65p":62}},{"type":"Feature","geometry":{"type":"Polygon","coordinates":[[[2.3128366470336914,51.02455319725834],[2.3131370544433594,51.022771611396166],[2.310304641723633,51.02258265130388],[2.310004234313965,51.02436424442786],[2.3128366470336914,51.02455319725834]]]},"id":1331287035,"properties":{"GEO":"CRS3035RES200mN3129600E3782600","GEO_OBJECT":"C200M","OBS_STATUS":"I","lcog_geo":"59271,59183","ind":19.5,"men":7,"men_pauv":1.5,"men_1ind":1,"men_5ind":0.8,"men_prop":1,"men_fmp":1.3,"ind_snv":354453.5,"men_surf":572.3,"men_coll":1.6,"men_mais":5.4,"log_soc":4.4,"ind_inc":0,"log":7,"ind_0_17":5.5,"ind_65p":2.5999999999999996}},{"type":"Feature","geometry":{"type":"Polygon","coordinates":[[[2.310004234313965,51.02436424442786],[2.310304641723633,51.02258265130388],[2.3074722290039062,51.02239369044139],[2.3071718215942383,51.02417529082717],[2.310004234313965,51.02436424442786]]]},"id":1331287034,"properties":{"GEO":"CRS3035RES200mN3129600E3782400","GEO_OBJECT":"C200M","OBS_STATUS":"A","lcog_geo":"59271,59183","ind":97.5,"men":31,"men_pauv":10,"men_1ind":4,"men_5ind":7,"men_prop":7,"men_fmp":5,"ind_snv":1586346.2,"men_surf":2669,"men_coll":0,"men_mais":31,"log_soc":24,"ind_inc":0,"log":31,"ind_0_17":32.5,"ind_65p":14}},{"type":"Feature","geometry":{"type":"Polygon","coordinates":[[[2.315068244934082,51.02833209213165],[2.31536865234375,51.026523659451584],[2.3125362396240234,51.026334714652904],[2.3122358322143555,51.028143154704594],[2.315068244934082,51.02833209213165]]]},"id":1331287139,"properties":{"GEO":"CRS3035RES200mN3130000E3782800","GEO_OBJECT":"C200M","OBS_STATUS":"A","lcog_geo":"59183","ind":173.5,"men":62,"men_pauv":7,"men_1ind":8,"men_5ind":9,"men_prop":54,"men_fmp":11,"ind_snv":3692646.9,"men_surf":5906,"men_coll":6,"men_mais":56,"log_soc":7,"ind_inc":0,"log":62,"ind_0_17":45.5,"ind_65p":18}},{"type":"Feature","geometry":{"type":"Polygon","coordinates":[[[2.3125362396240234,51.026334714652904],[2.3128366470336914,51.02455319725834],[2.310004234313965,51.02436424442786],[2.309703826904297,51.02614576908408],[2.3125362396240234,51.026334714652904]]]},"id":1331287087,"properties":{"GEO":"CRS3035RES200mN3129800E3782600","GEO_OBJECT":"C200M","OBS_STATUS":"A","lcog_geo":"59183","ind":155,"men":54,"men_pauv":5,"men_1ind":14,"men_5ind":10,"men_prop":40,"men_fmp":5,"ind_snv":3011686.3,"men_surf":4852,"men_coll":4,"men_mais":50,"log_soc":10,"ind_inc":0,"log":54,"ind_0_17":41,"ind_65p":16}},{"type":"Feature","geometry":{"type":"Polygon","coordinates":[[[2.3122358322143555,51.028143154704594],[2.3125362396240234,51.026334714652904],[2.309703826904297,51.02614576908408],[2.309403419494629,51.02795421650737],[2.3122358322143555,51.028143154704594]]]},"id":1331287138,"properties":{"GEO":"CRS3035RES200mN3130000E3782600","GEO_OBJECT":"C200M","OBS_STATUS":"A","lcog_geo":"59183","ind":164.5,"men":73,"men_pauv":18,"men_1ind":21,"men_5ind":5,"men_prop":45,"men_fmp":7,"ind_snv":3239412.3,"men_surf":6542,"men_coll":18,"men_mais":55,"log_soc":20,"ind_inc":0,"log":73,"ind_0_17":38.5,"ind_65p":33}},{"type":"Feature","geometry":{"type":"Polygon","coordinates":[[[2.309703826904297,51.02614576908408],[2.310004234313965,51.02436424442786],[2.3071718215942383,51.02417529082717],[2.3068714141845703,51.02595682274509],[2.309703826904297,51.02614576908408]]]},"id":1331287086,"properties":{"GEO":"CRS3035RES200mN3129800E3782400","GEO_OBJECT":"C200M","OBS_STATUS":"A","lcog_geo":"59183","ind":157.5,"men":66,"men_pauv":7,"men_1ind":26,"men_5ind":7,"men_prop":44,"men_fmp":6,"ind_snv":3383354,"men_surf":5067,"men_coll":9,"men_mais":57,"log_soc":5,"ind_inc":0,"log":66,"ind_0_17":44.5,"ind_65p":20}},{"type":"Feature","geometry":{"type":"Polygon","coordinates":[[[2.328972816467285,51.031058103570416],[2.329273223876953,51.02924977725081],[2.3264408111572266,51.02906084356454],[2.3261404037475586,51.030869177255596],[2.328972816467285,51.031058103570416]]]},"id":1331287200,"properties":{"GEO":"CRS3035RES200mN3130200E3783800","GEO_OBJECT":"C200M","OBS_STATUS":"A","lcog_geo":"59183","ind":55,"men":23,"men_pauv":1,"men_1ind":7,"men_5ind":2,"men_prop":22,"men_fmp":0,"ind_snv":1247271.5,"men_surf":1939,"men_coll":1,"men_mais":22,"log_soc":0,"ind_inc":0,"log":23,"ind_0_17":13,"ind_65p":7}},{"type":"Feature","geometry":{"type":"Polygon","coordinates":[[[2.3264408111572266,51.02906084356454],[2.3267412185668945,51.027279430944475],[2.323908805847168,51.02709048922654],[2.3236083984375,51.02887190910806],[2.3264408111572266,51.02906084356454]]]},"id":1331287143,"properties":{"GEO":"CRS3035RES200mN3130000E3783600","GEO_OBJECT":"C200M","OBS_STATUS":"A","lcog_geo":"59183","ind":191.5,"men":71,"men_pauv":25,"men_1ind":21,"men_5ind":10,"men_prop":32,"men_fmp":8,"ind_snv":3368885.8,"men_surf":4958,"men_coll":33,"men_mais":38,"log_soc":33,"ind_inc":0,"log":71,"ind_0_17":64,"ind_65p":29}},{"type":"Feature","geometry":{"type":"Polygon","coordinates":[[[2.3261404037475586,51.030869177255596],[2.3264408111572266,51.02906084356454],[2.3236083984375,51.02887190910806],[2.323307991027832,51.030680250170604],[2.3261404037475586,51.030869177255596]]]},"id":1331287199,"properties":{"GEO":"CRS3035RES200mN3130200E3783600","GEO_OBJECT":"C200M","OBS_STATUS":"A","lcog_geo":"59183","ind":138,"men":54,"men_pauv":3,"men_1ind":11,"men_5ind":4,"men_prop":52,"men_fmp":3,"ind_snv":3528691.4,"men_surf":4864,"men_coll":0,"men_mais":54,"log_soc":0,"ind_inc":0,"log":54,"ind_0_17":30,"ind_65p":28}},{"type":"Feature","geometry":{"type":"Polygon","coordinates":[[[2.328672409057617,51.032839370961966],[2.328972816467285,51.031058103570416],[2.3261404037475586,51.030869177255596],[2.3258399963378906,51.03265045190844],[2.328672409057617,51.032839370961966]]]},"id":1331287252,"properties":{"GEO":"CRS3035RES200mN3130400E3783800","GEO_OBJECT":"C200M","OBS_STATUS":"A","lcog_geo":"59183","ind":172.5,"men":64,"men_pauv":8,"men_1ind":12,"men_5ind":7,"men_prop":57,"men_fmp":6,"ind_snv":3694932,"men_surf":5510,"men_coll":0,"men_mais":64,"log_soc":0,"ind_inc":0,"log":64,"ind_0_17":42.5,"ind_65p":31}},{"type":"Feature","geometry":{"type":"Polygon","coordinates":[[[2.3258399963378906,51.03265045190844],[2.3261404037475586,51.030869177255596],[2.323307991027832,51.030680250170604],[2.323007583618164,51.03246153208477],[2.3258399963378906,51.03265045190844]]]},"id":1331287251,"properties":{"GEO":"CRS3035RES200mN3130400E3783600","GEO_OBJECT":"C200M","OBS_STATUS":"A","lcog_geo":"59183","ind":179,"men":69,"men_pauv":8,"men_1ind":18,"men_5ind":6,"men_prop":45,"men_fmp":3,"ind_snv":3845285,"men_surf":6098,"men_coll":0,"men_mais":69,"log_soc":22,"ind_inc":0,"log":69,"ind_0_17":42,"ind_65p":46}},{"type":"Feature","geometry":{"type":"Polygon","coordinates":[[[2.3255395889282227,51.03443165809776],[2.3258399963378906,51.03265045190844],[2.323007583618164,51.03246153208477],[2.322707176208496,51.03424274553535],[2.3255395889282227,51.03443165809776]]]},"id":1331287294,"properties":{"GEO":"CRS3035RES200mN3130600E3783600","GEO_OBJECT":"C200M","OBS_STATUS":"A","lcog_geo":"59183","ind":44,"men":18,"men_pauv":2,"men_1ind":3,"men_5ind":2,"men_prop":5,"men_fmp":1,"ind_snv":890467.8,"men_surf":1692,"men_coll":0,"men_mais":18,"log_soc":13,"ind_inc":0,"log":18,"ind_0_17":7,"ind_65p":15}},{"type":"Feature","geometry":{"type":"Polygon","coordinates":[[[2.323307991027832,51.030680250170604],[2.3236083984375,51.02887190910806],[2.3207759857177734,51.02868297388147],[2.3204755783081055,51.03049132231547],[2.323307991027832,51.030680250170604]]]},"id":1331287198,"properties":{"GEO":"CRS3035RES200mN3130200E3783400","GEO_OBJECT":"C200M","OBS_STATUS":"I","lcog_geo":"59183","ind":3.5,"men":1.3,"men_pauv":0.2,"men_1ind":0.1,"men_5ind":0.1,"men_prop":0.7,"men_fmp":0,"ind_snv":84660.7,"men_surf":118,"men_coll":0,"men_mais":1.3,"log_soc":0.5,"ind_inc":0,"log":1.3,"ind_0_17":0.5,"ind_65p":0.5}},{"type":"Feature","geometry":{"type":"Polygon","coordinates":[[[2.3207759857177734,51.02868297388147],[2.321033477783203,51.02690154673837],[2.3182010650634766,51.026712603480064],[2.3179006576538086,51.02852102878853],[2.3207759857177734,51.02868297388147]]]},"id":1331287141,"properties":{"GEO":"CRS3035RES200mN3130000E3783200","GEO_OBJECT":"C200M","OBS_STATUS":"A","lcog_geo":"59183","ind":85,"men":33,"men_pauv":3,"men_1ind":6,"men_5ind":3,"men_prop":28,"men_fmp":5,"ind_snv":1823175,"men_surf":3113,"men_coll":0,"men_mais":33,"log_soc":1,"ind_inc":0,"log":33,"ind_0_17":21,"ind_65p":14}},{"type":"Feature","geometry":{"type":"Polygon","coordinates":[[[2.323007583618164,51.03246153208477],[2.323307991027832,51.030680250170604],[2.3204755783081055,51.03049132231547],[2.3201751708984375,51.03227261149101],[2.323007583618164,51.03246153208477]]]},"id":1331287250,"properties":{"GEO":"CRS3035RES200mN3130400E3783400","GEO_OBJECT":"C200M","OBS_STATUS":"I","lcog_geo":"59183","ind":19,"men":6.9,"men_pauv":1.2,"men_1ind":0.6,"men_5ind":0.6,"men_prop":3.7,"men_fmp":0,"ind_snv":459586.4,"men_surf":640.4,"men_coll":0,"men_mais":6.9,"log_soc":2.5,"ind_inc":0,"log":6.8999999999999995,"ind_0_17":2.8000000000000003,"ind_65p":2.5}},{"type":"Feature","geometry":{"type":"Polygon","coordinates":[[[2.328372001647949,51.03462056989002],[2.328672409057617,51.032839370961966],[2.3258399963378906,51.03265045190844],[2.3255395889282227,51.03443165809776],[2.328372001647949,51.03462056989002]]]},"id":1331287295,"properties":{"GEO":"CRS3035RES200mN3130600E3783800","GEO_OBJECT":"C200M","OBS_STATUS":"A","lcog_geo":"59183","ind":269.5,"men":132,"men_pauv":53,"men_1ind":61,"men_5ind":11,"men_prop":12,"men_fmp":25,"ind_snv":4322588.1,"men_surf":8624,"men_coll":82,"men_mais":50,"log_soc":119,"ind_inc":0,"log":132,"ind_0_17":66.5,"ind_65p":34}},{"type":"Feature","geometry":{"type":"Polygon","coordinates":[[[2.3204755783081055,51.03049132231547],[2.3207759857177734,51.02868297388147],[2.3179006576538086,51.02852102878853],[2.3176002502441406,51.03030239369019],[2.3204755783081055,51.03049132231547]]]},"id":1331287197,"properties":{"GEO":"CRS3035RES200mN3130200E3783200","GEO_OBJECT":"C200M","OBS_STATUS":"I","lcog_geo":"59183","ind":8,"men":2.9,"men_pauv":0.5,"men_1ind":0.3,"men_5ind":0.3,"men_prop":1.6,"men_fmp":0,"ind_snv":193510.1,"men_surf":269.6,"men_coll":0,"men_mais":2.9,"log_soc":1,"ind_inc":0,"log":2.9,"ind_0_17":1.2,"ind_65p":1}},{"type":"Feature","geometry":{"type":"Polygon","coordinates":[[[2.317342758178711,51.03208369012708],[2.3176002502441406,51.03030239369019],[2.314767837524414,51.030113464294715],[2.314467430114746,51.03189476799301],[2.317342758178711,51.03208369012708]]]},"id":1331287249,"properties":{"GEO":"CRS3035RES200mN3130400E3783000","GEO_OBJECT":"C200M","OBS_STATUS":"A","lcog_geo":"59183","ind":45,"men":20,"men_pauv":1,"men_1ind":5,"men_5ind":0,"men_prop":17,"men_fmp":0,"ind_snv":1014694.3,"men_surf":2037,"men_coll":0,"men_mais":20,"log_soc":0,"ind_inc":0,"log":20,"ind_0_17":5,"ind_65p":11}},{"type":"Feature","geometry":{"type":"Polygon","coordinates":[[[2.3176002502441406,51.03030239369019],[2.3179006576538086,51.02852102878853],[2.315068244934082,51.02833209213165],[2.314767837524414,51.030113464294715],[2.3176002502441406,51.03030239369019]]]},"id":1331287196,"properties":{"GEO":"CRS3035RES200mN3130200E3783000","GEO_OBJECT":"C200M","OBS_STATUS":"A","lcog_geo":"59183","ind":250,"men":110,"men_pauv":37,"men_1ind":47,"men_5ind":10,"men_prop":28,"men_fmp":16,"ind_snv":4218132.7,"men_surf":7865,"men_coll":41,"men_mais":69,"log_soc":80,"ind_inc":0,"log":110,"ind_0_17":65,"ind_65p":40}},{"type":"Feature","geometry":{"type":"Polygon","coordinates":[[[2.314767837524414,51.030113464294715],[2.315068244934082,51.02833209213165],[2.3122358322143555,51.028143154704594],[2.3119354248046875,51.02992453412915],[2.314767837524414,51.030113464294715]]]},"id":1331287195,"properties":{"GEO":"CRS3035RES200mN3130200E3782800","GEO_OBJECT":"C200M","OBS_STATUS":"A","lcog_geo":"59183","ind":209.5,"men":91,"men_pauv":26,"men_1ind":28,"men_5ind":6,"men_prop":50,"men_fmp":12,"ind_snv":4018250.8,"men_surf":7474,"men_coll":15,"men_mais":76,"log_soc":34,"ind_inc":0,"log":91,"ind_0_17":53.5,"ind_65p":40}},{"type":"Feature","geometry":{"type":"Polygon","coordinates":[[[2.314467430114746,51.03189476799301],[2.314767837524414,51.030113464294715],[2.3119354248046875,51.02992453412915],[2.3116350173950195,51.031705845088794],[2.314467430114746,51.03189476799301]]]},"id":1331287248,"properties":{"GEO":"CRS3035RES200mN3130400E3782800","GEO_OBJECT":"C200M","OBS_STATUS":"A","lcog_geo":"59183","ind":97.5,"men":38,"men_pauv":5,"men_1ind":9,"men_5ind":5,"men_prop":27,"men_fmp":1,"ind_snv":1980567.6,"men_surf":3540,"men_coll":0,"men_mais":38,"log_soc":7,"ind_inc":0,"log":38,"ind_0_17":19.5,"ind_65p":29}},{"type":"Feature","geometry":{"type":"Polygon","coordinates":[[[2.314167022705078,51.03367600322733],[2.314467430114746,51.03189476799301],[2.3116350173950195,51.031705845088794],[2.3113346099853516,51.03348708758443],[2.314167022705078,51.03367600322733]]]},"id":1331287293,"properties":{"GEO":"CRS3035RES200mN3130600E3782800","GEO_OBJECT":"C200M","OBS_STATUS":"I","lcog_geo":"59183","ind":29,"men":10.7,"men_pauv":0.6,"men_1ind":1.2,"men_5ind":0.6,"men_prop":8.3,"men_fmp":1.8,"ind_snv":640390.6,"men_surf":1042.2,"men_coll":0,"men_mais":10.7,"log_soc":2.4,"ind_inc":0,"log":10.7,"ind_0_17":5.9,"ind_65p":4.8}},{"type":"Feature","geometry":{"type":"Polygon","coordinates":[[[2.3119354248046875,51.02992453412915],[2.3122358322143555,51.028143154704594],[2.309403419494629,51.02795421650737],[2.309103012084961,51.02973560319339],[2.3119354248046875,51.02992453412915]]]},"id":1331287194,"properties":{"GEO":"CRS3035RES200mN3130200E3782600","GEO_OBJECT":"C200M","OBS_STATUS":"A","lcog_geo":"59183","ind":106.5,"men":44,"men_pauv":3,"men_1ind":11,"men_5ind":5,"men_prop":41,"men_fmp":4,"ind_snv":2238624.3,"men_surf":4038,"men_coll":0,"men_mais":44,"log_soc":0,"ind_inc":0,"log":44,"ind_0_17":24.5,"ind_65p":24}},{"type":"Feature","geometry":{"type":"Polygon","coordinates":[[[2.309103012084961,51.02973560319339],[2.309403419494629,51.02795421650737],[2.3065710067749023,51.02776527753997],[2.3062705993652344,51.02954667148754],[2.309103012084961,51.02973560319339]]]},"id":1331287193,"properties":{"GEO":"CRS3035RES200mN3130200E3782400","GEO_OBJECT":"C200M","OBS_STATUS":"A","lcog_geo":"59183","ind":134,"men":55,"men_pauv":6,"men_1ind":16,"men_5ind":3,"men_prop":47,"men_fmp":3,"ind_snv":3395130.1,"men_surf":5168,"men_coll":2,"men_mais":53,"log_soc":0,"ind_inc":0,"log":55,"ind_0_17":29,"ind_65p":16}},{"type":"Feature","geometry":{"type":"Polygon","coordinates":[[[2.3116350173950195,51.031705845088794],[2.3119354248046875,51.02992453412915],[2.309103012084961,51.02973560319339],[2.308802604675293,51.031516921414436],[2.3116350173950195,51.031705845088794]]]},"id":1331287247,"properties":{"GEO":"CRS3035RES200mN3130400E3782600","GEO_OBJECT":"C200M","OBS_STATUS":"A","lcog_geo":"59183","ind":54.5,"men":21,"men_pauv":0,"men_1ind":5,"men_5ind":2,"men_prop":21,"men_fmp":0,"ind_snv":1249089.6,"men_surf":2103,"men_coll":0,"men_mais":21,"log_soc":0,"ind_inc":0,"log":21,"ind_0_17":10.5,"ind_65p":14}},{"type":"Feature","geometry":{"type":"Polygon","coordinates":[[[2.3113346099853516,51.03348708758443],[2.3116350173950195,51.031705845088794],[2.308802604675293,51.031516921414436],[2.308502197265625,51.03329817117137],[2.3113346099853516,51.03348708758443]]]},"id":1331287292,"properties":{"GEO":"CRS3035RES200mN3130600E3782600","GEO_OBJECT":"C200M","OBS_STATUS":"A","lcog_geo":"59183","ind":79,"men":38,"men_pauv":5,"men_1ind":17,"men_5ind":2,"men_prop":34,"men_fmp":1,"ind_snv":1710447.2,"men_surf":3404,"men_coll":0,"men_mais":38,"log_soc":3,"ind_inc":0,"log":38,"ind_0_17":14,"ind_65p":24}},{"type":"Feature","geometry":{"type":"Polygon","coordinates":[[[2.308802604675293,51.031516921414436],[2.309103012084961,51.02973560319339],[2.3062705993652344,51.02954667148754],[2.3059701919555664,51.031327996969964],[2.308802604675293,51.031516921414436]]]},"id":1331287246,"properties":{"GEO":"CRS3035RES200mN3130400E3782400","GEO_OBJECT":"C200M","OBS_STATUS":"A","lcog_geo":"59183","ind":105.5,"men":41,"men_pauv":5,"men_1ind":7,"men_5ind":2,"men_prop":34,"men_fmp":2,"ind_snv":2473802.3,"men_surf":3974,"men_coll":2,"men_mais":39,"log_soc":0,"ind_inc":0,"log":41,"ind_0_17":22.5,"ind_65p":23}},{"type":"Feature","geometry":{"type":"Polygon","coordinates":[[[2.308502197265625,51.03329817117137],[2.308802604675293,51.031516921414436],[2.3059701919555664,51.031327996969964],[2.3056697845458984,51.03310925398819],[2.308502197265625,51.03329817117137]]]},"id":1331287291,"properties":{"GEO":"CRS3035RES200mN3130600E3782400","GEO_OBJECT":"C200M","OBS_STATUS":"A","lcog_geo":"59183","ind":101,"men":52,"men_pauv":5,"men_1ind":17,"men_5ind":0,"men_prop":49,"men_fmp":3,"ind_snv":2395465.8,"men_surf":4947,"men_coll":0,"men_mais":52,"log_soc":1,"ind_inc":0,"log":52,"ind_0_17":11,"ind_65p":41}},{"type":"Feature","geometry":{"type":"Polygon","coordinates":[[[2.309403419494629,51.02795421650737],[2.309703826904297,51.02614576908408],[2.3068714141845703,51.02595682274509],[2.3065710067749023,51.02776527753997],[2.309403419494629,51.02795421650737]]]},"id":1331287137,"properties":{"GEO":"CRS3035RES200mN3130000E3782400","GEO_OBJECT":"C200M","OBS_STATUS":"A","lcog_geo":"59183","ind":125,"men":54,"men_pauv":10,"men_1ind":18,"men_5ind":3,"men_prop":45,"men_fmp":5,"ind_snv":2714369.6,"men_surf":5296,"men_coll":3,"men_mais":51,"log_soc":2,"ind_inc":0,"log":54,"ind_0_17":18,"ind_65p":34}},{"type":"Feature","geometry":{"type":"Polygon","coordinates":[[[2.3068714141845703,51.02595682274509],[2.3071718215942383,51.02417529082717],[2.3043394088745117,51.02398633645629],[2.3040390014648438,51.02576787563589],[2.3068714141845703,51.02595682274509]]]},"id":1331287085,"properties":{"GEO":"CRS3035RES200mN3129800E3782200","GEO_OBJECT":"C200M","OBS_STATUS":"A","lcog_geo":"59183,59271","ind":71,"men":27,"men_pauv":3,"men_1ind":6,"men_5ind":3,"men_prop":24,"men_fmp":2,"ind_snv":1480238.4,"men_surf":2759,"men_coll":0,"men_mais":27,"log_soc":0,"ind_inc":0,"log":27,"ind_0_17":21,"ind_65p":10}},{"type":"Feature","geometry":{"type":"Polygon","coordinates":[[[2.3065710067749023,51.02776527753997],[2.3068714141845703,51.02595682274509],[2.3040390014648438,51.02576787563589],[2.303738594055176,51.0275763378024],[2.3065710067749023,51.02776527753997]]]},"id":1331287136,"properties":{"GEO":"CRS3035RES200mN3130000E3782200","GEO_OBJECT":"C200M","OBS_STATUS":"A","lcog_geo":"59183","ind":166.5,"men":78,"men_pauv":19,"men_1ind":32,"men_5ind":6,"men_prop":28,"men_fmp":10,"ind_snv":3182807.2,"men_surf":5824,"men_coll":40,"men_mais":38,"log_soc":34,"ind_inc":0,"log":78,"ind_0_17":37.5,"ind_65p":39}},{"type":"Feature","geometry":{"type":"Polygon","coordinates":[[[2.3040390014648438,51.02576787563589],[2.3043394088745117,51.02398633645629],[2.301506996154785,51.023797381315234],[2.301206588745117,51.025578927756555],[2.3040390014648438,51.02576787563589]]]},"id":1331287084,"properties":{"GEO":"CRS3035RES200mN3129800E3782000","GEO_OBJECT":"C200M","OBS_STATUS":"A","lcog_geo":"59271,59183","ind":52,"men":22,"men_pauv":6,"men_1ind":9,"men_5ind":3,"men_prop":8,"men_fmp":2,"ind_snv":1038290.2,"men_surf":1796,"men_coll":0,"men_mais":22,"log_soc":11,"ind_inc":0,"log":22,"ind_0_17":14,"ind_65p":13}},{"type":"Feature","geometry":{"type":"Polygon","coordinates":[[[2.303738594055176,51.0275763378024],[2.3040390014648438,51.02576787563589],[2.301206588745117,51.025578927756555],[2.300906181335449,51.02738739729469],[2.303738594055176,51.0275763378024]]]},"id":1331287135,"properties":{"GEO":"CRS3035RES200mN3130000E3782000","GEO_OBJECT":"C200M","OBS_STATUS":"A","lcog_geo":"59183,59271","ind":81.5,"men":34,"men_pauv":7,"men_1ind":11,"men_5ind":3,"men_prop":19,"men_fmp":4,"ind_snv":1531412.4,"men_surf":3195,"men_coll":13,"men_mais":21,"log_soc":14,"ind_inc":0,"log":34,"ind_0_17":22.5,"ind_65p":13}},{"type":"Feature","geometry":{"type":"Polygon","coordinates":[[[2.300906181335449,51.02738739729469],[2.301206588745117,51.025578927756555],[2.2983741760253906,51.02538997910702],[2.2980737686157227,51.027198456016805],[2.300906181335449,51.02738739729469]]]},"id":1331287134,"properties":{"GEO":"CRS3035RES200mN3130000E3781800","GEO_OBJECT":"C200M","OBS_STATUS":"A","lcog_geo":"59271,59183","ind":69.5,"men":31,"men_pauv":2,"men_1ind":11,"men_5ind":1,"men_prop":29,"men_fmp":1,"ind_snv":1580830,"men_surf":3132,"men_coll":0,"men_mais":31,"log_soc":0,"ind_inc":0,"log":31,"ind_0_17":11,"ind_65p":11}},{"type":"Feature","geometry":{"type":"Polygon","coordinates":[[[2.2980737686157227,51.027198456016805],[2.2983741760253906,51.02538997910702],[2.295498847961426,51.02520102968731],[2.295198440551758,51.02700951396878],[2.2980737686157227,51.027198456016805]]]},"id":1331287133,"properties":{"GEO":"CRS3035RES200mN3130000E3781600","GEO_OBJECT":"C200M","OBS_STATUS":"A","lcog_geo":"59271,59183","ind":36,"men":18,"men_pauv":2,"men_1ind":9,"men_5ind":1,"men_prop":15,"men_fmp":0,"ind_snv":823668.4,"men_surf":1506,"men_coll":1,"men_mais":17,"log_soc":0,"ind_inc":0,"log":18,"ind_0_17":5,"ind_65p":6}},{"type":"Feature","geometry":{"type":"Polygon","coordinates":[[[2.2977733612060547,51.0289798717489],[2.2980737686157227,51.027198456016805],[2.295198440551758,51.02700951396878],[2.29489803314209,51.028790936962395],[2.2977733612060547,51.0289798717489]]]},"id":1331287189,"properties":{"GEO":"CRS3035RES200mN3130200E3781600","GEO_OBJECT":"C200M","OBS_STATUS":"A","lcog_geo":"59271,59183","ind":38,"men":15,"men_pauv":3,"men_1ind":3,"men_5ind":1,"men_prop":13,"men_fmp":2,"ind_snv":704345.1,"men_surf":1196,"men_coll":0,"men_mais":15,"log_soc":0,"ind_inc":0,"log":15,"ind_0_17":9,"ind_65p":7}},{"type":"Feature","geometry":{"type":"Polygon","coordinates":[[[2.3062705993652344,51.02954667148754],[2.3065710067749023,51.02776527753997],[2.303738594055176,51.0275763378024],[2.303438186645508,51.02935773901149],[2.3062705993652344,51.02954667148754]]]},"id":1331287192,"properties":{"GEO":"CRS3035RES200mN3130200E3782200","GEO_OBJECT":"C200M","OBS_STATUS":"A","lcog_geo":"59183","ind":182,"men":79,"men_pauv":16,"men_1ind":27,"men_5ind":5,"men_prop":40,"men_fmp":12,"ind_snv":3556963.1,"men_surf":6541,"men_coll":34,"men_mais":45,"log_soc":29,"ind_inc":0,"log":79,"ind_0_17":50,"ind_65p":24}},{"type":"Feature","geometry":{"type":"Polygon","coordinates":[[[2.303438186645508,51.02935773901149],[2.303738594055176,51.0275763378024],[2.300906181335449,51.02738739729469],[2.3006057739257812,51.029168805765295],[2.303438186645508,51.02935773901149]]]},"id":1331287191,"properties":{"GEO":"CRS3035RES200mN3130200E3782000","GEO_OBJECT":"C200M","OBS_STATUS":"A","lcog_geo":"59183","ind":115.5,"men":47,"men_pauv":0,"men_1ind":14,"men_5ind":4,"men_prop":45,"men_fmp":2,"ind_snv":2861104.7,"men_surf":4587,"men_coll":0,"men_mais":47,"log_soc":0,"ind_inc":0,"log":47,"ind_0_17":29.5,"ind_65p":14}},{"type":"Feature","geometry":{"type":"Polygon","coordinates":[[[2.3059701919555664,51.031327996969964],[2.3062705993652344,51.02954667148754],[2.303438186645508,51.02935773901149],[2.30313777923584,51.03113907175532],[2.3059701919555664,51.031327996969964]]]},"id":1331287245,"properties":{"GEO":"CRS3035RES200mN3130400E3782200","GEO_OBJECT":"C200M","OBS_STATUS":"A","lcog_geo":"59183","ind":176,"men":73,"men_pauv":12,"men_1ind":17,"men_5ind":5,"men_prop":49,"men_fmp":4,"ind_snv":3695693.9,"men_surf":6623,"men_coll":12,"men_mais":61,"log_soc":19,"ind_inc":0,"log":73,"ind_0_17":35,"ind_65p":33}},{"type":"Feature","geometry":{"type":"Polygon","coordinates":[[[2.3056697845458984,51.03310925398819],[2.3059701919555664,51.031327996969964],[2.30313777923584,51.03113907175532],[2.302837371826172,51.032920336034834],[2.3056697845458984,51.03310925398819]]]},"id":1331287290,"properties":{"GEO":"CRS3035RES200mN3130600E3782200","GEO_OBJECT":"C200M","OBS_STATUS":"A","lcog_geo":"59183","ind":117.5,"men":55,"men_pauv":11,"men_1ind":18,"men_5ind":2,"men_prop":38,"men_fmp":10,"ind_snv":2513912.9,"men_surf":4808,"men_coll":10,"men_mais":45,"log_soc":12,"ind_inc":0,"log":55,"ind_0_17":20.5,"ind_65p":22}},{"type":"Feature","geometry":{"type":"Polygon","coordinates":[[[2.30313777923584,51.03113907175532],[2.303438186645508,51.02935773901149],[2.3006057739257812,51.029168805765295],[2.3003053665161133,51.03095014577053],[2.30313777923584,51.03113907175532]]]},"id":1331287244,"properties":{"GEO":"CRS3035RES200mN3130400E3782000","GEO_OBJECT":"C200M","OBS_STATUS":"A","lcog_geo":"59183","ind":159.5,"men":62,"men_pauv":7,"men_1ind":14,"men_5ind":6,"men_prop":45,"men_fmp":4,"ind_snv":3431955.3,"men_surf":5371,"men_coll":0,"men_mais":62,"log_soc":15,"ind_inc":0,"log":62,"ind_0_17":30.5,"ind_65p":36}},{"type":"Feature","geometry":{"type":"Polygon","coordinates":[[[2.302837371826172,51.032920336034834],[2.30313777923584,51.03113907175532],[2.3003053665161133,51.03095014577053],[2.3000049591064453,51.032731417311396],[2.302837371826172,51.032920336034834]]]},"id":1331287289,"properties":{"GEO":"CRS3035RES200mN3130600E3782000","GEO_OBJECT":"C200M","OBS_STATUS":"A","lcog_geo":"59183","ind":130,"men":52,"men_pauv":6,"men_1ind":11,"men_5ind":6,"men_prop":46,"men_fmp":5,"ind_snv":2853383.8,"men_surf":5148,"men_coll":0,"men_mais":52,"log_soc":0,"ind_inc":0,"log":52,"ind_0_17":29,"ind_65p":22}},{"type":"Feature","geometry":{"type":"Polygon","coordinates":[[[2.3006057739257812,51.029168805765295],[2.300906181335449,51.02738739729469],[2.2980737686157227,51.027198456016805],[2.2977733612060547,51.0289798717489],[2.3006057739257812,51.029168805765295]]]},"id":1331287190,"properties":{"GEO":"CRS3035RES200mN3130200E3781800","GEO_OBJECT":"C200M","OBS_STATUS":"A","lcog_geo":"59183","ind":150.5,"men":71,"men_pauv":13,"men_1ind":23,"men_5ind":4,"men_prop":45,"men_fmp":3,"ind_snv":3068930.2,"men_surf":5887,"men_coll":0,"men_mais":71,"log_soc":21,"ind_inc":0,"log":71,"ind_0_17":24.5,"ind_65p":57}},{"type":"Feature","geometry":{"type":"Polygon","coordinates":[[[2.3003053665161133,51.03095014577053],[2.3006057739257812,51.029168805765295],[2.2977733612060547,51.0289798717489],[2.2974729537963867,51.0307612190156],[2.3003053665161133,51.03095014577053]]]},"id":1331287243,"properties":{"GEO":"CRS3035RES200mN3130400E3781800","GEO_OBJECT":"C200M","OBS_STATUS":"A","lcog_geo":"59183","ind":187,"men":70,"men_pauv":7,"men_1ind":13,"men_5ind":4,"men_prop":49,"men_fmp":6,"ind_snv":3819350.2,"men_surf":6149,"men_coll":1,"men_mais":69,"log_soc":15,"ind_inc":0,"log":70,"ind_0_17":47.5,"ind_65p":29}},{"type":"Feature","geometry":{"type":"Polygon","coordinates":[[[2.3000049591064453,51.032731417311396],[2.3003053665161133,51.03095014577053],[2.2974729537963867,51.0307612190156],[2.2971725463867188,51.032542497817815],[2.3000049591064453,51.032731417311396]]]},"id":1331287288,"properties":{"GEO":"CRS3035RES200mN3130600E3781800","GEO_OBJECT":"C200M","OBS_STATUS":"A","lcog_geo":"59183","ind":105.5,"men":46,"men_pauv":2,"men_1ind":10,"men_5ind":2,"men_prop":41,"men_fmp":4,"ind_snv":2448379.9,"men_surf":4368,"men_coll":1,"men_mais":45,"log_soc":2,"ind_inc":0,"log":46,"ind_0_17":19.5,"ind_65p":25}},{"type":"Feature","geometry":{"type":"Polygon","coordinates":[[[2.2971725463867188,51.032542497817815],[2.2974729537963867,51.0307612190156],[2.29464054107666,51.03057229149053],[2.294340133666992,51.03235357755406],[2.2971725463867188,51.032542497817815]]]},"id":1331287287,"properties":{"GEO":"CRS3035RES200mN3130600E3781600","GEO_OBJECT":"C200M","OBS_STATUS":"I","lcog_geo":"59271,59183","ind":39,"men":16,"men_pauv":2.7,"men_1ind":3.5,"men_5ind":0.9,"men_prop":14.2,"men_fmp":1.8,"ind_snv":781436.1,"men_surf":1450.1,"men_coll":0,"men_mais":16,"log_soc":0,"ind_inc":0,"log":16,"ind_0_17":8,"ind_65p":8}},{"type":"Feature","geometry":{"type":"Polygon","coordinates":[[[2.3053693771362305,51.03489044254309],[2.3056697845458984,51.03310925398819],[2.302837371826172,51.032920336034834],[2.302536964416504,51.034701531851],[2.3053693771362305,51.03489044254309]]]},"id":1331287338,"properties":{"GEO":"CRS3035RES200mN3130800E3782200","GEO_OBJECT":"C200M","OBS_STATUS":"I","lcog_geo":"59183","ind":20,"men":7.3,"men_pauv":0.4,"men_1ind":0.8,"men_5ind":0.4,"men_prop":5.7,"men_fmp":1.2,"ind_snv":441648.7,"men_surf":718.8,"men_coll":0,"men_mais":7.3,"log_soc":1.6,"ind_inc":0,"log":7.300000000000001,"ind_0_17":4.1,"ind_65p":3.3}},{"type":"Feature","geometry":{"type":"Polygon","coordinates":[[[2.302536964416504,51.034701531851],[2.302837371826172,51.032920336034834],[2.3000049591064453,51.032731417311396],[2.2997045516967773,51.03451262038874],[2.302536964416504,51.034701531851]]]},"id":1331287337,"properties":{"GEO":"CRS3035RES200mN3130800E3782000","GEO_OBJECT":"C200M","OBS_STATUS":"A","lcog_geo":"59183","ind":49,"men":17,"men_pauv":4,"men_1ind":3,"men_5ind":3,"men_prop":8,"men_fmp":2,"ind_snv":957015.1,"men_surf":1438,"men_coll":0,"men_mais":17,"log_soc":6,"ind_inc":0,"log":17,"ind_0_17":15,"ind_65p":7}},{"type":"Feature","geometry":{"type":"Polygon","coordinates":[[[2.2997045516967773,51.03451262038874],[2.3000049591064453,51.032731417311396],[2.2971725463867188,51.032542497817815],[2.296872138977051,51.03432370815639],[2.2997045516967773,51.03451262038874]]]},"id":1331287336,"properties":{"GEO":"CRS3035RES200mN3130800E3781800","GEO_OBJECT":"C200M","OBS_STATUS":"I","lcog_geo":"59183","ind":5,"men":2,"men_pauv":0.3,"men_1ind":0.5,"men_5ind":0.1,"men_prop":1.8,"men_fmp":0.2,"ind_snv":100184.1,"men_surf":185.9,"men_coll":0,"men_mais":2,"log_soc":0,"ind_inc":0,"log":2,"ind_0_17":1,"ind_65p":1}},{"type":"Feature","geometry":{"type":"Polygon","coordinates":[[[2.2974729537963867,51.0307612190156],[2.2977733612060547,51.0289798717489],[2.29489803314209,51.028790936962395],[2.29464054107666,51.03057229149053],[2.2974729537963867,51.0307612190156]]]},"id":1331287242,"properties":{"GEO":"CRS3035RES200mN3130400E3781600","GEO_OBJECT":"C200M","OBS_STATUS":"A","lcog_geo":"59271,59183","ind":46.5,"men":17,"men_pauv":3,"men_1ind":3,"men_5ind":2,"men_prop":16,"men_fmp":3,"ind_snv":1255293.9,"men_surf":1563,"men_coll":0,"men_mais":17,"log_soc":1,"ind_inc":0,"log":17,"ind_0_17":11.5,"ind_65p":8}}]}