{
  "type": "FeatureCollection",
  "generator": "overpass-turbo",
  "copyright": "The data included in this document is from www.openstreetmap.org. The data is made available under ODbL.",
  "timestamp": "2026-05-06T13:07:30Z",
  "features": [
    {
      "type": "Feature",
      "properties": {
        "@id": "relation/19918903",
        "landuse": "industrial",
        "type": "multipolygon"
      },
      "geometry": {
        "type": "Polygon",
        "coordinates": [
          [
            [
              2.3200571,
              50.9996604
            ],
            [
              2.3203495,
              50.9997347
            ],
            [
              2.3204568,
              50.9997566
            ],
            [
              2.3207009,
              50.999787
            ],
            [
              2.3211971,
              50.9998208
            ],
            [
              2.3216074,
              50.9998444
            ],
            [
              2.3220527,
              50.99989
            ],
            [
              2.3223826,
              50.9999052
            ],
            [
              2.3228681,
              50.999949
            ],
            [
              2.3231417,
              50.9999811
            ],
            [
              2.3234394,
              51.0000233
            ],
            [
              2.3235172,
              51.0000318
            ],
            [
              2.323603,
              51.0000436
            ],
            [
              2.3237559,
              51.0000655
            ],
            [
              2.3239141,
              51.0000756
            ],
            [
              2.3240563,
              51.0000706
            ],
            [
              2.3241448,
              51.0000571
            ],
            [
              2.3242843,
              51.0000605
            ],
            [
              2.3243916,
              51.000079
            ],
            [
              2.3245123,
              51.000101
            ],
            [
              2.3246491,
              51.0001263
            ],
            [
              2.3246705,
              51.0001398
            ],
            [
              2.3247295,
              51.0001415
            ],
            [
              2.3247939,
              51.0001415
            ],
            [
              2.3249092,
              51.0001482
            ],
            [
              2.3250568,
              51.0001651
            ],
            [
              2.3251238,
              51.0001887
            ],
            [
              2.3251694,
              51.0002056
            ],
            [
              2.3252257,
              51.0002124
            ],
            [
              2.3252982,
              51.000209
            ],
            [
              2.3253867,
              51.0001955
            ],
            [
              2.3255422,
              51.0002225
            ],
            [
              2.3255583,
              51.000236
            ],
            [
              2.3255852,
              51.0002326
            ],
            [
              2.3256066,
              51.0002242
            ],
            [
              2.3257488,
              51.0002411
            ],
            [
              2.3262208,
              51.0002934
            ],
            [
              2.3263922,
              51.0003112
            ],
            [
              2.3264059,
              51.0002681
            ],
            [
              2.3265266,
              51.0002799
            ],
            [
              2.3265132,
              51.0003255
            ],
            [
              2.3269129,
              51.0003727
            ],
            [
              2.3274037,
              51.0004251
            ],
            [
              2.3274171,
              51.0003795
            ],
            [
              2.3275673,
              51.0003964
            ],
            [
              2.3275593,
              51.0004436
            ],
            [
              2.3279991,
              51.0004909
            ],
            [
              2.3282191,
              51.0005145
            ],
            [
              2.3284042,
              51.0005297
            ],
            [
              2.3287637,
              51.0005738
            ],
            [
              2.3291956,
              51.0006127
            ],
            [
              2.3292973,
              51.0006259
            ],
            [
              2.3294905,
              51.0006631
            ],
            [
              2.3295387,
              51.0006631
            ],
            [
              2.3296031,
              51.0006749
            ],
            [
              2.3296246,
              51.000685
            ],
            [
              2.3296648,
              51.0007053
            ],
            [
              2.329705,
              51.0007221
            ],
            [
              2.3297238,
              51.0007339
            ],
            [
              2.329756,
              51.0007407
            ],
            [
              2.3297879,
              51.0007366
            ],
            [
              2.3297935,
              51.0007204
            ],
            [
              2.3298442,
              51.0007214
            ],
            [
              2.3298445,
              51.0007053
            ],
            [
              2.330279,
              51.0007441
            ],
            [
              2.3311239,
              51.0008065
            ],
            [
              2.3316979,
              51.0008538
            ],
            [
              2.3316926,
              51.0008825
            ],
            [
              2.3318079,
              51.0008977
            ],
            [
              2.3318347,
              51.0008859
            ],
            [
              2.3318615,
              51.0008757
            ],
            [
              2.3318857,
              51.0008639
            ],
            [
              2.3323256,
              51.0008977
            ],
            [
              2.3329076,
              51.0009433
            ],
            [
              2.3331544,
              51.0009433
            ],
            [
              2.3334199,
              51.0009314
            ],
            [
              2.3338303,
              51.0009297
            ],
            [
              2.3338651,
              51.0009264
            ],
            [
              2.3339644,
              51.0009331
            ],
            [
              2.3341129,
              51.0009435
            ],
            [
              2.334249,
              51.0009571
            ],
            [
              2.3344096,
              51.0009652
            ],
            [
              2.3344016,
              51.0009956
            ],
            [
              2.3345142,
              51.0009939
            ],
            [
              2.3345867,
              51.0010006
            ],
            [
              2.3348897,
              51.00108
            ],
            [
              2.3351258,
              51.0011407
            ],
            [
              2.3351311,
              51.0011593
            ],
            [
              2.3351446,
              51.0011812
            ],
            [
              2.3351848,
              51.0011897
            ],
            [
              2.3352197,
              51.0011948
            ],
            [
              2.3352706,
              51.0011931
            ],
            [
              2.3353377,
              51.0011846
            ],
            [
              2.3369309,
              51.001318
            ],
            [
              2.3375344,
              51.0013703
            ],
            [
              2.3375344,
              51.0013889
            ],
            [
              2.3375693,
              51.0013889
            ],
            [
              2.3376685,
              51.0013855
            ],
            [
              2.3377758,
              51.0013838
            ],
            [
              2.3379984,
              51.0014024
            ],
            [
              2.3388862,
              51.0014868
            ],
            [
              2.3391759,
              51.0015155
            ],
            [
              2.3400262,
              51.0015813
            ],
            [
              2.3409059,
              51.0016539
            ],
            [
              2.3413914,
              51.0017028
            ],
            [
              2.3417374,
              51.0017332
            ],
            [
              2.3419976,
              51.0017619
            ],
            [
              2.3421049,
              51.001767
            ],
            [
              2.3422953,
              51.0017872
            ],
            [
              2.3432958,
              51.0019172
            ],
            [
              2.3438161,
              51.0020033
            ],
            [
              2.3442587,
              51.0020826
            ],
            [
              2.345294,
              51.0023088
            ],
            [
              2.3461497,
              51.0025316
            ],
            [
              2.3464125,
              51.0026025
            ],
            [
              2.3466727,
              51.0026919
            ],
            [
              2.3472064,
              51.0028438
            ],
            [
              2.3481023,
              51.0031071
            ],
            [
              2.3487729,
              51.0032995
            ],
            [
              2.3489982,
              51.0033637
            ],
            [
              2.3490223,
              51.0033907
            ],
            [
              2.3490733,
              51.003416
            ],
            [
              2.3492557,
              51.0034801
            ],
            [
              2.3495182,
              51.003557
            ],
            [
              2.3497948,
              51.0036371
            ],
            [
              2.3500281,
              51.0037013
            ],
            [
              2.3502052,
              51.0037384
            ],
            [
              2.3503554,
              51.0037637
            ],
            [
              2.3507362,
              51.0038751
            ],
            [
              2.3513824,
              51.0040583
            ],
            [
              2.3519701,
              51.004243
            ],
            [
              2.3521256,
              51.004292
            ],
            [
              2.3521739,
              51.0043038
            ],
            [
              2.3522141,
              51.0042954
            ],
            [
              2.3523134,
              51.0043308
            ],
            [
              2.3527828,
              51.0044793
            ],
            [
              2.353228,
              51.0046211
            ],
            [
              2.353743,
              51.0048017
            ],
            [
              2.3541668,
              51.004957
            ],
            [
              2.3545959,
              51.0051173
            ],
            [
              2.3547676,
              51.0051848
            ],
            [
              2.3547917,
              51.0051646
            ],
            [
              2.3549098,
              51.0052169
            ],
            [
              2.354891,
              51.0052456
            ],
            [
              2.3549929,
              51.005281
            ],
            [
              2.355127,
              51.0053519
            ],
            [
              2.3552719,
              51.0053924
            ],
            [
              2.3553818,
              51.005411
            ],
            [
              2.3554811,
              51.0054161
            ],
            [
              2.3555535,
              51.0054228
            ],
            [
              2.3557037,
              51.0054751
            ],
            [
              2.3557976,
              51.0055055
            ],
            [
              2.3558968,
              51.0055477
            ],
            [
              2.3560416,
              51.0056118
            ],
            [
              2.3565083,
              51.0058785
            ],
            [
              2.3569938,
              51.0061401
            ],
            [
              2.3570877,
              51.0061907
            ],
            [
              2.3571548,
              51.0062228
            ],
            [
              2.3572004,
              51.0062448
            ],
            [
              2.3572245,
              51.0062599
            ],
            [
              2.357246,
              51.0062802
            ],
            [
              2.3572835,
              51.0062853
            ],
            [
              2.3573211,
              51.0062988
            ],
            [
              2.357364,
              51.0063359
            ],
            [
              2.3573827,
              51.0063561
            ],
            [
              2.3574096,
              51.0063747
            ],
            [
              2.3574525,
              51.0063916
            ],
            [
              2.3574874,
              51.0063916
            ],
            [
              2.3575034,
              51.0064
            ],
            [
              2.3575303,
              51.0064203
            ],
            [
              2.3575544,
              51.0064388
            ],
            [
              2.3575651,
              51.0064507
            ],
            [
              2.3575812,
              51.0064709
            ],
            [
              2.3576161,
              51.0064827
            ],
            [
              2.3576537,
              51.0064878
            ],
            [
              2.3576858,
              51.0064979
            ],
            [
              2.3577261,
              51.0065215
            ],
            [
              2.3577448,
              51.0065469
            ],
            [
              2.3577904,
              51.0065688
            ],
            [
              2.3578495,
              51.0065739
            ],
            [
              2.3583993,
              51.0068557
            ],
            [
              2.3587587,
              51.0070481
            ],
            [
              2.3589384,
              51.0071527
            ],
            [
              2.3590538,
              51.0072101
            ],
            [
              2.3591771,
              51.0072743
            ],
            [
              2.3592335,
              51.007308
            ],
            [
              2.3592683,
              51.0073283
            ],
            [
              2.3593247,
              51.0073519
            ],
            [
              2.359381,
              51.0073721
            ],
            [
              2.359432,
              51.0073907
            ],
            [
              2.3594534,
              51.0074093
            ],
            [
              2.3594615,
              51.0074295
            ],
            [
              2.35955,
              51.0074768
            ],
            [
              2.3597431,
              51.0075797
            ],
            [
              2.3599362,
              51.0076742
            ],
            [
              2.3600381,
              51.0077316
            ],
            [
              2.3602551,
              51.0078456
            ],
            [
              2.3604992,
              51.0079756
            ],
            [
              2.3607862,
              51.0081241
            ],
            [
              2.3608506,
              51.0081646
            ],
            [
              2.3608747,
              51.0081764
            ],
            [
              2.3608989,
              51.0081798
            ],
            [
              2.360923,
              51.0081815
            ],
            [
              2.3609525,
              51.0081916
            ],
            [
              2.3609874,
              51.0082119
            ],
            [
              2.3610008,
              51.0082287
            ],
            [
              2.361033,
              51.0082574
            ],
            [
              2.3610652,
              51.0082692
            ],
            [
              2.3611027,
              51.0082726
            ],
            [
              2.3611108,
              51.0082962
            ],
            [
              2.3611295,
              51.0083182
            ],
            [
              2.361151,
              51.00833
            ],
            [
              2.3611832,
              51.0083401
            ],
            [
              2.3612127,
              51.0083435
            ],
            [
              2.3612368,
              51.0083435
            ],
            [
              2.3612583,
              51.0083452
            ],
            [
              2.361277,
              51.008357
            ],
            [
              2.3612878,
              51.0083739
            ],
            [
              2.3612878,
              51.0083874
            ],
            [
              2.3613066,
              51.0084076
            ],
            [
              2.3613522,
              51.0084329
            ],
            [
              2.3614568,
              51.008492
            ],
            [
              2.3616418,
              51.0086
            ],
            [
              2.3617035,
              51.0086152
            ],
            [
              2.3617518,
              51.0086355
            ],
            [
              2.361784,
              51.0086625
            ],
            [
              2.3618215,
              51.0086861
            ],
            [
              2.3615089,
              51.0089081
            ],
            [
              2.3645033,
              51.0103792
            ],
            [
              2.3628386,
              51.0116876
            ],
            [
              2.36216,
              51.0114047
            ],
            [
              2.3620349,
              51.0114908
            ],
            [
              2.3619697,
              51.0115357
            ],
            [
              2.3623029,
              51.0119561
            ],
            [
              2.3626474,
              51.0123908
            ],
            [
              2.3630018,
              51.0126673
            ],
            [
              2.3603483,
              51.0126665
            ],
            [
              2.3594764,
              51.012683
            ],
            [
              2.3587133,
              51.0126807
            ],
            [
              2.3581347,
              51.012715
            ],
            [
              2.3573227,
              51.0128072
            ],
            [
              2.3568007,
              51.0129404
            ],
            [
              2.3563549,
              51.0131418
            ],
            [
              2.3556899,
              51.0135176
            ],
            [
              2.3550901,
              51.0139486
            ],
            [
              2.3551136,
              51.0141008
            ],
            [
              2.3552384,
              51.014412
            ],
            [
              2.3560242,
              51.0148652
            ],
            [
              2.3564702,
              51.0150776
            ],
            [
              2.3574929,
              51.0155409
            ],
            [
              2.3581821,
              51.0158381
            ],
            [
              2.3588338,
              51.0161135
            ],
            [
              2.3589394,
              51.0161213
            ],
            [
              2.3590478,
              51.0161073
            ],
            [
              2.3591743,
              51.0160019
            ],
            [
              2.3592826,
              51.0159535
            ],
            [
              2.3595814,
              51.0157988
            ],
            [
              2.3597509,
              51.0157629
            ],
            [
              2.3599671,
              51.0158625
            ],
            [
              2.3610383,
              51.0164175
            ],
            [
              2.3616536,
              51.0167364
            ],
            [
              2.3618435,
              51.0167231
            ],
            [
              2.3623343,
              51.0163745
            ],
            [
              2.3624927,
              51.0163613
            ],
            [
              2.3630573,
              51.01668
            ],
            [
              2.3636135,
              51.0168665
            ],
            [
              2.3643285,
              51.0160269
            ],
            [
              2.3657697,
              51.016563
            ],
            [
              2.3661338,
              51.016171
            ],
            [
              2.3671958,
              51.0165249
            ],
            [
              2.3675376,
              51.0162446
            ],
            [
              2.3684693,
              51.0167049
            ],
            [
              2.3686097,
              51.0165845
            ],
            [
              2.3689096,
              51.0166648
            ],
            [
              2.3688024,
              51.0161273
            ],
            [
              2.3695999,
              51.0160533
            ],
            [
              2.3695259,
              51.0171508
            ],
            [
              2.3693113,
              51.0175963
            ],
            [
              2.3679863,
              51.0183859
            ],
            [
              2.3675571,
              51.0186761
            ],
            [
              2.3672353,
              51.018963
            ],
            [
              2.3668544,
              51.019567
            ],
            [
              2.3667847,
              51.0211564
            ],
            [
              2.3666447,
              51.0224434
            ],
            [
              2.3665663,
              51.0224471
            ],
            [
              2.3658561,
              51.0224806
            ],
            [
              2.3654484,
              51.0225515
            ],
            [
              2.3650756,
              51.0226156
            ],
            [
              2.3648795,
              51.0226073
            ],
            [
              2.3646499,
              51.0224862
            ],
            [
              2.3644442,
              51.0223202
            ],
            [
              2.3633702,
              51.0221537
            ],
            [
              2.363342,
              51.0226765
            ],
            [
              2.3626163,
              51.022711
            ],
            [
              2.3615061,
              51.022777
            ],
            [
              2.3610624,
              51.0228206
            ],
            [
              2.3603168,
              51.0229046
            ],
            [
              2.3601233,
              51.0222036
            ],
            [
              2.36,
              51.021679
            ],
            [
              2.3590249,
              51.0218089
            ],
            [
              2.3583018,
              51.0218034
            ],
            [
              2.3583102,
              51.0216252
            ],
            [
              2.3585404,
              51.0216471
            ],
            [
              2.3585181,
              51.0215731
            ],
            [
              2.3585443,
              51.0214572
            ],
            [
              2.3583894,
              51.0209582
            ],
            [
              2.3592763,
              51.021028
            ],
            [
              2.3592137,
              51.0207195
            ],
            [
              2.3591395,
              51.0203249
            ],
            [
              2.3589609,
              51.0198402
            ],
            [
              2.3589002,
              51.0196588
            ],
            [
              2.3588412,
              51.0195137
            ],
            [
              2.3586439,
              51.019241
            ],
            [
              2.3584871,
              51.0190207
            ],
            [
              2.3583283,
              51.0188253
            ],
            [
              2.3582393,
              51.018692
            ],
            [
              2.3580676,
              51.0185482
            ],
            [
              2.357946,
              51.0184811
            ],
            [
              2.3575812,
              51.018255
            ],
            [
              2.3574337,
              51.0182567
            ],
            [
              2.3568141,
              51.0178585
            ],
            [
              2.3562991,
              51.0176324
            ],
            [
              2.3556312,
              51.0173067
            ],
            [
              2.3552986,
              51.0171143
            ],
            [
              2.3548829,
              51.0168781
            ],
            [
              2.3548453,
              51.0168629
            ],
            [
              2.35473,
              51.0171582
            ],
            [
              2.3545672,
              51.0174545
            ],
            [
              2.3544806,
              51.0174383
            ],
            [
              2.3543116,
              51.0177657
            ],
            [
              2.3541359,
              51.0181127
            ],
            [
              2.3539511,
              51.0184729
            ],
            [
              2.3539387,
              51.0184825
            ],
            [
              2.3531035,
              51.0182002
            ],
            [
              2.3523477,
              51.018312
            ],
            [
              2.3522925,
              51.0183212
            ],
            [
              2.3518419,
              51.0172948
            ],
            [
              2.3516735,
              51.0169142
            ],
            [
              2.3516569,
              51.0168698
            ],
            [
              2.3516457,
              51.0168274
            ],
            [
              2.3516407,
              51.0167809
            ],
            [
              2.3516456,
              51.016719
            ],
            [
              2.3516629,
              51.0166602
            ],
            [
              2.3516849,
              51.0166072
            ],
            [
              2.351724,
              51.016543
            ],
            [
              2.3517752,
              51.0164659
            ],
            [
              2.3519582,
              51.0161853
            ],
            [
              2.3514174,
              51.0160596
            ],
            [
              2.351131,
              51.0159554
            ],
            [
              2.3507523,
              51.0157939
            ],
            [
              2.3499634,
              51.015505
            ],
            [
              2.3496982,
              51.015518
            ],
            [
              2.3494336,
              51.0155912
            ],
            [
              2.3482809,
              51.0168537
            ],
            [
              2.3472882,
              51.0164866
            ],
            [
              2.3452113,
              51.0157247
            ],
            [
              2.3453764,
              51.0154384
            ],
            [
              2.3452675,
              51.0153923
            ],
            [
              2.3455174,
              51.0149512
            ],
            [
              2.3452278,
              51.014862
            ],
            [
              2.3455148,
              51.0143424
            ],
            [
              2.3456292,
              51.0142126
            ],
            [
              2.3463595,
              51.0131375
            ],
            [
              2.3464765,
              51.0130917
            ],
            [
              2.3469204,
              51.0129181
            ],
            [
              2.3479344,
              51.0125212
            ],
            [
              2.3479614,
              51.0119851
            ],
            [
              2.3486235,
              51.0106339
            ],
            [
              2.3484966,
              51.0103931
            ],
            [
              2.3483089,
              51.010275
            ],
            [
              2.3452504,
              51.0097707
            ],
            [
              2.3438864,
              51.0097815
            ],
            [
              2.3439771,
              51.0094798
            ],
            [
              2.3426333,
              51.0092742
            ],
            [
              2.3422068,
              51.009124
            ],
            [
              2.3382009,
              51.0085154
            ],
            [
              2.3382196,
              51.0084566
            ],
            [
              2.3334251,
              51.0077558
            ],
            [
              2.3332197,
              51.0083286
            ],
            [
              2.3322191,
              51.0081675
            ],
            [
              2.3320907,
              51.0086502
            ],
            [
              2.3320265,
              51.008908
            ],
            [
              2.3300779,
              51.0088067
            ],
            [
              2.3298365,
              51.0085435
            ],
            [
              2.3296863,
              51.0083857
            ],
            [
              2.3295119,
              51.0082262
            ],
            [
              2.3293523,
              51.0081013
            ],
            [
              2.3291673,
              51.0079722
            ],
            [
              2.3289996,
              51.0078701
            ],
            [
              2.3288508,
              51.0077891
            ],
            [
              2.3287099,
              51.0077173
            ],
            [
              2.3285403,
              51.0076372
            ],
            [
              2.3284458,
              51.0075992
            ],
            [
              2.3283278,
              51.0075566
            ],
            [
              2.328199,
              51.0075174
            ],
            [
              2.3280589,
              51.0074836
            ],
            [
              2.3277739,
              51.0074283
            ],
            [
              2.3267734,
              51.0072608
            ],
            [
              2.3261215,
              51.0071417
            ],
            [
              2.3261834,
              51.0069644
            ],
            [
              2.3266361,
              51.0063427
            ],
            [
              2.3259312,
              51.0061288
            ],
            [
              2.3247188,
              51.0057764
            ],
            [
              2.3230088,
              51.0052921
            ],
            [
              2.321437,
              51.0048512
            ],
            [
              2.3174629,
              51.0036362
            ],
            [
              2.3159704,
              51.0031276
            ],
            [
              2.312151,
              51.0018449
            ],
            [
              2.3104987,
              51.0013587
            ],
            [
              2.3097263,
              51.0009401
            ],
            [
              2.3079238,
              51.0000624
            ],
            [
              2.3057292,
              50.9994729
            ],
            [
              2.3022529,
              50.9985889
            ],
            [
              2.2977488,
              50.9973307
            ],
            [
              2.2970367,
              50.9971588
            ],
            [
              2.2959934,
              50.9970404
            ],
            [
              2.2961819,
              50.9967477
            ],
            [
              2.2966275,
              50.996056
            ],
            [
              2.2967273,
              50.9959012
            ],
            [
              2.2973871,
              50.9950892
            ],
            [
              2.2950965,
              50.9943076
            ],
            [
              2.2963625,
              50.9929671
            ],
            [
              2.2967809,
              50.9928929
            ],
            [
              2.298063,
              50.9933791
            ],
            [
              2.2986542,
              50.9927852
            ],
            [
              2.2971468,
              50.9921841
            ],
            [
              2.2981499,
              50.9911577
            ],
            [
              2.2992657,
              50.9900603
            ],
            [
              2.3008374,
              50.9884901
            ],
            [
              2.3022913,
              50.9891655
            ],
            [
              2.305533,
              50.990872
            ],
            [
              2.3082595,
              50.992307
            ],
            [
              2.3079953,
              50.9926008
            ],
            [
              2.3094651,
              50.9931815
            ],
            [
              2.3103824,
              50.9933959
            ],
            [
              2.3125416,
              50.9944966
            ],
            [
              2.3138559,
              50.9950757
            ],
            [
              2.3125148,
              50.9960008
            ],
            [
              2.3131594,
              50.9962153
            ],
            [
              2.3144326,
              50.9967182
            ],
            [
              2.3145506,
              50.996752
            ],
            [
              2.3152313,
              50.9955663
            ],
            [
              2.3154384,
              50.9956733
            ],
            [
              2.3158217,
              50.9958717
            ],
            [
              2.3164093,
              50.9961797
            ],
            [
              2.3172059,
              50.9966001
            ],
            [
              2.3176056,
              50.9968195
            ],
            [
              2.3177773,
              50.9969157
            ],
            [
              2.3180401,
              50.9970558
            ],
            [
              2.3180321,
              50.9970659
            ],
            [
              2.3181233,
              50.9971081
            ],
            [
              2.3181581,
              50.997098
            ],
            [
              2.3182037,
              50.9971014
            ],
            [
              2.3182654,
              50.9971233
            ],
            [
              2.3183378,
              50.9971604
            ],
            [
              2.3183942,
              50.9971993
            ],
            [
              2.3185873,
              50.9973005
            ],
            [
              2.3191908,
              50.997628
            ],
            [
              2.3199686,
              50.9980365
            ],
            [
              2.3209342,
              50.9985463
            ],
            [
              2.3215726,
              50.9988451
            ],
            [
              2.3220688,
              50.9990544
            ],
            [
              2.3227957,
              50.9993346
            ],
            [
              2.3230961,
              50.9994477
            ],
            [
              2.3236432,
              50.9996283
            ],
            [
              2.3237076,
              50.9996553
            ],
            [
              2.3237586,
              50.9997043
            ],
            [
              2.3237666,
              50.9997448
            ],
            [
              2.3237505,
              50.9997836
            ],
            [
              2.3237264,
              50.9998123
            ],
            [
              2.3236888,
              50.9998309
            ],
            [
              2.3236459,
              50.9998461
            ],
            [
              2.3236111,
              50.9998528
            ],
            [
              2.3235628,
              50.9998528
            ],
            [
              2.323077,
              50.9998132
            ],
            [
              2.3229566,
              50.9998056
            ],
            [
              2.3229054,
              50.9998048
            ],
            [
              2.3228734,
              50.9997853
            ],
            [
              2.3227313,
              50.9997752
            ],
            [
              2.322624,
              50.9997634
            ],
            [
              2.3224792,
              50.9997566
            ],
            [
              2.3223609,
              50.9997575
            ],
            [
              2.3223048,
              50.9997448
            ],
            [
              2.3222109,
              50.9997245
            ],
            [
              2.3221412,
              50.9997245
            ],
            [
              2.3221007,
              50.9997322
            ],
            [
              2.3220473,
              50.9997212
            ],
            [
              2.3218569,
              50.9997043
            ],
            [
              2.3217362,
              50.9996942
            ],
            [
              2.3216369,
              50.9996756
            ],
            [
              2.32113,
              50.9996418
            ],
            [
              2.3209503,
              50.999625
            ],
            [
              2.3208108,
              50.9996216
            ],
            [
              2.320733,
              50.9996182
            ],
            [
              2.3206177,
              50.9995979
            ],
            [
              2.3203361,
              50.9995524
            ],
            [
              2.3201242,
              50.9995017
            ],
            [
              2.3200571,
              50.9995659
            ],
            [
              2.3200464,
              50.9995861
            ],
            [
              2.3200518,
              50.9996047
            ],
            [
              2.3200571,
              50.9996604
            ]
          ],
          [
            [
              2.312788,
              50.9996003
            ],
            [
              2.3120635,
              50.9993917
            ],
            [
              2.310451,
              50.9989307
            ],
            [
              2.3091823,
              51.000561
            ],
            [
              2.3096202,
              51.0007877
            ],
            [
              2.3107293,
              51.0011431
            ],
            [
              2.3118957,
              51.0015269
            ],
            [
              2.3121822,
              51.0011277
            ],
            [
              2.3122273,
              51.00061
            ],
            [
              2.312788,
              50.9996003
            ]
          ]
        ]
      },
      "id": "relation/19918903"
    },
    {
      "type": "Feature",
      "properties": {
        "@id": "relation/19947839",
        "CLC:code": "123",
        "CLC:id": "FR-246848",
        "CLC:year": "2006",
        "landuse": "industrial",
        "source": "Union européenne - SOeS, CORINE Land Cover, 2006.",
        "type": "multipolygon"
      },
      "geometry": {
        "type": "Polygon",
        "coordinates": [
          [
            [
              2.3683334,
              51.0440004
            ],
            [
              2.368449,
              51.0437029
            ],
            [
              2.3679804,
              51.0436242
            ],
            [
              2.3680576,
              51.0434041
            ],
            [
              2.3680935,
              51.0433175
            ],
            [
              2.368125,
              51.0432119
            ],
            [
              2.3682564,
              51.0432296
            ],
            [
              2.3684026,
              51.04284
            ],
            [
              2.3684857,
              51.0427752
            ],
            [
              2.3687341,
              51.0425725
            ],
            [
              2.3704032,
              51.0412765
            ],
            [
              2.3718134,
              51.0408628
            ],
            [
              2.3717813,
              51.0408072
            ],
            [
              2.3722017,
              51.0406473
            ],
            [
              2.3736692,
              51.0411761
            ],
            [
              2.3752338,
              51.0419815
            ],
            [
              2.3751061,
              51.0420688
            ],
            [
              2.3749594,
              51.0420779
            ],
            [
              2.3748105,
              51.0421579
            ],
            [
              2.3747687,
              51.0422017
            ],
            [
              2.3747479,
              51.0422724
            ],
            [
              2.3747146,
              51.042318
            ],
            [
              2.3747989,
              51.0424027
            ],
            [
              2.3748622,
              51.0424586
            ],
            [
              2.3748546,
              51.0424936
            ],
            [
              2.3748188,
              51.0425122
            ],
            [
              2.3747521,
              51.0424984
            ],
            [
              2.3746029,
              51.0423703
            ],
            [
              2.3744798,
              51.0423177
            ],
            [
              2.3745712,
              51.0421791
            ],
            [
              2.3745774,
              51.0421379
            ],
            [
              2.3745435,
              51.042118
            ],
            [
              2.3744808,
              51.0421231
            ],
            [
              2.3743023,
              51.0421769
            ],
            [
              2.3740756,
              51.0422188
            ],
            [
              2.3736684,
              51.0422437
            ],
            [
              2.3735278,
              51.042225
            ],
            [
              2.373044,
              51.0422307
            ],
            [
              2.3729581,
              51.042163
            ],
            [
              2.3717271,
              51.0425317
            ],
            [
              2.371671,
              51.0424669
            ],
            [
              2.3715722,
              51.0425202
            ],
            [
              2.3715313,
              51.0426034
            ],
            [
              2.371529,
              51.0427162
            ],
            [
              2.3715239,
              51.0429603
            ],
            [
              2.3715464,
              51.0429793
            ],
            [
              2.3716129,
              51.043011
            ],
            [
              2.3716542,
              51.0430112
            ],
            [
              2.3716232,
              51.043551
            ],
            [
              2.3714809,
              51.0435467
            ],
            [
              2.3714914,
              51.0437753
            ],
            [
              2.3715231,
              51.0438106
            ],
            [
              2.3716184,
              51.0438155
            ],
            [
              2.371618,
              51.0438496
            ],
            [
              2.3715227,
              51.0438473
            ],
            [
              2.3713939,
              51.0440198
            ],
            [
              2.3715412,
              51.0440672
            ],
            [
              2.371525,
              51.0441146
            ],
            [
              2.3714767,
              51.0441117
            ],
            [
              2.3714353,
              51.0442317
            ],
            [
              2.371386,
              51.0443041
            ],
            [
              2.3712607,
              51.0444272
            ],
            [
              2.3711523,
              51.0445576
            ],
            [
              2.3709843,
              51.0446419
            ],
            [
              2.3708531,
              51.0447077
            ],
            [
              2.3708106,
              51.044694
            ],
            [
              2.3706664,
              51.0448449
            ],
            [
              2.3706095,
              51.0449522
            ],
            [
              2.370724,
              51.0450174
            ],
            [
              2.3706235,
              51.0450877
            ],
            [
              2.3707054,
              51.045133
            ],
            [
              2.370649,
              51.0451739
            ],
            [
              2.3702831,
              51.0454546
            ],
            [
              2.3702675,
              51.0454456
            ],
            [
              2.3701713,
              51.0455132
            ],
            [
              2.370194,
              51.045525
            ],
            [
              2.3691524,
              51.0463189
            ],
            [
              2.3691369,
              51.0463099
            ],
            [
              2.369065,
              51.0463678
            ],
            [
              2.3690834,
              51.046376
            ],
            [
              2.3680059,
              51.0471966
            ],
            [
              2.366848,
              51.0480661
            ],
            [
              2.3667807,
              51.0481016
            ],
            [
              2.3667478,
              51.0481095
            ],
            [
              2.3664179,
              51.0480971
            ],
            [
              2.3663981,
              51.0480916
            ],
            [
              2.366387,
              51.0480664
            ],
            [
              2.3663891,
              51.0480099
            ],
            [
              2.366429,
              51.048011
            ],
            [
              2.3664385,
              51.0479091
            ],
            [
              2.3664421,
              51.0478703
            ],
            [
              2.366411,
              51.0478695
            ],
            [
              2.3662382,
              51.0478651
            ],
            [
              2.3660584,
              51.0478605
            ],
            [
              2.3660481,
              51.0478593
            ],
            [
              2.3660126,
              51.0478556
            ],
            [
              2.3660085,
              51.0479008
            ],
            [
              2.3659994,
              51.0479999
            ],
            [
              2.3660364,
              51.0480019
            ],
            [
              2.3660345,
              51.0480368
            ],
            [
              2.366014,
              51.0480798
            ],
            [
              2.3659826,
              51.0480877
            ],
            [
              2.3657593,
              51.048083
            ],
            [
              2.3655812,
              51.0489987
            ],
            [
              2.3655101,
              51.0489894
            ],
            [
              2.3655802,
              51.0486274
            ],
            [
              2.3654752,
              51.0486071
            ],
            [
              2.3653329,
              51.0486073
            ],
            [
              2.3652002,
              51.0486344
            ],
            [
              2.3650728,
              51.0486957
            ],
            [
              2.3649935,
              51.0487751
            ],
            [
              2.3649612,
              51.0488565
            ],
            [
              2.3649738,
              51.0489786
            ],
            [
              2.3649519,
              51.0490296
            ],
            [
              2.3648027,
              51.0492662
            ],
            [
              2.3644552,
              51.0498172
            ],
            [
              2.364394,
              51.0498169
            ],
            [
              2.3643509,
              51.049849
            ],
            [
              2.3642914,
              51.049941
            ],
            [
              2.3642138,
              51.0499972
            ],
            [
              2.3642161,
              51.050042
            ],
            [
              2.3641683,
              51.0501081
            ],
            [
              2.3642336,
              51.0501219
            ],
            [
              2.3640138,
              51.0503944
            ],
            [
              2.3639749,
              51.0504309
            ],
            [
              2.3639291,
              51.0504549
            ],
            [
              2.3638762,
              51.0504708
            ],
            [
              2.3638491,
              51.0504751
            ],
            [
              2.3638291,
              51.0504876
            ],
            [
              2.3637255,
              51.050575
            ],
            [
              2.3636431,
              51.0506741
            ],
            [
              2.3634091,
              51.0508379
            ],
            [
              2.3631857,
              51.0510619
            ],
            [
              2.3629829,
              51.0512304
            ],
            [
              2.3629363,
              51.0513091
            ],
            [
              2.3628588,
              51.0513634
            ],
            [
              2.3625585,
              51.0517045
            ],
            [
              2.3625966,
              51.051728
            ],
            [
              2.361818,
              51.0523007
            ],
            [
              2.361802,
              51.0523257
            ],
            [
              2.3617974,
              51.0523517
            ],
            [
              2.3618014,
              51.0523769
            ],
            [
              2.3618196,
              51.0524012
            ],
            [
              2.3618758,
              51.0524517
            ],
            [
              2.3603561,
              51.0535587
            ],
            [
              2.3580084,
              51.0528768
            ],
            [
              2.3564929,
              51.0524358
            ],
            [
              2.3560477,
              51.0524228
            ],
            [
              2.3559671,
              51.0524201
            ],
            [
              2.3548131,
              51.0523814
            ],
            [
              2.3547932,
              51.0523795
            ],
            [
              2.3547749,
              51.052366
            ],
            [
              2.3547671,
              51.052305
            ],
            [
              2.3547529,
              51.0523031
            ],
            [
              2.354762,
              51.052261
            ],
            [
              2.3547834,
              51.0522611
            ],
            [
              2.3547839,
              51.0522162
            ],
            [
              2.3548157,
              51.051821
            ],
            [
              2.3548215,
              51.0517111
            ],
            [
              2.3549896,
              51.0494798
            ],
            [
              2.3550121,
              51.0494516
            ],
            [
              2.3571317,
              51.0495238
            ],
            [
              2.3584557,
              51.0504752
            ],
            [
              2.3584254,
              51.0504929
            ],
            [
              2.3583892,
              51.0504808
            ],
            [
              2.3582859,
              51.0505415
            ],
            [
              2.3582573,
              51.0505693
            ],
            [
              2.3582394,
              51.0505939
            ],
            [
              2.3582269,
              51.0506218
            ],
            [
              2.3582228,
              51.0506516
            ],
            [
              2.3585906,
              51.0509322
            ],
            [
              2.3589701,
              51.0512061
            ],
            [
              2.3591492,
              51.0512869
            ],
            [
              2.3593163,
              51.051315
            ],
            [
              2.3595288,
              51.0513213
            ],
            [
              2.3596762,
              51.0512889
            ],
            [
              2.3597587,
              51.051269
            ],
            [
              2.3598382,
              51.0512468
            ],
            [
              2.3599075,
              51.0512256
            ],
            [
              2.360047,
              51.0511754
            ],
            [
              2.360515,
              51.0509579
            ],
            [
              2.3606099,
              51.0509036
            ],
            [
              2.3607792,
              51.0508067
            ],
            [
              2.3609578,
              51.0507045
            ],
            [
              2.3620277,
              51.0500979
            ],
            [
              2.358985,
              51.0479821
            ],
            [
              2.358859,
              51.0479173
            ],
            [
              2.3589263,
              51.0478193
            ],
            [
              2.3594236,
              51.0478217
            ],
            [
              2.3594176,
              51.0477919
            ],
            [
              2.3593288,
              51.0473469
            ],
            [
              2.3592897,
              51.0473312
            ],
            [
              2.3592045,
              51.0473337
            ],
            [
              2.3591711,
              51.047176
            ],
            [
              2.3592955,
              51.0471623
            ],
            [
              2.3642073,
              51.0466891
            ],
            [
              2.3640243,
              51.0459377
            ],
            [
              2.362692,
              51.0459428
            ],
            [
              2.362693,
              51.0459547
            ],
            [
              2.3626057,
              51.0459557
            ],
            [
              2.3626031,
              51.0459486
            ],
            [
              2.3625392,
              51.045947
            ],
            [
              2.3625314,
              51.0459186
            ],
            [
              2.3640287,
              51.0459145
            ],
            [
              2.3661523,
              51.0459068
            ],
            [
              2.3661827,
              51.0459148
            ],
            [
              2.3661921,
              51.0459294
            ],
            [
              2.3661963,
              51.045946
            ],
            [
              2.3661876,
              51.0459952
            ],
            [
              2.3665514,
              51.0460061
            ],
            [
              2.3665534,
              51.0459431
            ],
            [
              2.3665573,
              51.0459339
            ],
            [
              2.3665679,
              51.0459256
            ],
            [
              2.3665804,
              51.0459193
            ],
            [
              2.3665997,
              51.0459151
            ],
            [
              2.367507,
              51.0458969
            ],
            [
              2.3676174,
              51.0456588
            ],
            [
              2.3677109,
              51.0454553
            ],
            [
              2.3676913,
              51.0454441
            ],
            [
              2.3677081,
              51.0453891
            ],
            [
              2.3677261,
              51.0453757
            ],
            [
              2.367792,
              51.0453806
            ],
            [
              2.3677763,
              51.0453476
            ],
            [
              2.3677213,
              51.0453156
            ],
            [
              2.3677039,
              51.0452962
            ],
            [
              2.3677012,
              51.0452743
            ],
            [
              2.3677078,
              51.0452535
            ],
            [
              2.3677441,
              51.0451992
            ],
            [
              2.3678984,
              51.0451512
            ],
            [
              2.3679453,
              51.0450955
            ],
            [
              2.3680338,
              51.0449034
            ],
            [
              2.3679923,
              51.0448974
            ],
            [
              2.3680124,
              51.0448586
            ],
            [
              2.3680472,
              51.0448645
            ],
            [
              2.3680566,
              51.044846
            ],
            [
              2.3681304,
              51.0448586
            ],
            [
              2.3681955,
              51.044722
            ],
            [
              2.3680533,
              51.0446899
            ],
            [
              2.3680645,
              51.0446627
            ],
            [
              2.3681916,
              51.0443546
            ],
            [
              2.3682359,
              51.0442473
            ],
            [
              2.3682745,
              51.0441537
            ],
            [
              2.3683334,
              51.0440004
            ]
          ]
        ]
      },
      "id": "relation/19947839"
    },
    {
      "type": "Feature",
      "properties": {
        "@id": "way/41728786",
        "industrial": "port",
        "landuse": "industrial",
        "source": "Union européenne - SOeS, CORINE Land Cover, 2006."
      },
      "geometry": {
        "type": "Polygon",
        "coordinates": [
          [
            [
              2.3541794,
              51.0522006
            ],
            [
              2.3541747,
              51.0522355
            ],
            [
              2.3541946,
              51.0522374
            ],
            [
              2.3541768,
              51.0522903
            ],
            [
              2.3541445,
              51.0523627
            ],
            [
              2.3539582,
              51.0523573
            ],
            [
              2.3539598,
              51.0523465
            ],
            [
              2.3538702,
              51.0523443
            ],
            [
              2.3538703,
              51.0523326
            ],
            [
              2.3537025,
              51.0523264
            ],
            [
              2.3537009,
              51.052338
            ],
            [
              2.3535727,
              51.0523321
            ],
            [
              2.3535431,
              51.05233
            ],
            [
              2.3535179,
              51.0522976
            ],
            [
              2.3534874,
              51.0522338
            ],
            [
              2.3528032,
              51.0522159
            ],
            [
              2.3503936,
              51.0521415
            ],
            [
              2.3496711,
              51.0521154
            ],
            [
              2.3488093,
              51.0520741
            ],
            [
              2.3487963,
              51.0522032
            ],
            [
              2.3486397,
              51.0522024
            ],
            [
              2.3482715,
              51.0522839
            ],
            [
              2.3483738,
              51.0525149
            ],
            [
              2.3483423,
              51.0525318
            ],
            [
              2.3482895,
              51.0525405
            ],
            [
              2.3482483,
              51.0525367
            ],
            [
              2.3481174,
              51.0523181
            ],
            [
              2.3475665,
              51.0524408
            ],
            [
              2.3476624,
              51.0526206
            ],
            [
              2.3469988,
              51.0527625
            ],
            [
              2.3469058,
              51.0525826
            ],
            [
              2.3458027,
              51.0528271
            ],
            [
              2.3457457,
              51.0527227
            ],
            [
              2.3444955,
              51.0529996
            ],
            [
              2.3441668,
              51.0541881
            ],
            [
              2.34395,
              51.0549789
            ],
            [
              2.3439116,
              51.0550872
            ],
            [
              2.3438944,
              51.0550996
            ],
            [
              2.3438686,
              51.0551076
            ],
            [
              2.3438359,
              51.0551092
            ],
            [
              2.3436842,
              51.0550927
            ],
            [
              2.3435934,
              51.0550831
            ],
            [
              2.3435154,
              51.0550749
            ],
            [
              2.3432541,
              51.0550476
            ],
            [
              2.3431679,
              51.0550386
            ],
            [
              2.3430824,
              51.0550296
            ],
            [
              2.3411849,
              51.0548213
            ],
            [
              2.3389066,
              51.0545675
            ],
            [
              2.338772,
              51.0545526
            ],
            [
              2.3386369,
              51.0545375
            ],
            [
              2.3384756,
              51.0545191
            ],
            [
              2.3383517,
              51.0545053
            ],
            [
              2.3382304,
              51.0544918
            ],
            [
              2.3380856,
              51.0544756
            ],
            [
              2.3380537,
              51.0544664
            ],
            [
              2.3380333,
              51.0544567
            ],
            [
              2.3380239,
              51.0544461
            ],
            [
              2.3380233,
              51.0544326
            ],
            [
              2.3380266,
              51.0544116
            ],
            [
              2.338209,
              51.0537574
            ],
            [
              2.3382197,
              51.0537313
            ],
            [
              2.3382372,
              51.0537068
            ],
            [
              2.3382693,
              51.0536813
            ],
            [
              2.3382948,
              51.0536647
            ],
            [
              2.3383351,
              51.0536478
            ],
            [
              2.3383927,
              51.0536318
            ],
            [
              2.3401654,
              51.0532166
            ],
            [
              2.3402061,
              51.0531377
            ],
            [
              2.3514186,
              51.0504521
            ],
            [
              2.3515101,
              51.0504274
            ],
            [
              2.3515919,
              51.0504013
            ],
            [
              2.3516696,
              51.0503682
            ],
            [
              2.3525927,
              51.0499425
            ],
            [
              2.3525161,
              51.0495519
            ],
            [
              2.3537886,
              51.0494144
            ],
            [
              2.3543424,
              51.0494355
            ],
            [
              2.3543581,
              51.049441
            ],
            [
              2.3543697,
              51.0494471
            ],
            [
              2.3543783,
              51.049454
            ],
            [
              2.3543834,
              51.0494653
            ],
            [
              2.3543753,
              51.0495763
            ],
            [
              2.3543692,
              51.0496474
            ],
            [
              2.3542134,
              51.0516984
            ],
            [
              2.3542076,
              51.0518083
            ],
            [
              2.3541794,
              51.0522006
            ]
          ]
        ]
      },
      "id": "way/41728786"
    },
    {
      "type": "Feature",
      "properties": {
        "@id": "way/42016011",
        "landuse": "industrial",
        "source": "Union européenne - SOeS, CORINE Land Cover, 2006."
      },
      "geometry": {
        "type": "Polygon",
        "coordinates": [
          [
            [
              2.3213207,
              51.0363911
            ],
            [
              2.3230687,
              51.0379878
            ],
            [
              2.325568,
              51.0392044
            ],
            [
              2.3289715,
              51.040508
            ],
            [
              2.3313632,
              51.0410938
            ],
            [
              2.3331922,
              51.0415037
            ],
            [
              2.3343484,
              51.0417335
            ],
            [
              2.3347721,
              51.0418218
            ],
            [
              2.3364207,
              51.0420884
            ],
            [
              2.3377483,
              51.0421269
            ],
            [
              2.3382984,
              51.0426024
            ],
            [
              2.3387507,
              51.0430572
            ],
            [
              2.34037,
              51.0425524
            ],
            [
              2.3430799,
              51.0440939
            ],
            [
              2.3477836,
              51.046796
            ],
            [
              2.3478243,
              51.0468261
            ],
            [
              2.3478502,
              51.0468577
            ],
            [
              2.3478683,
              51.0468877
            ],
            [
              2.3478765,
              51.0469238
            ],
            [
              2.3478759,
              51.0469623
            ],
            [
              2.3478646,
              51.0469971
            ],
            [
              2.3478389,
              51.047031
            ],
            [
              2.3478018,
              51.0470632
            ],
            [
              2.3477496,
              51.0470904
            ],
            [
              2.3476992,
              51.0471072
            ],
            [
              2.3450888,
              51.0475569
            ],
            [
              2.345092,
              51.0475744
            ],
            [
              2.3450808,
              51.0475845
            ],
            [
              2.345062,
              51.0475946
            ],
            [
              2.343012,
              51.0479417
            ],
            [
              2.3425139,
              51.0480684
            ],
            [
              2.3421897,
              51.0481389
            ],
            [
              2.3422497,
              51.048334
            ],
            [
              2.3422953,
              51.048329
            ],
            [
              2.3423557,
              51.048479
            ],
            [
              2.3423168,
              51.048495
            ],
            [
              2.3425075,
              51.0488973
            ],
            [
              2.3424134,
              51.0489191
            ],
            [
              2.3424697,
              51.0489824
            ],
            [
              2.3424697,
              51.0491881
            ],
            [
              2.3425864,
              51.0493204
            ],
            [
              2.3427044,
              51.049296
            ],
            [
              2.3427736,
              51.0494538
            ],
            [
              2.3428142,
              51.0495465
            ],
            [
              2.3431417,
              51.0502936
            ],
            [
              2.3431496,
              51.0503203
            ],
            [
              2.3431483,
              51.0503515
            ],
            [
              2.3431389,
              51.0503684
            ],
            [
              2.3431188,
              51.050381
            ],
            [
              2.3430893,
              51.0503945
            ],
            [
              2.3431121,
              51.0504476
            ],
            [
              2.3431429,
              51.0504628
            ],
            [
              2.3431751,
              51.0504822
            ],
            [
              2.3432086,
              51.0505109
            ],
            [
              2.3432355,
              51.0505454
            ],
            [
              2.3432475,
              51.0505834
            ],
            [
              2.3432462,
              51.0506171
            ],
            [
              2.3432328,
              51.0506484
            ],
            [
              2.3432167,
              51.0506753
            ],
            [
              2.3431858,
              51.0507073
            ],
            [
              2.3431443,
              51.0507317
            ],
            [
              2.3431027,
              51.0507478
            ],
            [
              2.3430658,
              51.0507579
            ],
            [
              2.3430356,
              51.0507617
            ],
            [
              2.3430001,
              51.0507638
            ],
            [
              2.3429572,
              51.0507625
            ],
            [
              2.3429203,
              51.0507587
            ],
            [
              2.3428895,
              51.0507537
            ],
            [
              2.3427969,
              51.0507764
            ],
            [
              2.3427956,
              51.0507983
            ],
            [
              2.3427902,
              51.0508135
            ],
            [
              2.3427781,
              51.0508325
            ],
            [
              2.3427594,
              51.0508523
            ],
            [
              2.3427339,
              51.0508708
            ],
            [
              2.3427064,
              51.0508843
            ],
            [
              2.3426729,
              51.050894
            ],
            [
              2.342646,
              51.0508995
            ],
            [
              2.3426172,
              51.050902
            ],
            [
              2.3425837,
              51.050902
            ],
            [
              2.3425508,
              51.0509008
            ],
            [
              2.3425213,
              51.0508961
            ],
            [
              2.3424952,
              51.050889
            ],
            [
              2.3424663,
              51.050878
            ],
            [
              2.3424409,
              51.0508637
            ],
            [
              2.3424221,
              51.0508489
            ],
            [
              2.34241,
              51.0508367
            ],
            [
              2.3423979,
              51.0508198
            ],
            [
              2.3423815,
              51.0508226
            ],
            [
              2.3422749,
              51.0506458
            ],
            [
              2.3411822,
              51.0508759
            ],
            [
              2.3404513,
              51.0510251
            ],
            [
              2.3402971,
              51.0510555
            ],
            [
              2.3396686,
              51.0511905
            ],
            [
              2.3395823,
              51.0512089
            ],
            [
              2.3394884,
              51.0512232
            ],
            [
              2.3393731,
              51.0512359
            ],
            [
              2.3392564,
              51.0512452
            ],
            [
              2.3391681,
              51.0512505
            ],
            [
              2.3389815,
              51.0512536
            ],
            [
              2.33885,
              51.0512519
            ],
            [
              2.3387589,
              51.0512469
            ],
            [
              2.3386663,
              51.0512384
            ],
            [
              2.3385376,
              51.0512249
            ],
            [
              2.3383994,
              51.0512081
            ],
            [
              2.338272,
              51.051187
            ],
            [
              2.3381526,
              51.0511589
            ],
            [
              2.3380159,
              51.0511204
            ],
            [
              2.3378751,
              51.0510841
            ],
            [
              2.3377356,
              51.0510504
            ],
            [
              2.337584,
              51.051015
            ],
            [
              2.337454,
              51.0509863
            ],
            [
              2.3372825,
              51.0509519
            ],
            [
              2.3371066,
              51.0509214
            ],
            [
              2.3369591,
              51.0508995
            ],
            [
              2.336762,
              51.0508725
            ],
            [
              2.3365916,
              51.0508523
            ],
            [
              2.3364079,
              51.0508329
            ],
            [
              2.3362376,
              51.0508186
            ],
            [
              2.3360181,
              51.050805
            ],
            [
              2.3357347,
              51.050795
            ],
            [
              2.3355912,
              51.0507924
            ],
            [
              2.335449,
              51.0507908
            ],
            [
              2.3353431,
              51.0507899
            ],
            [
              2.3352116,
              51.0507916
            ],
            [
              2.3350386,
              51.0507958
            ],
            [
              2.3348562,
              51.0508034
            ],
            [
              2.3347248,
              51.0508135
            ],
            [
              2.3345813,
              51.0508286
            ],
            [
              2.3344298,
              51.0508472
            ],
            [
              2.3342729,
              51.0508717
            ],
            [
              2.3340864,
              51.0509046
            ],
            [
              2.3339631,
              51.0509282
            ],
            [
              2.3338437,
              51.0509552
            ],
            [
              2.3337243,
              51.0509855
            ],
            [
              2.3335175,
              51.0510468
            ],
            [
              2.3334105,
              51.0510791
            ],
            [
              2.333267,
              51.0511288
            ],
            [
              2.3331732,
              51.0511642
            ],
            [
              2.3328339,
              51.0513042
            ],
            [
              2.3328003,
              51.0513118
            ],
            [
              2.3327655,
              51.0513109
            ],
            [
              2.3327319,
              51.0513059
            ],
            [
              2.3327091,
              51.0512966
            ],
            [
              2.3326823,
              51.0512772
            ],
            [
              2.3324933,
              51.0513544
            ],
            [
              2.331942,
              51.0515917
            ],
            [
              2.3319581,
              51.0516136
            ],
            [
              2.3319581,
              51.0516372
            ],
            [
              2.331946,
              51.0516591
            ],
            [
              2.3319273,
              51.0516751
            ],
            [
              2.3314485,
              51.0518758
            ],
            [
              2.3312931,
              51.0519408
            ],
            [
              2.3311115,
              51.052006
            ],
            [
              2.3314316,
              51.0522709
            ],
            [
              2.3307243,
              51.0526016
            ],
            [
              2.3306653,
              51.0525966
            ],
            [
              2.3300288,
              51.052903
            ],
            [
              2.3273868,
              51.0524479
            ],
            [
              2.327342,
              51.0524229
            ],
            [
              2.3272575,
              51.0524077
            ],
            [
              2.3272498,
              51.0524142
            ],
            [
              2.3088278,
              51.0492252
            ],
            [
              2.3045395,
              51.048484
            ],
            [
              2.3044628,
              51.0485448
            ],
            [
              2.3044386,
              51.0485566
            ],
            [
              2.3044078,
              51.0485633
            ],
            [
              2.3043783,
              51.0485633
            ],
            [
              2.3043434,
              51.0485541
            ],
            [
              2.3041409,
              51.0484773
            ],
            [
              2.3040538,
              51.0484571
            ],
            [
              2.3006574,
              51.0478651
            ],
            [
              2.3006112,
              51.0478536
            ],
            [
              2.3005588,
              51.0478366
            ],
            [
              2.3002142,
              51.047716
            ],
            [
              2.2999258,
              51.047614
            ],
            [
              2.2997371,
              51.0475507
            ],
            [
              2.2943403,
              51.0465668
            ],
            [
              2.2942816,
              51.0465531
            ],
            [
              2.2942204,
              51.0465317
            ],
            [
              2.2941805,
              51.0465129
            ],
            [
              2.2941403,
              51.0464834
            ],
            [
              2.2941148,
              51.0464547
            ],
            [
              2.294096,
              51.0464227
            ],
            [
              2.294088,
              51.0463687
            ],
            [
              2.2938565,
              51.0461708
            ],
            [
              2.2926092,
              51.0459463
            ],
            [
              2.2921794,
              51.0459609
            ],
            [
              2.291438,
              51.0458696
            ],
            [
              2.2897055,
              51.0455155
            ],
            [
              2.2892475,
              51.0455073
            ],
            [
              2.2891219,
              51.045804
            ],
            [
              2.282055,
              51.0445783
            ],
            [
              2.2783968,
              51.0439388
            ],
            [
              2.278364,
              51.0439286
            ],
            [
              2.2783377,
              51.0439123
            ],
            [
              2.278323,
              51.0438968
            ],
            [
              2.2783138,
              51.0438719
            ],
            [
              2.278314,
              51.0438459
            ],
            [
              2.278322,
              51.0438243
            ],
            [
              2.2783501,
              51.0437963
            ],
            [
              2.2783762,
              51.043782
            ],
            [
              2.2784112,
              51.0437698
            ],
            [
              2.2784549,
              51.0437627
            ],
            [
              2.2784931,
              51.0437629
            ],
            [
              2.2819467,
              51.0443819
            ],
            [
              2.2823696,
              51.0434236
            ],
            [
              2.2799262,
              51.0429772
            ],
            [
              2.2780379,
              51.0426426
            ],
            [
              2.2747731,
              51.0420969
            ],
            [
              2.2698947,
              51.0412544
            ],
            [
              2.2699505,
              51.0410553
            ],
            [
              2.2701433,
              51.0409336
            ],
            [
              2.2707637,
              51.0401332
            ],
            [
              2.2708442,
              51.0395692
            ],
            [
              2.2707208,
              51.0393371
            ],
            [
              2.2705706,
              51.0389182
            ],
            [
              2.2691952,
              51.0379164
            ],
            [
              2.2687467,
              51.0370582
            ],
            [
              2.2683364,
              51.037054
            ],
            [
              2.2683605,
              51.033587
            ],
            [
              2.2683917,
              51.0312657
            ],
            [
              2.2688456,
              51.0308982
            ],
            [
              2.2688216,
              51.0308395
            ],
            [
              2.2689369,
              51.0307065
            ],
            [
              2.2690049,
              51.0306148
            ],
            [
              2.26873,
              51.0288626
            ],
            [
              2.2685418,
              51.0277708
            ],
            [
              2.2683055,
              51.0277835
            ],
            [
              2.2680929,
              51.0276404
            ],
            [
              2.2678629,
              51.0262185
            ],
            [
              2.267646,
              51.0260102
            ],
            [
              2.2676372,
              51.0259384
            ],
            [
              2.2675509,
              51.0252817
            ],
            [
              2.2674482,
              51.0247018
            ],
            [
              2.2674248,
              51.0245881
            ],
            [
              2.2674052,
              51.0244926
            ],
            [
              2.2674382,
              51.0244179
            ],
            [
              2.2675133,
              51.0242829
            ],
            [
              2.2675447,
              51.0242159
            ],
            [
              2.2674696,
              51.0237604
            ],
            [
              2.2674213,
              51.0234027
            ],
            [
              2.2672719,
              51.0224777
            ],
            [
              2.2672068,
              51.0220564
            ],
            [
              2.2671478,
              51.0216177
            ],
            [
              2.2700956,
              51.021545
            ],
            [
              2.2727698,
              51.0218521
            ],
            [
              2.2774503,
              51.0222992
            ],
            [
              2.2781423,
              51.0223144
            ],
            [
              2.279364,
              51.0224381
            ],
            [
              2.2837089,
              51.0231562
            ],
            [
              2.2841038,
              51.0232215
            ],
            [
              2.2855529,
              51.023486
            ],
            [
              2.2869879,
              51.0236799
            ],
            [
              2.2870566,
              51.0232536
            ],
            [
              2.2887622,
              51.0234257
            ],
            [
              2.2892147,
              51.0234711
            ],
            [
              2.2920327,
              51.0237374
            ],
            [
              2.2916987,
              51.0242368
            ],
            [
              2.2937018,
              51.0242512
            ],
            [
              2.2937259,
              51.0256481
            ],
            [
              2.2951207,
              51.0256835
            ],
            [
              2.2949597,
              51.0265135
            ],
            [
              2.2949007,
              51.027546
            ],
            [
              2.2948793,
              51.0279694
            ],
            [
              2.2949852,
              51.0287631
            ],
            [
              2.2952373,
              51.0310455
            ],
            [
              2.2952832,
              51.0325211
            ],
            [
              2.2953232,
              51.0334961
            ],
            [
              2.2953741,
              51.0337707
            ],
            [
              2.2954515,
              51.0341885
            ],
            [
              2.2955909,
              51.0349412
            ],
            [
              2.2958904,
              51.0364363
            ],
            [
              2.2960822,
              51.0369203
            ],
            [
              2.2969955,
              51.0375402
            ],
            [
              2.2974823,
              51.0378244
            ],
            [
              2.2986336,
              51.038091
            ],
            [
              2.3027164,
              51.0390746
            ],
            [
              2.3088351,
              51.0405534
            ],
            [
              2.3114121,
              51.0408859
            ],
            [
              2.3140235,
              51.0411065
            ],
            [
              2.3159912,
              51.0360597
            ],
            [
              2.3173033,
              51.0362297
            ],
            [
              2.3177153,
              51.0351084
            ],
            [
              2.3191412,
              51.0353151
            ],
            [
              2.3196148,
              51.0368426
            ],
            [
              2.3195323,
              51.037134
            ],
            [
              2.3203732,
              51.0384571
            ],
            [
              2.3205791,
              51.0384952
            ],
            [
              2.320647,
              51.0386872
            ],
            [
              2.3207704,
              51.0407535
            ],
            [
              2.3212771,
              51.0407503
            ],
            [
              2.321143,
              51.0394197
            ],
            [
              2.320979,
              51.0376767
            ],
            [
              2.3207952,
              51.0367552
            ],
            [
              2.3209244,
              51.0364834
            ],
            [
              2.3213207,
              51.0363911
            ]
          ]
        ]
      },
      "id": "way/42016011"
    },
    {
      "type": "Feature",
      "properties": {
        "@id": "way/174730743",
        "industrial": "refinery",
        "landuse": "industrial",
        "name": "Total Flandres Mardyck"
      },
      "geometry": {
        "type": "Polygon",
        "coordinates": [
          [
            [
              2.2644112,
              51.0108163
            ],
            [
              2.2647849,
              51.0132543
            ],
            [
              2.265026,
              51.0146605
            ],
            [
              2.2655082,
              51.0176647
            ],
            [
              2.2659666,
              51.0205338
            ],
            [
              2.2654624,
              51.0205718
            ],
            [
              2.2654042,
              51.0205525
            ],
            [
              2.2653405,
              51.0205573
            ],
            [
              2.2648814,
              51.0223807
            ],
            [
              2.2653508,
              51.0224376
            ],
            [
              2.2656674,
              51.0243592
            ],
            [
              2.265797,
              51.0252085
            ],
            [
              2.2660097,
              51.0266026
            ],
            [
              2.2658484,
              51.0273609
            ],
            [
              2.2656403,
              51.0276741
            ],
            [
              2.2654357,
              51.0279821
            ],
            [
              2.265273,
              51.0288154
            ],
            [
              2.2649485,
              51.0304778
            ],
            [
              2.2647625,
              51.0306693
            ],
            [
              2.2647539,
              51.0307166
            ],
            [
              2.2647016,
              51.0310033
            ],
            [
              2.2648132,
              51.0311778
            ],
            [
              2.2647849,
              51.0313177
            ],
            [
              2.2645492,
              51.0324862
            ],
            [
              2.2643343,
              51.0328342
            ],
            [
              2.2638176,
              51.0330703
            ],
            [
              2.2632627,
              51.0331275
            ],
            [
              2.2628625,
              51.0331012
            ],
            [
              2.2611292,
              51.0330117
            ],
            [
              2.2583786,
              51.0328728
            ],
            [
              2.2517389,
              51.0317113
            ],
            [
              2.2516823,
              51.0316232
            ],
            [
              2.2515737,
              51.0316004
            ],
            [
              2.2515321,
              51.0316797
            ],
            [
              2.2506898,
              51.0315251
            ],
            [
              2.2501078,
              51.0314265
            ],
            [
              2.2498916,
              51.0313954
            ],
            [
              2.2504167,
              51.0302003
            ],
            [
              2.2545244,
              51.0259924
            ],
            [
              2.2545831,
              51.0251293
            ],
            [
              2.2545428,
              51.0248189
            ],
            [
              2.2545984,
              51.0248162
            ],
            [
              2.2547024,
              51.0248113
            ],
            [
              2.2540158,
              51.0205142
            ],
            [
              2.2540641,
              51.0195845
            ],
            [
              2.2534874,
              51.0159719
            ],
            [
              2.2531856,
              51.0139836
            ],
            [
              2.2548209,
              51.0138506
            ],
            [
              2.2587527,
              51.0135989
            ],
            [
              2.2592357,
              51.0135639
            ],
            [
              2.2591791,
              51.0132113
            ],
            [
              2.2590449,
              51.0132147
            ],
            [
              2.2586389,
              51.0105979
            ],
            [
              2.2588952,
              51.0105808
            ],
            [
              2.260496,
              51.0104741
            ],
            [
              2.2606033,
              51.0110546
            ],
            [
              2.2607618,
              51.0110457
            ],
            [
              2.2608144,
              51.0110427
            ],
            [
              2.2609466,
              51.0110344
            ],
            [
              2.2644112,
              51.0108163
            ]
          ]
        ]
      },
      "id": "way/174730743"
    },
    {
      "type": "Feature",
      "properties": {
        "@id": "way/245618914",
        "landuse": "industrial",
        "source": "cadastre-dgi-fr source : Direction Générale des Impôts - Cadastre. Mise à jour : 2013"
      },
      "geometry": {
        "type": "Polygon",
        "coordinates": [
          [
            [
              2.3891966,
              51.0467233
            ],
            [
              2.3892379,
              51.0467364
            ],
            [
              2.3894176,
              51.0465131
            ],
            [
              2.389291,
              51.0464732
            ],
            [
              2.3892082,
              51.0465778
            ],
            [
              2.3891504,
              51.0465623
            ],
            [
              2.3892166,
              51.0464582
            ],
            [
              2.389239,
              51.0464248
            ],
            [
              2.3893293,
              51.0464488
            ],
            [
              2.3893314,
              51.0464458
            ],
            [
              2.3894154,
              51.0464682
            ],
            [
              2.3894539,
              51.0464785
            ],
            [
              2.3894821,
              51.0464371
            ],
            [
              2.3894837,
              51.0464341
            ],
            [
              2.3896005,
              51.0464655
            ],
            [
              2.3895977,
              51.0464697
            ],
            [
              2.389516,
              51.0465946
            ],
            [
              2.3894871,
              51.0465843
            ],
            [
              2.3894541,
              51.0465735
            ],
            [
              2.3894246,
              51.0466093
            ],
            [
              2.3893644,
              51.0466852
            ],
            [
              2.3893151,
              51.0467475
            ],
            [
              2.3893013,
              51.0467429
            ],
            [
              2.3892929,
              51.0467499
            ],
            [
              2.3892818,
              51.046763
            ],
            [
              2.3892983,
              51.0467682
            ],
            [
              2.3892893,
              51.0467797
            ],
            [
              2.3892596,
              51.0467702
            ],
            [
              2.389236,
              51.0467757
            ],
            [
              2.3892332,
              51.0467774
            ],
            [
              2.3892291,
              51.0467763
            ],
            [
              2.3892151,
              51.0467947
            ],
            [
              2.3892178,
              51.0467959
            ],
            [
              2.3891953,
              51.0468244
            ],
            [
              2.3892428,
              51.0468395
            ],
            [
              2.3892365,
              51.0468477
            ],
            [
              2.389125,
              51.0468117
            ],
            [
              2.3891966,
              51.0467233
            ]
          ]
        ]
      },
      "id": "way/245618914"
    },
    {
      "type": "Feature",
      "properties": {
        "@id": "way/249614175",
        "landuse": "industrial",
        "source": "cadastre-dgi-fr source : Direction Générale des Impôts - Cadastre. Mise à jour : 2013"
      },
      "geometry": {
        "type": "Polygon",
        "coordinates": [
          [
            [
              2.3926982,
              51.0436835
            ],
            [
              2.3927792,
              51.0435536
            ],
            [
              2.392797,
              51.043525
            ],
            [
              2.3930296,
              51.0435829
            ],
            [
              2.3929814,
              51.0436595
            ],
            [
              2.3928485,
              51.0436377
            ],
            [
              2.3928108,
              51.0436374
            ],
            [
              2.3927925,
              51.0436539
            ],
            [
              2.3927869,
              51.0436626
            ],
            [
              2.3927658,
              51.0436973
            ],
            [
              2.3927602,
              51.0436961
            ],
            [
              2.3927349,
              51.0437365
            ],
            [
              2.3927404,
              51.0437371
            ],
            [
              2.3927206,
              51.0437707
            ],
            [
              2.3927178,
              51.0437729
            ],
            [
              2.3926894,
              51.0438213
            ],
            [
              2.3926221,
              51.0438044
            ],
            [
              2.3926672,
              51.0437333
            ],
            [
              2.3926982,
              51.0436835
            ]
          ]
        ]
      },
      "id": "way/249614175"
    },
    {
      "type": "Feature",
      "properties": {
        "@id": "way/253931581",
        "landuse": "industrial",
        "source": "cadastre-dgi-fr source : Direction Générale des Impôts - Cadastre. Mise à jour : 2013"
      },
      "geometry": {
        "type": "Polygon",
        "coordinates": [
          [
            [
              2.3969923,
              51.0452725
            ],
            [
              2.3967582,
              51.0452145
            ],
            [
              2.3967073,
              51.0452019
            ],
            [
              2.3967383,
              51.0451532
            ],
            [
              2.3967594,
              51.0451196
            ],
            [
              2.3967721,
              51.0451017
            ],
            [
              2.3967933,
              51.0450669
            ],
            [
              2.3968041,
              51.0450508
            ],
            [
              2.3968242,
              51.0450193
            ],
            [
              2.3968524,
              51.044974
            ],
            [
              2.3969158,
              51.04499
            ],
            [
              2.3970603,
              51.0450256
            ],
            [
              2.3970265,
              51.0450771
            ],
            [
              2.3969927,
              51.0451298
            ],
            [
              2.3971331,
              51.0451659
            ],
            [
              2.3972377,
              51.0451928
            ],
            [
              2.3970699,
              51.0452476
            ],
            [
              2.3969923,
              51.0452725
            ]
          ]
        ]
      },
      "id": "way/253931581"
    },
    {
      "type": "Feature",
      "properties": {
        "@id": "way/258622944",
        "landuse": "industrial",
        "source": "cadastre-dgi-fr source : Direction Générale des Impôts - Cadastre. Mise à jour : 2014"
      },
      "geometry": {
        "type": "Polygon",
        "coordinates": [
          [
            [
              2.4017684,
              51.044369
            ],
            [
              2.4018582,
              51.0443915
            ],
            [
              2.4019652,
              51.0444184
            ],
            [
              2.4020906,
              51.0444498
            ],
            [
              2.4021167,
              51.0444567
            ],
            [
              2.4021443,
              51.044463
            ],
            [
              2.4023549,
              51.0445163
            ],
            [
              2.4027417,
              51.0446138
            ],
            [
              2.4032855,
              51.0447503
            ],
            [
              2.4032348,
              51.0448298
            ],
            [
              2.4032165,
              51.0448595
            ],
            [
              2.4031333,
              51.0449906
            ],
            [
              2.4031037,
              51.0450382
            ],
            [
              2.4030918,
              51.0450566
            ],
            [
              2.4023889,
              51.0448801
            ],
            [
              2.4019236,
              51.0447631
            ],
            [
              2.4017144,
              51.0447103
            ],
            [
              2.4017243,
              51.044693
            ],
            [
              2.4017623,
              51.0446342
            ],
            [
              2.4017774,
              51.0446376
            ],
            [
              2.4017929,
              51.0446135
            ],
            [
              2.4017778,
              51.0446101
            ],
            [
              2.4018018,
              51.044572
            ],
            [
              2.4017687,
              51.0445634
            ],
            [
              2.4017899,
              51.0445298
            ],
            [
              2.4017806,
              51.0444988
            ],
            [
              2.4016994,
              51.0444782
            ],
            [
              2.4017684,
              51.044369
            ]
          ]
        ]
      },
      "id": "way/258622944"
    },
    {
      "type": "Feature",
      "properties": {
        "@id": "way/262446729",
        "landuse": "industrial",
        "source": "Union européenne - SOeS, CORINE Land Cover, 2006."
      },
      "geometry": {
        "type": "Polygon",
        "coordinates": [
          [
            [
              2.3627642,
              51.0446401
            ],
            [
              2.3579586,
              51.0406909
            ],
            [
              2.3568405,
              51.0412303
            ],
            [
              2.3612365,
              51.0448377
            ],
            [
              2.3611814,
              51.0448706
            ],
            [
              2.3612082,
              51.0449282
            ],
            [
              2.361248,
              51.0449788
            ],
            [
              2.3613112,
              51.0450301
            ],
            [
              2.3613782,
              51.0450699
            ],
            [
              2.3614721,
              51.0451208
            ],
            [
              2.3615063,
              51.0451424
            ],
            [
              2.3615247,
              51.0451631
            ],
            [
              2.3615412,
              51.0451935
            ],
            [
              2.3615446,
              51.0452205
            ],
            [
              2.3615399,
              51.0452393
            ],
            [
              2.3615305,
              51.0452575
            ],
            [
              2.3615127,
              51.0452721
            ],
            [
              2.360567,
              51.045366
            ],
            [
              2.3605432,
              51.045368
            ],
            [
              2.3605307,
              51.0453684
            ],
            [
              2.3605178,
              51.0453672
            ],
            [
              2.3605022,
              51.0453645
            ],
            [
              2.3604889,
              51.0453608
            ],
            [
              2.360478,
              51.0453556
            ],
            [
              2.3604679,
              51.0453492
            ],
            [
              2.36023,
              51.0451474
            ],
            [
              2.358635,
              51.0452991
            ],
            [
              2.3585809,
              51.0453027
            ],
            [
              2.3585321,
              51.0453013
            ],
            [
              2.358484,
              51.0452917
            ],
            [
              2.3584395,
              51.0452765
            ],
            [
              2.3584068,
              51.0452626
            ],
            [
              2.3583707,
              51.0452392
            ],
            [
              2.3542939,
              51.0418662
            ],
            [
              2.3529324,
              51.0425133
            ],
            [
              2.3567952,
              51.0456936
            ],
            [
              2.3568128,
              51.0457245
            ],
            [
              2.3568218,
              51.0457612
            ],
            [
              2.3568121,
              51.0457946
            ],
            [
              2.3567994,
              51.0458269
            ],
            [
              2.3567695,
              51.0458639
            ],
            [
              2.3567316,
              51.0458874
            ],
            [
              2.3566832,
              51.045904
            ],
            [
              2.3566164,
              51.0459168
            ],
            [
              2.3529752,
              51.0462663
            ],
            [
              2.3519858,
              51.0463799
            ],
            [
              2.3511901,
              51.0464575
            ],
            [
              2.3509697,
              51.046451
            ],
            [
              2.3507685,
              51.0464259
            ],
            [
              2.3506205,
              51.0463658
            ],
            [
              2.3468863,
              51.0442261
            ],
            [
              2.3433102,
              51.0421745
            ],
            [
              2.3431049,
              51.0420866
            ],
            [
              2.3429599,
              51.0409564
            ],
            [
              2.3429211,
              51.0406543
            ],
            [
              2.3397077,
              51.0402823
            ],
            [
              2.3381491,
              51.040013
            ],
            [
              2.3374846,
              51.0397437
            ],
            [
              2.3367384,
              51.0394397
            ],
            [
              2.3366787,
              51.0391037
            ],
            [
              2.3375265,
              51.039044
            ],
            [
              2.3405532,
              51.0388441
            ],
            [
              2.3405201,
              51.0387608
            ],
            [
              2.3404861,
              51.0373472
            ],
            [
              2.3425141,
              51.0375955
            ],
            [
              2.3438504,
              51.0377002
            ],
            [
              2.3443342,
              51.0363882
            ],
            [
              2.3447628,
              51.0351797
            ],
            [
              2.3481041,
              51.0355761
            ],
            [
              2.3484246,
              51.0348192
            ],
            [
              2.3493111,
              51.0347578
            ],
            [
              2.3499176,
              51.0345899
            ],
            [
              2.3504453,
              51.0345334
            ],
            [
              2.3509554,
              51.0345085
            ],
            [
              2.3534572,
              51.0343958
            ],
            [
              2.3555747,
              51.0342986
            ],
            [
              2.3568299,
              51.0342487
            ],
            [
              2.3583039,
              51.0346313
            ],
            [
              2.3583133,
              51.0349271
            ],
            [
              2.3592679,
              51.0350791
            ],
            [
              2.3600542,
              51.0352042
            ],
            [
              2.3617862,
              51.0355437
            ],
            [
              2.3621786,
              51.0357304
            ],
            [
              2.3624414,
              51.0360441
            ],
            [
              2.3626192,
              51.0363221
            ],
            [
              2.362722,
              51.0364867
            ],
            [
              2.3627761,
              51.0364694
            ],
            [
              2.3628116,
              51.0364661
            ],
            [
              2.3628494,
              51.0364666
            ],
            [
              2.3628828,
              51.0364716
            ],
            [
              2.362913,
              51.0364816
            ],
            [
              2.3629474,
              51.0365004
            ],
            [
              2.3629695,
              51.03652
            ],
            [
              2.3629872,
              51.0365436
            ],
            [
              2.3635134,
              51.0371569
            ],
            [
              2.3635469,
              51.0371646
            ],
            [
              2.363584,
              51.0371568
            ],
            [
              2.3639508,
              51.0375698
            ],
            [
              2.3636715,
              51.037665
            ],
            [
              2.3634707,
              51.0381603
            ],
            [
              2.3636725,
              51.0383975
            ],
            [
              2.3643402,
              51.0391824
            ],
            [
              2.3665185,
              51.0417429
            ],
            [
              2.3677288,
              51.0431445
            ],
            [
              2.3676925,
              51.0432517
            ],
            [
              2.3676566,
              51.0433383
            ],
            [
              2.3675591,
              51.0436059
            ],
            [
              2.3662674,
              51.0439054
            ],
            [
              2.3656841,
              51.0440403
            ],
            [
              2.365648,
              51.0440458
            ],
            [
              2.3656182,
              51.0440435
            ],
            [
              2.3655854,
              51.044035
            ],
            [
              2.3655528,
              51.0440131
            ],
            [
              2.3620105,
              51.0398618
            ],
            [
              2.3608834,
              51.040239
            ],
            [
              2.3622855,
              51.0418626
            ],
            [
              2.3643429,
              51.0442622
            ],
            [
              2.3643538,
              51.0442777
            ],
            [
              2.3643558,
              51.0442928
            ],
            [
              2.3643536,
              51.0443088
            ],
            [
              2.3643464,
              51.044323
            ],
            [
              2.3643371,
              51.0443344
            ],
            [
              2.3643223,
              51.0443447
            ],
            [
              2.3642978,
              51.044354
            ],
            [
              2.3629315,
              51.0446722
            ],
            [
              2.3627642,
              51.0446401
            ]
          ]
        ]
      },
      "id": "way/262446729"
    },
    {
      "type": "Feature",
      "properties": {
        "@id": "way/401316315",
        "generator:type": "combined_cycle",
        "landuse": "industrial",
        "name": "Centrale Thermique DK6",
        "operator": "Engie",
        "operator:wikidata": "Q13416787",
        "operator:wikipedia": "en:Engie",
        "plant:method": "combustion",
        "plant:output:electricity": "790 MW",
        "plant:source": "gas",
        "power": "plant",
        "ref:EU:ENTSOE_EIC": "17W100P100P0333I;17W100P100P0330O;17W100P100P0332K;17W100P100P0331M",
        "ref:FR:DREAL": "0070.01279",
        "source": "Registre national des installations de production d'électricité et de stockage 2018",
        "wikidata": "Q3011361",
        "wikipedia": "fr:DK6"
      },
      "geometry": {
        "type": "Polygon",
        "coordinates": [
          [
            [
              2.3266038,
              51.0493167
            ],
            [
              2.3239578,
              51.048869
            ],
            [
              2.324788,
              51.0469332
            ],
            [
              2.3248081,
              51.0468818
            ],
            [
              2.3248979,
              51.0468928
            ],
            [
              2.3249838,
              51.0468616
            ],
            [
              2.3250066,
              51.046827
            ],
            [
              2.3251809,
              51.0468548
            ],
            [
              2.3255537,
              51.0460092
            ],
            [
              2.3256597,
              51.0459611
            ],
            [
              2.3271295,
              51.0472427
            ],
            [
              2.3272851,
              51.047413
            ],
            [
              2.3273897,
              51.0475765
            ],
            [
              2.3274702,
              51.0478143
            ],
            [
              2.3274755,
              51.0480301
            ],
            [
              2.3274299,
              51.0482763
            ],
            [
              2.3273253,
              51.0485276
            ],
            [
              2.3271939,
              51.0487822
            ],
            [
              2.3270142,
              51.0489963
            ],
            [
              2.3267513,
              51.049229
            ],
            [
              2.3266038,
              51.0493167
            ]
          ]
        ]
      },
      "id": "way/401316315"
    },
    {
      "type": "Feature",
      "properties": {
        "@id": "way/507991692",
        "landuse": "industrial"
      },
      "geometry": {
        "type": "Polygon",
        "coordinates": [
          [
            [
              2.3625783,
              51.027265
            ],
            [
              2.3611021,
              51.0269001
            ],
            [
              2.3614194,
              51.0263096
            ],
            [
              2.3616689,
              51.0258777
            ],
            [
              2.3617386,
              51.0257494
            ],
            [
              2.3617744,
              51.0257303
            ],
            [
              2.3619033,
              51.0257583
            ],
            [
              2.3620453,
              51.0257971
            ],
            [
              2.36219,
              51.0258295
            ],
            [
              2.3622941,
              51.0258532
            ],
            [
              2.3625901,
              51.0259162
            ],
            [
              2.3627914,
              51.0259614
            ],
            [
              2.362719,
              51.0260513
            ],
            [
              2.3626962,
              51.026096
            ],
            [
              2.3626788,
              51.0261415
            ],
            [
              2.3626734,
              51.0261939
            ],
            [
              2.3627955,
              51.0269015
            ],
            [
              2.3625783,
              51.027265
            ]
          ]
        ]
      },
      "id": "way/507991692"
    },
    {
      "type": "Feature",
      "properties": {
        "@id": "way/538063674",
        "landuse": "industrial",
        "name": "AstraZeneca"
      },
      "geometry": {
        "type": "Polygon",
        "coordinates": [
          [
            [
              2.3438864,
              51.0097815
            ],
            [
              2.3452504,
              51.0097707
            ],
            [
              2.3483089,
              51.010275
            ],
            [
              2.3484966,
              51.0103931
            ],
            [
              2.3486235,
              51.0106339
            ],
            [
              2.3479614,
              51.0119851
            ],
            [
              2.3477573,
              51.0120508
            ],
            [
              2.3434031,
              51.0115546
            ],
            [
              2.3438864,
              51.0097815
            ]
          ]
        ]
      },
      "id": "way/538063674"
    },
    {
      "type": "Feature",
      "properties": {
        "@id": "way/557433703",
        "depot": "bus",
        "industrial": "bus_depot",
        "landuse": "industrial",
        "name": "DK'BUS – STDE"
      },
      "geometry": {
        "type": "Polygon",
        "coordinates": [
          [
            [
              2.3594263,
              51.01789
            ],
            [
              2.3593766,
              51.0179015
            ],
            [
              2.3589993,
              51.0176985
            ],
            [
              2.3589785,
              51.0176873
            ],
            [
              2.3589537,
              51.0176734
            ],
            [
              2.3589023,
              51.0176344
            ],
            [
              2.3588481,
              51.0175768
            ],
            [
              2.3587961,
              51.0175021
            ],
            [
              2.3587587,
              51.0174482
            ],
            [
              2.358625,
              51.0172153
            ],
            [
              2.3585096,
              51.0170309
            ],
            [
              2.3584796,
              51.0169739
            ],
            [
              2.3584997,
              51.0169005
            ],
            [
              2.3588753,
              51.0162008
            ],
            [
              2.3590322,
              51.0161744
            ],
            [
              2.3591588,
              51.0161181
            ],
            [
              2.3595395,
              51.0159205
            ],
            [
              2.3596896,
              51.0159048
            ],
            [
              2.3598091,
              51.015952
            ],
            [
              2.3614154,
              51.0167702
            ],
            [
              2.3618128,
              51.0168856
            ],
            [
              2.3621435,
              51.0167527
            ],
            [
              2.3625409,
              51.0166303
            ],
            [
              2.3626345,
              51.0166369
            ],
            [
              2.3622806,
              51.0173209
            ],
            [
              2.3618575,
              51.0181533
            ],
            [
              2.3609276,
              51.0179675
            ],
            [
              2.3604878,
              51.0178746
            ],
            [
              2.360252,
              51.017828
            ],
            [
              2.3601612,
              51.0178164
            ],
            [
              2.3600596,
              51.0178123
            ],
            [
              2.3599766,
              51.0178131
            ],
            [
              2.3598702,
              51.0178176
            ],
            [
              2.3597722,
              51.0178295
            ],
            [
              2.3596777,
              51.0178419
            ],
            [
              2.3595727,
              51.0178614
            ],
            [
              2.3594263,
              51.01789
            ]
          ]
        ]
      },
      "id": "way/557433703"
    },
    {
      "type": "Feature",
      "properties": {
        "@id": "way/593731685",
        "landuse": "industrial"
      },
      "geometry": {
        "type": "Polygon",
        "coordinates": [
          [
            [
              2.2678139,
              50.9932514
            ],
            [
              2.2679418,
              50.993298
            ],
            [
              2.2689557,
              50.9933537
            ],
            [
              2.2702992,
              50.9933849
            ],
            [
              2.2707793,
              50.9937255
            ],
            [
              2.2695078,
              50.9944819
            ],
            [
              2.268945,
              50.9948208
            ],
            [
              2.268252,
              50.9953279
            ],
            [
              2.2680142,
              50.9955602
            ],
            [
              2.2676012,
              50.9960396
            ],
            [
              2.2671759,
              50.9967253
            ],
            [
              2.2661573,
              50.996643
            ],
            [
              2.2663457,
              50.9952329
            ],
            [
              2.2669549,
              50.9942211
            ],
            [
              2.2676218,
              50.9933197
            ],
            [
              2.2677565,
              50.9932105
            ],
            [
              2.2678139,
              50.9932514
            ]
          ]
        ]
      },
      "id": "way/593731685"
    },
    {
      "type": "Feature",
      "properties": {
        "@id": "way/618045209",
        "landuse": "industrial",
        "name": "MinaKem"
      },
      "geometry": {
        "type": "Polygon",
        "coordinates": [
          [
            [
              2.3413078,
              51.0113623
            ],
            [
              2.3407295,
              51.0113195
            ],
            [
              2.3406284,
              51.011312
            ],
            [
              2.3407102,
              51.0111103
            ],
            [
              2.340332,
              51.0109719
            ],
            [
              2.3403145,
              51.010899
            ],
            [
              2.3392364,
              51.010667
            ],
            [
              2.3378026,
              51.010502
            ],
            [
              2.3376818,
              51.0104286
            ],
            [
              2.3373546,
              51.0100575
            ],
            [
              2.3379073,
              51.0097349
            ],
            [
              2.3379604,
              51.0095056
            ],
            [
              2.3382009,
              51.0085154
            ],
            [
              2.3422068,
              51.009124
            ],
            [
              2.3426333,
              51.0092742
            ],
            [
              2.3439771,
              51.0094798
            ],
            [
              2.3438864,
              51.0097815
            ],
            [
              2.3434031,
              51.0115546
            ],
            [
              2.3413078,
              51.0113623
            ]
          ]
        ]
      },
      "id": "way/618045209"
    },
    {
      "type": "Feature",
      "properties": {
        "@id": "way/618631512",
        "landuse": "industrial",
        "name": "IMERYS Aluminates"
      },
      "geometry": {
        "type": "Polygon",
        "coordinates": [
          [
            [
              2.2582726,
              51.0358793
            ],
            [
              2.2569774,
              51.0356931
            ],
            [
              2.2525974,
              51.034934
            ],
            [
              2.2489923,
              51.0343091
            ],
            [
              2.2484878,
              51.0342217
            ],
            [
              2.249625,
              51.031624
            ],
            [
              2.2584597,
              51.0331446
            ],
            [
              2.2585742,
              51.0331643
            ],
            [
              2.2586758,
              51.0331817
            ],
            [
              2.25945,
              51.033315
            ],
            [
              2.2592622,
              51.033757
            ],
            [
              2.2592436,
              51.0340436
            ],
            [
              2.258447,
              51.0350579
            ],
            [
              2.2586187,
              51.0352744
            ],
            [
              2.25827,
              51.0355537
            ],
            [
              2.2584256,
              51.0356792
            ],
            [
              2.2582726,
              51.0358793
            ]
          ]
        ]
      },
      "id": "way/618631512"
    },
    {
      "type": "Feature",
      "properties": {
        "@id": "way/618631513",
        "landuse": "industrial"
      },
      "geometry": {
        "type": "Polygon",
        "coordinates": [
          [
            [
              2.2429718,
              51.0327373
            ],
            [
              2.242237,
              51.0344521
            ],
            [
              2.2422149,
              51.0345035
            ],
            [
              2.2419378,
              51.0351502
            ],
            [
              2.2416894,
              51.0350882
            ],
            [
              2.2416303,
              51.0350734
            ],
            [
              2.2415355,
              51.0350498
            ],
            [
              2.241474,
              51.0350344
            ],
            [
              2.2395103,
              51.0345441
            ],
            [
              2.2372812,
              51.0339865
            ],
            [
              2.2370669,
              51.0339341
            ],
            [
              2.238227,
              51.0312588
            ],
            [
              2.241075,
              51.03176
            ],
            [
              2.2432306,
              51.0321394
            ],
            [
              2.2429718,
              51.0327373
            ]
          ]
        ]
      },
      "id": "way/618631513"
    },
    {
      "type": "Feature",
      "properties": {
        "@id": "way/618631515",
        "landuse": "industrial",
        "name": "Ecophos"
      },
      "geometry": {
        "type": "Polygon",
        "coordinates": [
          [
            [
              2.2548209,
              51.0138506
            ],
            [
              2.2542304,
              51.0099543
            ],
            [
              2.254961,
              51.0099106
            ],
            [
              2.2556725,
              51.0098681
            ],
            [
              2.2580283,
              51.0097273
            ],
            [
              2.2581964,
              51.0106259
            ],
            [
              2.2587527,
              51.0135989
            ],
            [
              2.2548209,
              51.0138506
            ]
          ]
        ]
      },
      "id": "way/618631515"
    },
    {
      "type": "Feature",
      "properties": {
        "@id": "way/618631516",
        "landuse": "industrial",
        "name": "Versalis France"
      },
      "geometry": {
        "type": "Polygon",
        "coordinates": [
          [
            [
              2.249845,
              51.0254254
            ],
            [
              2.2506255,
              51.0283253
            ],
            [
              2.2506017,
              51.0283496
            ],
            [
              2.2503639,
              51.0285928
            ],
            [
              2.2488096,
              51.0301826
            ],
            [
              2.2481605,
              51.0316802
            ],
            [
              2.2480735,
              51.031881
            ],
            [
              2.247751,
              51.0326248
            ],
            [
              2.2477205,
              51.0326952
            ],
            [
              2.2473747,
              51.033493
            ],
            [
              2.2429718,
              51.0327373
            ],
            [
              2.2432306,
              51.0321394
            ],
            [
              2.241075,
              51.03176
            ],
            [
              2.238227,
              51.0312588
            ],
            [
              2.238345,
              51.0309982
            ],
            [
              2.2365016,
              51.0306727
            ],
            [
              2.2368326,
              51.0299055
            ],
            [
              2.2384666,
              51.0260822
            ],
            [
              2.2420705,
              51.0258646
            ],
            [
              2.2423149,
              51.0258498
            ],
            [
              2.2426999,
              51.025896
            ],
            [
              2.2438101,
              51.0258595
            ],
            [
              2.2440012,
              51.0257509
            ],
            [
              2.249845,
              51.0254254
            ]
          ]
        ]
      },
      "id": "way/618631516"
    },
    {
      "type": "Feature",
      "properties": {
        "@id": "way/621328609",
        "industrial": "factory",
        "landuse": "industrial",
        "name": "ArcelorMittal Mardyck"
      },
      "geometry": {
        "type": "Polygon",
        "coordinates": [
          [
            [
              2.2882265,
              50.9823829
            ],
            [
              2.2894351,
              50.9831519
            ],
            [
              2.2919878,
              50.9847889
            ],
            [
              2.2936636,
              50.9858542
            ],
            [
              2.2940873,
              50.9861696
            ],
            [
              2.2952762,
              50.9868739
            ],
            [
              2.2959682,
              50.9861682
            ],
            [
              2.2960433,
              50.9861732
            ],
            [
              2.2963437,
              50.9862931
            ],
            [
              2.296631,
              50.986437
            ],
            [
              2.297124,
              50.986662
            ],
            [
              2.297496,
              50.986817
            ],
            [
              2.297524,
              50.986788
            ],
            [
              2.297614,
              50.986822
            ],
            [
              2.297795,
              50.986873
            ],
            [
              2.29834,
              50.987082
            ],
            [
              2.2987685,
              50.9872505
            ],
            [
              2.2980414,
              50.9880379
            ],
            [
              2.2968516,
              50.9891999
            ],
            [
              2.2966927,
              50.9893718
            ],
            [
              2.2956467,
              50.9905778
            ],
            [
              2.2954884,
              50.9907618
            ],
            [
              2.2953111,
              50.9909817
            ],
            [
              2.2947268,
              50.9917077
            ],
            [
              2.2937098,
              50.9930769
            ],
            [
              2.2924831,
              50.9946147
            ],
            [
              2.2919408,
              50.9952871
            ],
            [
              2.2914504,
              50.9958975
            ],
            [
              2.2913194,
              50.9960448
            ],
            [
              2.2908331,
              50.9959133
            ],
            [
              2.2907575,
              50.9959031
            ],
            [
              2.2903892,
              50.9958741
            ],
            [
              2.2900701,
              50.9958151
            ],
            [
              2.2895041,
              50.9956412
            ],
            [
              2.287833,
              50.9949995
            ],
            [
              2.2876262,
              50.9950203
            ],
            [
              2.2873476,
              50.9949811
            ],
            [
              2.287015,
              50.9949406
            ],
            [
              2.2834879,
              50.9939429
            ],
            [
              2.2826953,
              50.9937191
            ],
            [
              2.2815353,
              50.9934365
            ],
            [
              2.2810176,
              50.9933571
            ],
            [
              2.2802344,
              50.9932828
            ],
            [
              2.2800413,
              50.993266
            ],
            [
              2.2800466,
              50.9932271
            ],
            [
              2.279655,
              50.9931934
            ],
            [
              2.2792098,
              50.9931663
            ],
            [
              2.2791776,
              50.993217
            ],
            [
              2.2777024,
              50.9931191
            ],
            [
              2.2765464,
              50.9930499
            ],
            [
              2.2759535,
              50.9929767
            ],
            [
              2.2753233,
              50.9929899
            ],
            [
              2.2739634,
              50.9930296
            ],
            [
              2.2727296,
              50.9929705
            ],
            [
              2.2721207,
              50.9928236
            ],
            [
              2.272125,
              50.9925282
            ],
            [
              2.2711524,
              50.992172
            ],
            [
              2.2706866,
              50.992037
            ],
            [
              2.2703022,
              50.9920487
            ],
            [
              2.2697952,
              50.991885
            ],
            [
              2.2693124,
              50.9917752
            ],
            [
              2.269122,
              50.9917516
            ],
            [
              2.269004,
              50.991782
            ],
            [
              2.2689208,
              50.9918225
            ],
            [
              2.2688886,
              50.9918664
            ],
            [
              2.2686312,
              50.9917617
            ],
            [
              2.2692829,
              50.991105
            ],
            [
              2.2691274,
              50.9910358
            ],
            [
              2.2704946,
              50.9897374
            ],
            [
              2.2709727,
              50.9892824
            ],
            [
              2.271143,
              50.9891339
            ],
            [
              2.2714851,
              50.9887877
            ],
            [
              2.2720553,
              50.9882087
            ],
            [
              2.2739276,
              50.9861982
            ],
            [
              2.2753018,
              50.9847279
            ],
            [
              2.2763506,
              50.9835965
            ],
            [
              2.2776984,
              50.9821494
            ],
            [
              2.2779514,
              50.9818796
            ],
            [
              2.2790282,
              50.9807195
            ],
            [
              2.2796208,
              50.9800794
            ],
            [
              2.2801164,
              50.9795413
            ],
            [
              2.2803591,
              50.9792677
            ],
            [
              2.2805631,
              50.9790237
            ],
            [
              2.2806796,
              50.9788705
            ],
            [
              2.2808077,
              50.9786955
            ],
            [
              2.2809724,
              50.9784575
            ],
            [
              2.2811646,
              50.9781502
            ],
            [
              2.2812605,
              50.9779951
            ],
            [
              2.2813436,
              50.9778399
            ],
            [
              2.2814312,
              50.9776714
            ],
            [
              2.281605,
              50.9772944
            ],
            [
              2.2818223,
              50.9773315
            ],
            [
              2.2838205,
              50.9761359
            ],
            [
              2.2839841,
              50.9764348
            ],
            [
              2.284019,
              50.9765159
            ],
            [
              2.2841075,
              50.9768502
            ],
            [
              2.2842974,
              50.9776176
            ],
            [
              2.2843422,
              50.977748
            ],
            [
              2.2843731,
              50.9778153
            ],
            [
              2.2844083,
              50.9778759
            ],
            [
              2.2844626,
              50.977942
            ],
            [
              2.2845422,
              50.9780176
            ],
            [
              2.2846282,
              50.9780906
            ],
            [
              2.285825,
              50.9788909
            ],
            [
              2.2859533,
              50.9789754
            ],
            [
              2.2860568,
              50.9790695
            ],
            [
              2.28617,
              50.9791708
            ],
            [
              2.2862517,
              50.9792518
            ],
            [
              2.2863051,
              50.9793252
            ],
            [
              2.2864197,
              50.9795064
            ],
            [
              2.2864676,
              50.9795966
            ],
            [
              2.2865149,
              50.9796989
            ],
            [
              2.2869379,
              50.9806891
            ],
            [
              2.2870221,
              50.9808753
            ],
            [
              2.2872102,
              50.9812356
            ],
            [
              2.287318,
              50.9814187
            ],
            [
              2.2874147,
              50.9815712
            ],
            [
              2.2875706,
              50.981772
            ],
            [
              2.2877336,
              50.9819539
            ],
            [
              2.2879995,
              50.9821986
            ],
            [
              2.2882265,
              50.9823829
            ]
          ]
        ]
      },
      "id": "way/621328609"
    },
    {
      "type": "Feature",
      "properties": {
        "@id": "way/733835138",
        "barrier": "fence",
        "fax": "+33 3 28 28 72 72",
        "landuse": "industrial",
        "man_made": "works",
        "name": "Pôle de Valorisation des Déchets",
        "operator": "Valnor",
        "phone": "+33 3 28 28 72 70",
        "plant:method": "combustion",
        "plant:output:electricity": "5.6 MW",
        "plant:output:hot_water": "yes",
        "plant:source": "waste",
        "power": "plant",
        "ref:EU:ENTSOE_EIC": "17W000000056206H",
        "ref:FR:DREAL": "0070.03091",
        "ref:FR:SINOE": "58414",
        "source": "ADEME - SINOE ® - Annuaire 2016 des unités d'incinération des ordures ménagères (UIOM);Registre national des installations de production d'électricité et de stockage 2018",
        "start_date": "2007-09-07"
      },
      "geometry": {
        "type": "Polygon",
        "coordinates": [
          [
            [
              2.3148362,
              51.0010615
            ],
            [
              2.3149955,
              51.0011126
            ],
            [
              2.3174578,
              51.0019029
            ],
            [
              2.3184946,
              51.0007156
            ],
            [
              2.3204864,
              51.0017656
            ],
            [
              2.3189534,
              51.003968
            ],
            [
              2.3179024,
              51.0036445
            ],
            [
              2.3175417,
              51.0035334
            ],
            [
              2.3174071,
              51.003492
            ],
            [
              2.3174527,
              51.0034498
            ],
            [
              2.3173901,
              51.0034312
            ],
            [
              2.3173562,
              51.0034211
            ],
            [
              2.3172355,
              51.0033553
            ],
            [
              2.3172811,
              51.0033064
            ],
            [
              2.3171657,
              51.0032726
            ],
            [
              2.3171261,
              51.0033192
            ],
            [
              2.3170485,
              51.0034048
            ],
            [
              2.3162216,
              51.0031207
            ],
            [
              2.3146699,
              51.0025781
            ],
            [
              2.3147906,
              51.002443
            ],
            [
              2.3147142,
              51.0023553
            ],
            [
              2.3146485,
              51.0022683
            ],
            [
              2.314576,
              51.002162
            ],
            [
              2.3146874,
              51.0021173
            ],
            [
              2.3146391,
              51.0019628
            ],
            [
              2.314623,
              51.0019037
            ],
            [
              2.3146136,
              51.0017198
            ],
            [
              2.314505,
              51.0016776
            ],
            [
              2.3145291,
              51.0015645
            ],
            [
              2.3143521,
              51.0015062
            ],
            [
              2.3147035,
              51.0010961
            ],
            [
              2.314733,
              51.0010716
            ],
            [
              2.3147665,
              51.0010606
            ],
            [
              2.3148362,
              51.0010615
            ]
          ]
        ]
      },
      "id": "way/733835138"
    },
    {
      "type": "Feature",
      "properties": {
        "@id": "way/757271245",
        "barrier": "fence",
        "industrial": "gas",
        "landuse": "industrial",
        "pipeline": "substation",
        "substance": "gas"
      },
      "geometry": {
        "type": "Polygon",
        "coordinates": [
          [
            [
              2.2493944,
              51.0404849
            ],
            [
              2.2493784,
              51.0405205
            ],
            [
              2.2496561,
              51.0405697
            ],
            [
              2.2495782,
              51.0407435
            ],
            [
              2.2489103,
              51.0406251
            ],
            [
              2.2490041,
              51.0404157
            ],
            [
              2.2493196,
              51.0404716
            ],
            [
              2.2493944,
              51.0404849
            ]
          ]
        ]
      },
      "id": "way/757271245"
    },
    {
      "type": "Feature",
      "properties": {
        "@id": "way/911991511",
        "landuse": "industrial"
      },
      "geometry": {
        "type": "Polygon",
        "coordinates": [
          [
            [
              2.3715907,
              51.0291408
            ],
            [
              2.3709092,
              51.0290743
            ],
            [
              2.3696102,
              51.0287192
            ],
            [
              2.3701474,
              51.0279475
            ],
            [
              2.3704612,
              51.0273824
            ],
            [
              2.3723978,
              51.0275342
            ],
            [
              2.3722328,
              51.0279112
            ],
            [
              2.3715907,
              51.0291408
            ]
          ]
        ]
      },
      "id": "way/911991511"
    },
    {
      "type": "Feature",
      "properties": {
        "@id": "way/1011425778",
        "landuse": "industrial",
        "source": "Union européenne - SOeS, CORINE Land Cover, 2006."
      },
      "geometry": {
        "type": "Polygon",
        "coordinates": [
          [
            [
              2.3149216,
              51.0320873
            ],
            [
              2.315108,
              51.0321307
            ],
            [
              2.3152278,
              51.0321158
            ],
            [
              2.3153424,
              51.0320756
            ],
            [
              2.3155433,
              51.0319942
            ],
            [
              2.3158488,
              51.0318323
            ],
            [
              2.3157977,
              51.0317787
            ],
            [
              2.3157779,
              51.031693
            ],
            [
              2.3158239,
              51.03162
            ],
            [
              2.31602,
              51.0314146
            ],
            [
              2.3160829,
              51.0313487
            ],
            [
              2.316273,
              51.0311497
            ],
            [
              2.3163028,
              51.0311185
            ],
            [
              2.3163549,
              51.0310546
            ],
            [
              2.3163848,
              51.0309582
            ],
            [
              2.3164135,
              51.0308602
            ],
            [
              2.3164461,
              51.0307498
            ],
            [
              2.3164777,
              51.0306407
            ],
            [
              2.3165093,
              51.0305333
            ],
            [
              2.3165412,
              51.0304249
            ],
            [
              2.3166076,
              51.0301991
            ],
            [
              2.3166843,
              51.0299371
            ],
            [
              2.3166763,
              51.0299338
            ],
            [
              2.3166317,
              51.0299147
            ],
            [
              2.3166251,
              51.0299119
            ],
            [
              2.316767,
              51.0297644
            ],
            [
              2.3168245,
              51.0297046
            ],
            [
              2.3168485,
              51.0296797
            ],
            [
              2.3168962,
              51.0296301
            ],
            [
              2.3169127,
              51.0296131
            ],
            [
              2.3169524,
              51.0295754
            ],
            [
              2.3169904,
              51.0295392
            ],
            [
              2.3170087,
              51.0295217
            ],
            [
              2.3170315,
              51.0295002
            ],
            [
              2.3170747,
              51.0294589
            ],
            [
              2.3171565,
              51.029381
            ],
            [
              2.3171711,
              51.0293672
            ],
            [
              2.3172344,
              51.029307
            ],
            [
              2.3172523,
              51.0292899
            ],
            [
              2.3173406,
              51.0291993
            ],
            [
              2.3178054,
              51.0287068
            ],
            [
              2.3188426,
              51.0289966
            ],
            [
              2.3190493,
              51.0290516
            ],
            [
              2.3191516,
              51.0290666
            ],
            [
              2.3201525,
              51.0293458
            ],
            [
              2.3209313,
              51.0296656
            ],
            [
              2.3216738,
              51.0308943
            ],
            [
              2.3220323,
              51.0314875
            ],
            [
              2.3217879,
              51.0316348
            ],
            [
              2.3214655,
              51.0318291
            ],
            [
              2.3209987,
              51.0321104
            ],
            [
              2.3210847,
              51.0323204
            ],
            [
              2.3217418,
              51.0339236
            ],
            [
              2.321533,
              51.0340149
            ],
            [
              2.3211734,
              51.034172
            ],
            [
              2.3210551,
              51.0342237
            ],
            [
              2.3199602,
              51.033948
            ],
            [
              2.3191118,
              51.0320594
            ],
            [
              2.3187217,
              51.0321127
            ],
            [
              2.318668,
              51.0321132
            ],
            [
              2.3185305,
              51.0321144
            ],
            [
              2.3173762,
              51.0321246
            ],
            [
              2.3163997,
              51.0321333
            ],
            [
              2.3156779,
              51.0321397
            ],
            [
              2.3154696,
              51.0322283
            ],
            [
              2.3153579,
              51.0322035
            ],
            [
              2.3152605,
              51.0322593
            ],
            [
              2.3152096,
              51.0322331
            ],
            [
              2.3149216,
              51.0320873
            ]
          ]
        ]
      },
      "id": "way/1011425778"
    },
    {
      "type": "Feature",
      "properties": {
        "@id": "way/1081277435",
        "barrier": "fence",
        "landuse": "industrial",
        "name": "Stockage de Fortelet",
        "operator": "TotalEnergies",
        "plant:output:electricity": "55 MW",
        "plant:source": "battery",
        "power": "plant",
        "ref:EU:ENTSOE_EIC": "17W0000013391684;17W0000013391668",
        "source": "Registre national des installations de production d'électricité et de stockage 2022",
        "start_date": "2021-01-15"
      },
      "geometry": {
        "type": "Polygon",
        "coordinates": [
          [
            [
              2.2632687,
              51.0145336
            ],
            [
              2.2631954,
              51.0145381
            ],
            [
              2.2632126,
              51.0146504
            ],
            [
              2.2620861,
              51.0147186
            ],
            [
              2.2619913,
              51.014099
            ],
            [
              2.2631911,
              51.0140264
            ],
            [
              2.2632687,
              51.0145336
            ]
          ]
        ]
      },
      "id": "way/1081277435"
    },
    {
      "type": "Feature",
      "properties": {
        "@id": "way/1149523338",
        "industrial": "oil",
        "landuse": "industrial",
        "name": "Dépôts de Pétrole Côtiers"
      },
      "geometry": {
        "type": "Polygon",
        "coordinates": [
          [
            [
              2.3480469,
              51.0383598
            ],
            [
              2.3478806,
              51.0383844
            ],
            [
              2.3478016,
              51.0383974
            ],
            [
              2.347165,
              51.038567
            ],
            [
              2.347091,
              51.0385317
            ],
            [
              2.3471389,
              51.0384595
            ],
            [
              2.3471889,
              51.0383833
            ],
            [
              2.3472086,
              51.0383391
            ],
            [
              2.347612,
              51.037249
            ],
            [
              2.347626,
              51.037216
            ],
            [
              2.347698,
              51.037
            ],
            [
              2.347768,
              51.03681
            ],
            [
              2.348066,
              51.036004
            ],
            [
              2.348074,
              51.035984
            ],
            [
              2.348081,
              51.035965
            ],
            [
              2.348148,
              51.035783
            ],
            [
              2.348224,
              51.035794
            ],
            [
              2.348306,
              51.035806
            ],
            [
              2.3515491,
              51.0362749
            ],
            [
              2.3516086,
              51.0362806
            ],
            [
              2.3566328,
              51.0360235
            ],
            [
              2.3568006,
              51.0368255
            ],
            [
              2.3568929,
              51.0370823
            ],
            [
              2.348012,
              51.038267
            ],
            [
              2.3480469,
              51.0383598
            ]
          ]
        ]
      },
      "id": "way/1149523338"
    },
    {
      "type": "Feature",
      "properties": {
        "@id": "way/1178532837",
        "landuse": "industrial"
      },
      "geometry": {
        "type": "Polygon",
        "coordinates": [
          [
            [
              2.3231108,
              51.003768
            ],
            [
              2.3231574,
              51.0036782
            ],
            [
              2.3236251,
              51.0037699
            ],
            [
              2.3238626,
              51.0032903
            ],
            [
              2.3233948,
              51.0031986
            ],
            [
              2.3234544,
              51.0030704
            ],
            [
              2.3239059,
              51.0029171
            ],
            [
              2.3248997,
              51.0031336
            ],
            [
              2.3260512,
              51.0034546
            ],
            [
              2.3264444,
              51.003676
            ],
            [
              2.3265218,
              51.0041219
            ],
            [
              2.3262059,
              51.0047545
            ],
            [
              2.3241449,
              51.0043497
            ],
            [
              2.3242977,
              51.0040203
            ],
            [
              2.3231108,
              51.003768
            ]
          ]
        ]
      },
      "id": "way/1178532837"
    },
    {
      "type": "Feature",
      "properties": {
        "@id": "way/1205420805",
        "landuse": "industrial"
      },
      "geometry": {
        "type": "Polygon",
        "coordinates": [
          [
            [
              2.3025684,
              51.0331666
            ],
            [
              2.3025709,
              51.0333004
            ],
            [
              2.302569,
              51.0333602
            ],
            [
              2.3025547,
              51.0335779
            ],
            [
              2.3016503,
              51.0335418
            ],
            [
              2.3009451,
              51.0335141
            ],
            [
              2.3009025,
              51.0334841
            ],
            [
              2.30084,
              51.0334716
            ],
            [
              2.3008233,
              51.0334391
            ],
            [
              2.3008141,
              51.0333777
            ],
            [
              2.3008294,
              51.033327
            ],
            [
              2.3008705,
              51.0332723
            ],
            [
              2.3009467,
              51.0331708
            ],
            [
              2.3009406,
              51.0331143
            ],
            [
              2.301969,
              51.0331373
            ],
            [
              2.3020774,
              51.0331406
            ],
            [
              2.3025467,
              51.0331524
            ],
            [
              2.302546,
              51.0331662
            ],
            [
              2.3025684,
              51.0331666
            ]
          ]
        ]
      },
      "id": "way/1205420805"
    },
    {
      "type": "Feature",
      "properties": {
        "@id": "way/1205420806",
        "landuse": "industrial"
      },
      "geometry": {
        "type": "Polygon",
        "coordinates": [
          [
            [
              2.3032167,
              51.0336043
            ],
            [
              2.3027895,
              51.0335873
            ],
            [
              2.3027971,
              51.033473
            ],
            [
              2.3028016,
              51.0334232
            ],
            [
              2.3028047,
              51.0334069
            ],
            [
              2.3028154,
              51.0331559
            ],
            [
              2.3030523,
              51.0331587
            ],
            [
              2.3030515,
              51.033185
            ],
            [
              2.3030002,
              51.0331843
            ],
            [
              2.3029972,
              51.0332631
            ],
            [
              2.3031703,
              51.0332683
            ],
            [
              2.3031682,
              51.0333232
            ],
            [
              2.3032394,
              51.0333242
            ],
            [
              2.3032167,
              51.0336043
            ]
          ]
        ]
      },
      "id": "way/1205420806"
    },
    {
      "type": "Feature",
      "properties": {
        "@id": "way/1205424170",
        "landuse": "industrial"
      },
      "geometry": {
        "type": "Polygon",
        "coordinates": [
          [
            [
              2.3007514,
              51.0335065
            ],
            [
              2.3006834,
              51.0335038
            ],
            [
              2.2999596,
              51.0334826
            ],
            [
              2.300005,
              51.0332546
            ],
            [
              2.3000324,
              51.0331166
            ],
            [
              2.3000378,
              51.0330896
            ],
            [
              2.3000416,
              51.0330703
            ],
            [
              2.3000506,
              51.0330413
            ],
            [
              2.3001332,
              51.0330568
            ],
            [
              2.3002225,
              51.0330751
            ],
            [
              2.3002895,
              51.0330864
            ],
            [
              2.3005446,
              51.0331029
            ],
            [
              2.3006541,
              51.033105
            ],
            [
              2.3007813,
              51.033108
            ],
            [
              2.3007801,
              51.0331283
            ],
            [
              2.3007514,
              51.0335065
            ]
          ]
        ]
      },
      "id": "way/1205424170"
    },
    {
      "type": "Feature",
      "properties": {
        "@id": "way/1280908133",
        "landuse": "industrial"
      },
      "geometry": {
        "type": "Polygon",
        "coordinates": [
          [
            [
              2.3290188,
              51.0104001
            ],
            [
              2.329451,
              51.0098347
            ],
            [
              2.3306661,
              51.0101293
            ],
            [
              2.3309543,
              51.0102248
            ],
            [
              2.3313201,
              51.0109165
            ],
            [
              2.3312225,
              51.0112844
            ],
            [
              2.3307618,
              51.0111646
            ],
            [
              2.3309012,
              51.011
            ],
            [
              2.330632,
              51.0109415
            ],
            [
              2.330704,
              51.0108461
            ],
            [
              2.3290188,
              51.0104001
            ]
          ]
        ]
      },
      "id": "way/1280908133"
    },
    {
      "type": "Feature",
      "properties": {
        "@id": "way/1388632202",
        "landuse": "industrial",
        "source": "Union européenne - SOeS, CORINE Land Cover, 2006."
      },
      "geometry": {
        "type": "Polygon",
        "coordinates": [
          [
            [
              2.2609574,
              50.9935243
            ],
            [
              2.2613704,
              50.9933926
            ],
            [
              2.2620732,
              50.9932238
            ],
            [
              2.2630066,
              50.9931022
            ],
            [
              2.2637844,
              50.9930752
            ],
            [
              2.2646508,
              50.9931191
            ],
            [
              2.2652596,
              50.9931374
            ],
            [
              2.265265,
              50.993266
            ],
            [
              2.2655044,
              50.9933256
            ],
            [
              2.2653956,
              50.9934519
            ],
            [
              2.2655469,
              50.9935023
            ],
            [
              2.2655349,
              50.9935184
            ],
            [
              2.2653816,
              50.9934693
            ],
            [
              2.2650258,
              50.9939419
            ],
            [
              2.2651852,
              50.9939929
            ],
            [
              2.2651791,
              50.9940058
            ],
            [
              2.2650117,
              50.9939555
            ],
            [
              2.2648489,
              50.9941861
            ],
            [
              2.2650015,
              50.9942317
            ],
            [
              2.2649977,
              50.9942419
            ],
            [
              2.2648388,
              50.9942001
            ],
            [
              2.2646969,
              50.994404
            ],
            [
              2.2648537,
              50.9944493
            ],
            [
              2.2647912,
              50.9945302
            ],
            [
              2.2646576,
              50.9944932
            ],
            [
              2.2643789,
              50.9945228
            ],
            [
              2.2641379,
              50.9949047
            ],
            [
              2.2643032,
              50.9949492
            ],
            [
              2.2642883,
              50.9949697
            ],
            [
              2.2641217,
              50.9949264
            ],
            [
              2.263619,
              50.9957284
            ],
            [
              2.2637649,
              50.9957636
            ],
            [
              2.2637529,
              50.995784
            ],
            [
              2.2636042,
              50.9957553
            ],
            [
              2.2633236,
              50.9962218
            ],
            [
              2.2633987,
              50.9963974
            ],
            [
              2.2635811,
              50.9966472
            ],
            [
              2.263624,
              50.9968093
            ],
            [
              2.2635918,
              50.9970659
            ],
            [
              2.2634845,
              50.9973292
            ],
            [
              2.2630554,
              50.997338
            ],
            [
              2.2626978,
              50.9973834
            ],
            [
              2.2620146,
              50.9972212
            ],
            [
              2.261703,
              50.9971639
            ],
            [
              2.2615761,
              50.997152
            ],
            [
              2.2611134,
              50.9971402
            ],
            [
              2.2605555,
              50.9971267
            ],
            [
              2.2594826,
              50.9969579
            ],
            [
              2.2593829,
              50.9969458
            ],
            [
              2.2589247,
              50.9968903
            ],
            [
              2.2587531,
              50.9968971
            ],
            [
              2.2579913,
              50.9967958
            ],
            [
              2.2578411,
              50.9973562
            ],
            [
              2.2581201,
              50.9974103
            ],
            [
              2.2582058,
              50.9975182
            ],
            [
              2.2582596,
              50.9976939
            ],
            [
              2.2582381,
              50.9980315
            ],
            [
              2.2581415,
              50.998261
            ],
            [
              2.2581308,
              50.9985109
            ],
            [
              2.2583239,
              50.9985379
            ],
            [
              2.2579162,
              50.9999693
            ],
            [
              2.2585841,
              51.0000503
            ],
            [
              2.259016,
              50.9986163
            ],
            [
              2.2607012,
              50.99882
            ],
            [
              2.2599976,
              51.0011441
            ],
            [
              2.2602444,
              51.0011711
            ],
            [
              2.2607057,
              51.0012116
            ],
            [
              2.2604276,
              51.0028489
            ],
            [
              2.2625828,
              51.0035823
            ],
            [
              2.2624645,
              51.0037291
            ],
            [
              2.2606972,
              51.0031781
            ],
            [
              2.2591188,
              51.0026462
            ],
            [
              2.2580874,
              51.0022987
            ],
            [
              2.2581893,
              51.0021974
            ],
            [
              2.2572613,
              51.0018362
            ],
            [
              2.2569019,
              51.0015982
            ],
            [
              2.2565183,
              51.0012184
            ],
            [
              2.2563359,
              51.0008336
            ],
            [
              2.2562675,
              51.0004808
            ],
            [
              2.2563346,
              51.0000934
            ],
            [
              2.2564754,
              50.999625
            ],
            [
              2.2566243,
              50.9991262
            ],
            [
              2.2567704,
              50.9986679
            ],
            [
              2.2570467,
              50.9977437
            ],
            [
              2.2573431,
              50.9967351
            ],
            [
              2.2575255,
              50.9960995
            ],
            [
              2.2576971,
              50.995756
            ],
            [
              2.2578675,
              50.995464
            ],
            [
              2.2582054,
              50.9950504
            ],
            [
              2.2585568,
              50.9947178
            ],
            [
              2.2589645,
              50.9944122
            ],
            [
              2.2594956,
              50.9940965
            ],
            [
              2.2603378,
              50.9937403
            ],
            [
              2.2609574,
              50.9935243
            ]
          ]
        ]
      },
      "id": "way/1388632202"
    },
    {
      "type": "Feature",
      "properties": {
        "@id": "way/1444502225",
        "landuse": "industrial"
      },
      "geometry": {
        "type": "Polygon",
        "coordinates": [
          [
            [
              2.3349173,
              50.9979473
            ],
            [
              2.3339782,
              50.9977578
            ],
            [
              2.3336951,
              50.9983252
            ],
            [
              2.334532,
              50.9985211
            ],
            [
              2.33403,
              50.999505
            ],
            [
              2.3325874,
              50.9995897
            ],
            [
              2.3317441,
              50.9997225
            ],
            [
              2.3300264,
              51.0001156
            ],
            [
              2.3296314,
              51.000133
            ],
            [
              2.3313124,
              50.9977
            ],
            [
              2.3321697,
              50.9968264
            ],
            [
              2.334596,
              50.9950221
            ],
            [
              2.3356813,
              50.995183
            ],
            [
              2.3359094,
              50.9953364
            ],
            [
              2.3350709,
              50.9967214
            ],
            [
              2.3349173,
              50.9979473
            ]
          ]
        ]
      },
      "id": "way/1444502225"
    },
    {
      "type": "Feature",
      "properties": {
        "@id": "way/1447361241",
        "landuse": "industrial",
        "operator": "Air Liquide",
        "operator:wikidata": "Q407448",
        "pipeline": "substation"
      },
      "geometry": {
        "type": "Polygon",
        "coordinates": [
          [
            [
              2.2684135,
              50.9926807
            ],
            [
              2.2684264,
              50.9926041
            ],
            [
              2.2685728,
              50.9926105
            ],
            [
              2.2685637,
              50.9926891
            ],
            [
              2.2684135,
              50.9926807
            ]
          ]
        ]
      },
      "id": "way/1447361241"
    }
  ]
}